Rk,Player,Nation,Pos,Squad,Age,Born,90s,Touches,Def Pen,Def 3rd,Mid 3rd,Att 3rd,Att Pen,Live,Att,Succ,Succ%,Tkld,Tkld%,Carries,TotDist,PrgDist,PrgC,1/3,CPA,Mis,Dis,Rec,PrgR,Matches
1,Max Aarons,eng ENG,"DF,MF",Valencia,24,2000,1.3,85,1,21,28,36,0,85,4,1,25,2,50,46,215,103,0,3,0,3,1,49,10,Matches
2,Rodrigo Abajas,es ESP,DF,Valencia,21,2003,0.7,36,1,8,19,9,1,36,1,1,100,0,0,13,101,67,3,2,1,0,2,16,3,Matches
3,Abel,es ESP,DF,Osasuna,23,2000,23,1322,65,370,605,357,19,1322,35,18,51.4,13,37.1,605,3269,1792,50,44,7,27,18,683,92,Matches
4,Nabil Aberdin,fr FRA,MF,Getafe,21,2002,2.9,87,6,21,56,10,2,87,3,2,66.7,1,33.3,34,148,74,2,0,0,1,1,36,2,Matches
5,Abdel Abqar,ma MAR,DF,Alavés,25,1999,27.4,1251,160,659,545,58,25,1251,4,3,75,1,25,632,3531,2013,16,7,0,18,3,650,4,Matches
6,Akor Adams,ng NGA,FW,Sevilla,24,2000,1.5,34,1,4,18,12,1,34,1,1,100,0,0,5,18,0,0,0,0,2,0,20,5,Matches
7,Adrián,es ESP,GK,Betis,37,1987,19,658,568,657,1,0,0,658,0,0,,0,,390,1788,1161,0,0,0,1,0,299,0,Matches
8,Julen Agirrezabala,es ESP,GK,Athletic Club,23,2000,13.4,437,357,436,1,0,0,437,0,0,,0,,237,1238,682,0,0,0,1,0,211,0,Matches
9,Lucien Agoume,fr FRA,MF,Sevilla,22,2002,23.5,1481,65,386,867,248,19,1481,30,22,73.3,7,23.3,689,3227,1597,29,23,2,26,13,928,23,Matches
10,Álvaro Aguado,es ESP,MF,Espanyol,28,1996,4.9,303,7,68,161,78,6,303,8,5,62.5,2,25,175,1443,753,15,10,4,9,4,189,4,Matches
11,Lorenzo Aguado,es ESP,DF,Real Madrid,21,2002,0.1,3,0,3,0,0,0,3,0,0,,0,,1,2,0,0,0,0,0,1,1,0,Matches
12,Nayef Aguerd,ma MAR,DF,Real Sociedad,28,1996,19.6,1594,132,729,815,53,16,1594,10,5,50,2,20,1019,6113,3798,26,18,0,7,3,1138,1,Matches
13,Joseph Aidoo,gh GHA,DF,Valladolid,28,1995,6.5,431,61,265,168,2,1,431,1,1,100,0,0,259,1248,678,1,0,0,0,1,320,0,Matches
14,Joseph Aidoo,gh GHA,DF,Celta Vigo,28,1995,0,8,0,4,4,0,0,8,0,0,,0,,7,9,8,0,0,0,0,1,6,0,Matches
15,Ilias Akhomach,ma MAR,"MF,FW",Villarreal,20,2004,6.5,293,8,44,89,163,29,293,43,19,44.2,17,39.5,200,1310,759,30,18,20,15,10,209,64,Matches
16,David Alaba,at AUT,DF,Real Madrid,32,1992,3.5,247,36,137,100,11,2,247,0,0,,0,,180,934,482,2,1,0,1,0,199,4,Matches
17,Ibrahim Alani,ng NGA,MF,Valladolid,18,2006,1.8,113,8,36,74,4,0,113,1,1,100,0,0,54,305,130,2,0,0,1,2,65,1,Matches
18,Raúl Albiol,es ESP,DF,Villarreal,38,1985,13.2,915,157,533,369,14,3,915,0,0,,0,,514,2346,1226,3,1,0,3,1,652,0,Matches
19,Omar Alderete,py PAR,DF,Getafe,27,1996,33,1585,192,681,796,122,39,1585,28,18,64.3,10,35.7,633,4014,2546,25,20,2,30,9,658,7,Matches
20,Carles Aleñá,es ESP,"MF,FW",Getafe,26,1998,5,163,5,26,84,56,10,163,4,3,75,1,25,88,427,169,3,2,1,3,6,98,10,Matches
21,Carles Aleñá,es ESP,"MF,FW",Alavés,26,1998,12.1,590,2,63,290,243,22,590,24,12,50,5,20.8,330,1428,671,18,25,2,23,14,409,43,Matches
22,Alfon,es ESP,"FW,MF",Celta Vigo,25,1999,15.2,551,2,44,139,374,114,551,63,25,39.7,31,49.2,374,2856,1693,89,39,47,29,20,428,170,Matches
23,Tadeo Allende,ar ARG,FW,Celta Vigo,25,1999,0,4,1,1,3,0,0,4,1,0,0,1,100,3,13,4,0,0,0,0,0,3,0,Matches
24,Domingos André Ribeiro Almeida,pt POR,"MF,FW",Valencia,24,2000,22,1162,15,150,596,428,43,1162,54,22,40.7,22,40.7,676,3596,1810,45,48,11,37,38,836,77,Matches
25,Iker Almena,es ESP,"FW,DF",Girona,20,2004,0.5,39,2,4,6,30,1,39,3,2,66.7,1,33.3,32,233,152,6,3,1,1,0,31,10,Matches
26,Marcos Alonso,es ESP,DF,Celta Vigo,33,1990,29.4,2683,211,1022,1399,298,35,2680,25,16,64,8,32,1733,10524,6481,64,48,2,20,9,1901,49,Matches
27,Adrià Altimira,es ESP,"DF,FW",Leganés,23,2001,18.1,826,57,248,380,209,8,826,31,10,32.3,12,38.7,370,1917,1049,23,23,4,28,7,432,69,Matches
28,Sergi Altimira,es ESP,MF,Betis,22,2001,21.9,1521,53,321,940,272,18,1521,24,16,66.7,7,29.2,908,3871,1635,25,14,1,27,21,1064,30,Matches
29,Hugo Álvarez,es ESP,"MF,DF",Celta Vigo,21,2003,17.5,1214,26,262,471,489,82,1214,72,32,44.4,38,52.8,726,3910,2266,74,38,41,33,12,817,171,Matches
30,Julián Álvarez,ar ARG,FW,Atlético Madrid,24,2000,27.9,1238,9,105,501,649,116,1234,65,34,52.3,28,43.1,776,4621,2198,79,51,29,62,40,892,162,Matches
31,Yeray Álvarez,es ESP,DF,Athletic Club,29,1995,19.8,1425,100,554,825,55,14,1425,9,6,66.7,3,33.3,792,4934,3165,19,8,0,11,7,903,0,Matches
32,Selim Amallah,ma MAR,MF,Valladolid,27,1996,15.3,607,7,101,334,184,18,606,68,33,48.5,27,39.7,308,1860,836,24,17,6,35,25,353,27,Matches
33,Amath,sn SEN,"FW,DF",Valladolid,28,1996,4.2,166,4,24,71,73,12,166,16,7,43.8,9,56.3,103,616,318,10,9,4,10,4,119,29,Matches
34,Marcos André,br BRA,FW,Valladolid,27,1996,13.2,372,13,46,208,128,32,372,41,17,41.5,18,43.9,195,1010,345,11,9,5,40,23,255,39,Matches
35,Leandro Antonetti,pr PUR,FW,Sevilla,21,2003,0.3,12,0,2,4,7,0,12,1,0,0,1,100,5,52,43,1,1,0,2,1,8,3,Matches
36,Antoniu,es ESP,"FW,MF",Espanyol,21,2002,11.4,369,10,74,150,158,20,369,54,29,53.7,17,31.5,215,1556,966,35,23,5,27,12,225,63,Matches
37,Antony,br BRA,FW,Betis,24,2000,15.1,982,9,100,315,585,63,982,63,24,38.1,33,52.4,663,4570,2729,94,77,30,53,20,751,157,Matches
38,Anuar,ma MAR,"MF,FW",Valladolid,29,1995,19.1,705,31,214,324,173,28,705,24,7,29.2,12,50,359,2145,834,24,15,6,25,14,430,68,Matches
39,Aritz Arambarri,es ESP,DF,Leganés,26,1998,2,86,12,59,26,1,1,86,0,0,,0,,44,253,137,0,0,0,1,0,48,0,Matches
40,Mauro Arambarri,uy URU,MF,Getafe,28,1995,29.6,1146,45,203,693,264,72,1143,34,18,52.9,12,35.3,534,2364,863,17,8,3,60,29,622,55,Matches
41,Jon Aramburu,ve VEN,DF,Real Sociedad,22,2002,27.3,1887,105,630,936,336,20,1887,37,8,21.6,26,70.3,847,3104,1502,26,20,0,34,12,979,53,Matches
42,Ronald Araújo,uy URU,DF,Barcelona,25,1999,8.4,798,33,227,542,32,9,798,1,0,0,1,100,515,2800,1731,6,4,0,2,1,596,3,Matches
43,Adu Ares,es ESP,FW,Athletic Club,22,2001,0.2,11,0,2,3,6,1,11,1,0,0,1,100,8,44,29,1,1,0,0,2,11,2,Matches
44,Jesús Areso,es ESP,DF,Osasuna,25,1999,34.2,1902,104,423,767,730,23,1902,64,24,37.5,32,50,904,5490,2869,101,66,9,62,29,1075,203,Matches
45,David Argüelles,es ESP,MF,Getafe,22,2002,0.1,7,0,2,2,3,0,7,0,0,,0,,3,30,12,1,0,0,0,0,3,0,Matches
46,José Arnaiz,es ESP,"FW,MF",Osasuna,29,1995,1.5,117,4,17,44,58,11,117,5,1,20,2,40,55,296,171,6,2,3,5,5,59,20,Matches
47,Sergio Arribas,es ESP,DF,Betis,21,2003,1,71,5,24,43,4,0,71,0,0,,0,,33,128,75,0,0,0,0,0,35,4,Matches
48,Takuma Asano,jp JPN,"FW,MF",Mallorca,29,1994,11.7,356,8,53,141,169,53,356,25,6,24,16,64,207,1312,589,28,12,12,27,12,226,76,Matches
49,Raúl Asencio,es ESP,DF,Real Madrid,21,2003,18.6,1149,156,623,501,37,11,1149,9,6,66.7,0,0,720,3559,1874,5,5,1,5,6,807,4,Matches
50,Iago Aspas,es ESP,"FW,MF",Celta Vigo,36,1987,19.4,1038,4,75,510,466,67,1032,27,15,55.6,8,29.6,724,3480,1573,50,39,15,35,20,876,143,Matches
51,Yaser Asprilla,co COL,"FW,MF",Girona,20,2003,15.6,831,11,69,319,453,48,831,64,29,45.3,25,39.1,534,3762,1860,72,37,29,45,17,607,140,Matches
52,Ezequiel Ávila,ar ARG,FW,Betis,30,1994,7.5,323,7,34,131,163,34,323,11,5,45.5,5,45.5,173,767,334,12,7,4,23,7,216,48,Matches
53,Adam Aznou,ma MAR,DF,Valladolid,18,2006,9.7,508,39,191,241,89,12,508,41,19,46.3,15,36.6,219,1349,804,16,6,3,28,12,228,26,Matches
54,César Azpilicueta,es ESP,DF,Atlético Madrid,34,1989,9.7,759,41,232,393,137,11,759,2,1,50,1,50,432,1914,1318,13,18,1,8,1,516,20,Matches
55,Papa Ba,es ESP,MF,Girona,19,2004,0.5,20,1,5,10,5,1,20,2,1,50,1,50,9,69,24,1,0,1,1,1,14,2,Matches
56,Loïc Bade,fr FRA,DF,Sevilla,24,2000,29.8,2135,284,1298,799,54,20,2135,22,17,77.3,2,9.1,1173,5710,2853,11,10,1,17,8,1463,6,Matches
57,Alex Baena,es ESP,"MF,FW",Villarreal,23,2001,28.8,1569,23,209,634,762,89,1568,56,21,37.5,27,48.2,895,5493,3201,91,93,15,42,32,1044,154,Matches
58,Juma Bah,sl SLE,DF,Valladolid,18,2006,9.6,523,85,321,194,10,8,523,4,3,75,1,25,265,1091,459,0,1,0,3,5,316,1,Matches
59,Eric Bailly,ci CIV,DF,Villarreal,30,1994,6.9,394,57,196,186,13,5,394,3,3,100,0,0,200,1048,519,1,4,0,6,1,251,0,Matches
60,Stefan Bajcetic,es ESP,"MF,DF",Las Palmas,19,2004,10.8,570,33,148,339,90,6,570,24,11,45.8,9,37.5,238,1175,538,8,9,0,21,6,293,9,Matches
61,Cédric Bakambu,cd COD,FW,Betis,33,1991,7.9,226,6,16,97,115,33,226,7,1,14.3,5,71.4,113,505,274,9,4,7,28,11,157,43,Matches
62,Alejandro Balde,es ESP,DF,Barcelona,20,2003,25.4,1721,38,310,843,596,47,1721,110,46,41.8,44,40,1075,6639,3463,107,68,16,44,27,1245,246,Matches
63,Iván Balliu,al ALB,DF,Rayo Vallecano,32,1992,13.3,762,42,262,340,166,10,762,6,3,50,1,16.7,326,1014,441,8,6,2,12,2,379,21,Matches
64,Jonathan Bamba,ci CIV,"FW,MF",Celta Vigo,28,1996,9,468,7,74,235,170,21,468,38,15,39.5,19,50,307,1885,936,31,15,8,20,13,351,71,Matches
65,Adrian Baquerin,es ESP,FW,Valladolid,17,2007,0.5,18,1,2,8,8,3,18,2,0,0,1,50,10,21,4,0,0,0,1,1,11,0,Matches
66,Valentín Barco,ar ARG,"DF,FW",Sevilla,20,2004,3.2,236,4,45,92,100,3,236,13,3,23.1,9,69.2,124,546,254,4,4,0,6,4,142,13,Matches
67,Borna Barišić,hr CRO,DF,Leganés,31,1992,0.1,4,0,0,2,2,0,4,0,0,,0,,2,6,1,0,0,0,0,0,3,0,Matches
68,Kike Barja,es ESP,"FW,MF",Osasuna,27,1997,3.5,167,1,24,46,98,17,167,16,7,43.8,8,50,102,831,384,22,9,5,16,5,111,39,Matches
69,Enzo Barrenechea,ar ARG,MF,Valencia,23,2001,24.3,1601,68,378,1038,198,14,1601,31,11,35.5,15,48.4,762,3275,1515,21,17,0,23,18,1068,16,Matches
70,Ander Barrenetxea,es ESP,"MF,FW",Real Sociedad,22,2001,14,751,11,102,263,402,63,751,69,26,37.7,40,58,470,2996,1239,43,26,19,47,26,522,152,Matches
71,Pablo Barrios,es ESP,MF,Atlético Madrid,21,2003,25.9,1784,51,415,1001,378,29,1784,42,25,59.5,14,33.3,1119,5204,2315,29,35,6,49,23,1308,69,Matches
72,Thierno Barry,fr FRA,FW,Villarreal,21,2002,25.8,624,22,44,246,346,126,623,50,18,36,25,50,347,2237,1041,44,35,25,86,27,485,124,Matches
73,Marc Bartra,es ESP,DF,Betis,33,1991,23.3,1483,219,862,561,70,18,1483,15,7,46.7,8,53.3,804,3902,2534,7,15,1,12,5,903,1,Matches
74,Aboubacar Bassinga,ci CIV,MF,Las Palmas,19,2005,0,4,0,0,4,0,0,4,0,0,,0,,3,11,4,0,0,0,0,1,3,0,Matches
75,Augusto Batalla,ar ARG,GK,Rayo Vallecano,28,1996,32,1260,1034,1245,15,0,0,1260,6,6,100,0,0,769,3644,2275,0,0,0,1,0,628,0,Matches
76,Rafael Bauza,es ESP,MF,Espanyol,19,2005,2,74,6,22,39,14,1,74,2,1,50,1,50,37,193,102,1,2,0,1,0,42,3,Matches
77,Sheraldo Becker,sr SUR,"FW,MF",Real Sociedad,29,1995,11.1,384,10,41,113,236,36,384,11,4,36.4,4,36.4,242,1882,1038,51,16,14,17,4,300,110,Matches
78,Donny van de Beek,nl NED,MF,Girona,27,1997,15.8,580,14,113,246,230,61,580,13,6,46.2,7,53.8,281,1412,588,17,15,2,13,15,387,85,Matches
79,Luken Beitia,es ESP,DF,Real Sociedad,20,2004,0.1,7,2,6,1,0,0,7,0,0,,0,,6,12,1,0,0,0,0,0,5,0,Matches
80,Ismael Bekhoucha,ma MAR,"MF,DF",Getafe,19,2004,0.8,35,7,14,13,9,0,35,3,2,66.7,1,33.3,16,71,35,1,0,0,2,0,16,1,Matches
81,Héctor Bellerín,es ESP,DF,Betis,29,1995,6.4,384,25,122,190,73,11,384,8,6,75,2,25,212,729,344,3,4,0,6,1,242,22,Matches
82,Jude Bellingham,eng ENG,MF,Real Madrid,21,2003,27.6,1881,32,239,910,752,110,1879,75,41,54.7,28,37.3,1229,6054,2818,74,61,14,54,43,1542,143,Matches
83,Fran Beltrán,es ESP,MF,Celta Vigo,25,1999,26.9,1711,58,385,1088,246,14,1711,19,10,52.6,8,42.1,950,4552,2137,28,29,2,23,22,1209,29,Matches
84,Carlos Benavídez,uy URU,MF,Alavés,26,1998,5.4,292,18,83,167,47,2,292,6,4,66.7,1,16.7,147,625,283,4,2,1,5,0,161,5,Matches
85,Iker Benito,es ESP,"FW,MF",Osasuna,21,2002,0.4,18,1,4,11,4,0,18,1,0,0,1,100,8,60,25,2,1,0,1,0,13,4,Matches
86,Yuri Berchiche,es ESP,DF,Athletic Club,34,1990,22.7,1631,74,454,884,305,16,1631,16,6,37.5,8,50,775,3774,2158,43,29,3,18,2,926,66,Matches
87,Álex Berenguer,es ESP,"FW,MF",Athletic Club,29,1995,26,1250,18,98,462,713,86,1249,82,33,40.2,41,50,643,4310,2050,65,40,27,52,50,809,216,Matches
88,Marc Bernal,es ESP,MF,Barcelona,17,2007,2.7,184,4,47,116,21,1,184,3,2,66.7,1,33.3,97,461,150,0,2,0,2,2,137,2,Matches
89,Juan Bernat,es ESP,"DF,MF",Villarreal,31,1993,2.4,160,10,42,63,56,13,160,8,3,37.5,5,62.5,83,347,168,4,3,1,3,2,100,23,Matches
90,Juan Bernat,es ESP,"MF,DF",Getafe,31,1993,7.8,291,12,62,132,103,15,291,23,12,52.2,11,47.8,148,636,190,2,6,2,17,15,158,36,Matches
91,Juan Berrocal,es ESP,DF,Getafe,25,1999,11.8,498,51,246,238,16,8,498,0,0,,0,,196,833,390,1,1,0,3,0,201,1,Matches
92,Antonio Blanco,es ESP,MF,Alavés,24,2000,30.3,1543,63,353,991,216,6,1543,21,15,71.4,6,28.6,762,3175,1407,13,17,0,29,26,889,19,Matches
93,Daley Blind,nl NED,DF,Girona,34,1990,30.9,2860,172,910,1600,364,21,2860,28,15,53.6,11,39.3,1862,10086,5550,71,67,3,16,12,2151,61,Matches
94,Adama Boiro,es ESP,"DF,FW",Athletic Club,22,2002,12.2,627,25,158,309,165,14,627,26,8,30.8,16,61.5,288,1675,890,25,21,5,23,15,332,36,Matches
95,Enzo Boyomo,cm CMR,DF,Osasuna,22,2001,33.2,1723,192,821,850,69,21,1723,16,9,56.3,6,37.5,965,4884,2884,16,6,1,19,10,1064,7,Matches
96,Enzo Boyomo,cm CMR,DF,Valladolid,22,2001,3,215,23,131,79,6,4,215,1,1,100,0,0,128,563,282,1,0,0,0,0,159,0,Matches
97,Darko Brašanac,rs SRB,MF,Leganés,32,1992,18,672,49,169,307,197,28,672,7,2,28.6,5,71.4,268,987,414,6,12,1,16,9,356,53,Matches
98,Tajon Buchanan,ca CAN,MF,Villarreal,25,1999,4.6,223,2,41,69,119,25,223,22,10,45.5,7,31.8,133,973,499,19,9,6,18,7,138,45,Matches
99,Ante Budimir,hr CRO,FW,Osasuna,33,1991,32.8,788,31,52,335,407,170,780,43,10,23.3,29,67.4,380,1566,541,23,15,8,83,44,540,134,Matches
100,Manu Bueno,es ESP,"MF,FW",Sevilla,20,2004,1.6,91,2,15,43,33,2,91,2,1,50,1,50,56,277,121,2,3,0,2,2,74,5,Matches
101,Endika Buján,es ESP,FW,Athletic Club,21,2003,0.1,7,0,0,0,7,2,7,2,1,50,1,50,5,26,13,1,0,0,0,0,5,0,Matches
102,Pau Cabanes,es ESP,"MF,FW",Villarreal,19,2005,1.8,122,2,17,35,71,11,122,12,5,41.7,6,50,74,467,245,10,9,5,8,3,89,33,Matches
103,Pau Cabanes,es ESP,"MF,FW",Alavés,19,2005,2.1,125,1,16,49,63,7,125,13,4,30.8,7,53.8,83,493,309,15,9,3,10,3,82,15,Matches
104,Leandro Cabrera,uy URU,DF,Espanyol,33,1991,31.9,1796,332,1047,681,76,33,1796,2,1,50,1,50,833,3674,2284,9,9,0,9,1,1009,6,Matches
105,Fernando Calero,es ESP,"DF,MF",Espanyol,28,1995,7.9,498,66,288,187,24,2,498,0,0,,0,,236,947,525,0,2,0,6,0,286,2,Matches
106,Eduardo Camavinga,fr FRA,"MF,DF",Real Madrid,21,2002,12.2,957,49,272,494,207,15,957,31,15,48.4,10,32.3,565,3051,1699,26,27,7,7,11,643,31,Matches
107,Sergio Camello,es ESP,FW,Rayo Vallecano,23,2001,12.6,398,17,39,173,196,46,398,23,13,56.5,8,34.8,222,1128,554,20,16,8,38,23,308,68,Matches
108,José Campaña,es ESP,MF,Las Palmas,31,1993,13.2,946,40,224,577,153,5,946,18,8,44.4,8,44.4,478,2164,988,11,12,1,17,15,605,15,Matches
109,Peio Canales,es ESP,"MF,FW",Athletic Club,19,2005,2.9,140,3,14,63,64,3,140,11,5,45.5,5,45.5,74,472,221,6,4,2,4,3,86,11,Matches
110,Antonio Candela,it ITA,DF,Valladolid,24,2000,10.1,528,39,239,216,80,7,528,15,6,40,9,60,261,1618,841,16,8,1,8,5,332,29,Matches
111,Sergi Canós,es ESP,"MF,FW",Valencia,27,1997,4.1,231,6,34,76,122,20,231,13,1,7.7,12,92.3,124,540,279,7,6,4,13,5,164,47,Matches
112,Dani Cárdenas,es ESP,GK,Rayo Vallecano,27,1997,6,190,165,189,1,0,0,190,0,0,,0,,95,468,246,0,0,0,0,0,71,0,Matches
113,Irvin Cardona,fr FRA,"FW,MF",Espanyol,26,1997,6.7,246,7,27,98,123,23,246,13,3,23.1,8,61.5,114,874,460,14,14,6,22,4,167,43,Matches
114,Marc Cardona,es ESP,"FW,DF",Las Palmas,29,1995,1.5,73,0,16,34,23,6,73,7,1,14.3,6,85.7,45,151,55,2,0,0,2,4,53,12,Matches
115,Sergi Cardona,es ESP,DF,Villarreal,25,1999,32.7,1842,131,711,632,506,63,1842,30,10,33.3,16,53.3,813,3721,2057,52,34,10,24,11,952,198,Matches
116,Johnny Cardoso,us USA,MF,Betis,22,2001,23.8,1427,91,397,846,201,26,1427,42,26,61.9,15,35.7,752,3374,1557,19,16,1,36,23,890,28,Matches
117,José Carlos González,es ESP,DF,Las Palmas,18,2006,0.1,9,0,1,5,3,0,9,0,0,,0,,4,17,8,0,0,0,0,0,7,1,Matches
118,Carmona,es ESP,DF,Sevilla,22,2002,32.7,2192,111,726,1149,346,20,2192,50,19,38,25,50,894,4958,2754,45,25,8,37,18,1138,57,Matches
119,Sergio Carreira,es ESP,"MF,DF",Celta Vigo,23,2000,18.4,1057,36,277,408,380,52,1057,30,14,46.7,13,43.3,571,3064,1421,39,22,16,16,14,672,140,Matches
120,Dani Carvajal,es ESP,DF,Real Madrid,32,1992,6.8,532,26,126,232,176,12,532,5,2,40,3,60,278,1288,513,13,5,0,8,6,376,48,Matches
121,William Carvalho,pt POR,MF,Betis,32,1992,5.4,432,11,94,255,87,6,432,5,3,60,1,20,294,1213,592,5,9,0,6,6,342,10,Matches
122,Marc Casado,es ESP,MF,Barcelona,20,2003,17.9,1536,25,223,1040,276,9,1536,9,4,44.4,4,44.4,870,3523,1540,12,22,0,17,9,1172,24,Matches
123,Catena,es ESP,DF,Osasuna,29,1994,34.2,1905,287,988,864,65,40,1905,11,8,72.7,2,18.2,984,4590,2558,9,3,0,11,1,1101,4,Matches
124,Maximiliano Caufriez,be BEL,DF,Valencia,27,1997,1,23,6,17,6,0,0,23,0,0,,0,,8,68,3,0,0,0,0,0,10,0,Matches
125,Dani Ceballos,es ESP,MF,Real Madrid,27,1996,13.5,1473,35,267,940,277,9,1473,15,8,53.3,3,20,999,5186,2951,42,30,2,11,7,1206,17,Matches
126,Franco Cervi,ar ARG,"FW,MF",Celta Vigo,30,1994,3,160,4,37,78,45,1,160,2,1,50,1,50,82,404,173,3,2,0,3,2,95,21,Matches
127,Raúl Chasco,es ESP,DF,Valladolid,20,2003,1.4,74,2,36,32,7,0,74,2,0,0,2,100,28,103,54,1,0,0,3,1,28,2,Matches
128,Pep Chavarría,es ESP,"DF,FW",Rayo Vallecano,26,1998,28.7,1884,93,602,801,500,31,1884,32,10,31.3,18,56.3,887,4265,2300,59,34,6,39,6,1053,133,Matches
129,Walid Cheddira,ma MAR,FW,Espanyol,26,1998,7.1,203,5,21,99,86,33,203,20,4,20,14,70,108,516,219,8,6,8,25,9,141,34,Matches
130,Chema,es ESP,MF,Real Madrid,19,2005,0.1,3,0,1,1,1,0,3,0,0,,0,,0,0,0,0,0,0,1,0,0,0,Matches
131,Julián Chicco,ar ARG,"MF,DF",Leganés,26,1998,3.4,196,11,47,109,42,3,196,4,2,50,1,25,92,442,231,8,5,0,12,5,111,7,Matches
132,Chiquinho,pt POR,"MF,FW",Mallorca,24,2000,1.6,76,0,6,23,48,9,76,13,5,38.5,7,53.8,43,305,96,4,2,1,17,8,49,12,Matches
133,Andreas Christensen,dk DEN,DF,Barcelona,28,1996,2.8,246,14,75,160,12,1,246,0,0,,0,,163,791,362,1,3,0,1,0,181,1,Matches
134,Jasper Cillessen,nl NED,GK,Las Palmas,35,1989,25.9,1079,867,1066,13,0,0,1079,0,0,,0,,609,3115,2050,0,0,0,4,0,514,0,Matches
135,Pathé Ciss,sn SEN,"MF,DF",Rayo Vallecano,30,1994,23.8,1449,106,453,854,154,18,1449,23,14,60.9,8,34.8,749,3105,1550,19,24,1,16,20,877,12,Matches
136,Seydouba Cissé,gn GUI,MF,Leganés,23,2001,27.1,1409,47,273,869,287,28,1409,45,30,66.7,10,22.2,787,3748,1797,26,34,3,32,33,920,42,Matches
137,Silvi Clúa,es ESP,MF,Girona,19,2005,1.8,116,8,32,72,16,3,116,4,2,50,2,50,61,495,217,4,3,1,1,0,77,3,Matches
138,Eray Cömert,ch SUI,"DF,MF",Valladolid,26,1998,19.8,1114,132,613,474,32,7,1114,4,4,100,0,0,599,3025,1543,9,3,0,16,2,728,5,Matches
139,Santi Comesaña,es ESP,MF,Villarreal,27,1996,28.4,1734,110,453,958,333,64,1734,34,18,52.9,14,41.2,903,4242,2451,39,30,6,35,44,1149,58,Matches
140,Diego Conde,es ESP,GK,Villarreal,25,1998,21.8,696,602,691,5,0,0,696,0,0,,0,,393,1972,1157,0,0,0,1,0,347,0,Matches
141,Tomás Conechny,ar ARG,"FW,MF",Alavés,26,1998,9.4,457,10,66,197,196,34,457,13,6,46.2,7,53.8,249,1056,413,14,18,2,31,9,307,61,Matches
142,Copete,es ESP,DF,Mallorca,24,1999,17,987,167,512,446,31,12,987,5,4,80,0,0,518,2416,1360,10,3,0,7,2,590,2,Matches
143,Iker Córdoba,es ESP,DF,Valencia,18,2005,0.2,12,2,5,6,1,0,12,0,0,,0,,7,36,27,0,0,0,0,0,10,1,Matches
144,Ángel Correa,ar ARG,"FW,MF",Atlético Madrid,29,1995,8.9,419,4,54,129,243,82,419,38,13,34.2,24,63.2,276,1444,768,30,20,13,29,16,303,85,Matches
145,Thierry Correia,pt POR,DF,Valencia,25,1999,8.5,555,29,177,215,170,12,555,23,8,34.8,12,52.2,240,1328,785,16,9,6,17,0,293,48,Matches
146,Coba da Costa,es ESP,"MF,FW",Getafe,22,2002,11.2,504,10,75,191,245,47,504,56,19,33.9,33,58.9,261,2137,1076,46,23,25,26,23,294,83,Matches
147,Logan Costa,cv CPV,DF,Villarreal,23,2001,28.7,1785,295,965,758,69,12,1785,2,0,0,2,100,1037,5478,2994,25,16,0,7,0,1209,10,Matches
148,Samu Costa,pt POR,MF,Mallorca,23,2000,29.4,1834,100,446,1100,298,34,1834,33,13,39.4,16,48.5,1029,3991,1591,24,18,1,42,35,1235,69,Matches
149,Thibaut Courtois,be BEL,GK,Real Madrid,32,1992,30,1088,960,1083,5,0,0,1088,1,0,0,1,100,659,3096,1989,0,0,0,0,0,650,0,Matches
150,Juan Cruz Armada,es ESP,DF,Osasuna,32,1992,16.6,819,83,296,401,127,4,819,4,1,25,2,50,337,1259,668,9,7,2,10,3,391,12,Matches
151,Juan Cruz,es ESP,"FW,MF",Leganés,24,2000,25.1,951,23,176,381,413,41,951,78,40,51.3,32,41,543,3461,1661,59,43,21,40,24,570,131,Matches
152,Pau Cubarsí,es ESP,DF,Barcelona,17,2007,29.1,2805,194,1045,1672,93,17,2805,8,6,75,2,25,1823,8964,4999,26,16,0,7,1,2193,6,Matches
153,Cucho,co COL,FW,Betis,25,1999,12.7,467,5,23,210,237,61,467,26,17,65.4,9,34.6,250,1318,507,27,9,14,46,14,318,82,Matches
154,Arnaut Danjuma,nl NED,FW,Villarreal,27,1997,2.2,48,0,1,13,34,8,48,4,0,0,4,100,25,207,98,4,3,2,3,0,36,17,Matches
155,Arnaut Danjuma,nl NED,"FW,MF",Girona,27,1997,14.8,588,9,60,144,389,81,588,67,24,35.8,35,52.2,394,3594,2010,91,42,38,33,11,441,185,Matches
156,Sergi Darder,es ESP,"MF,FW",Mallorca,30,1993,30.5,1558,19,173,887,518,29,1558,74,34,45.9,30,40.5,911,5026,2211,37,58,7,36,30,1030,83,Matches
157,Rodrigo De Paul,ar ARG,MF,Atlético Madrid,30,1994,23.4,1950,27,308,1144,517,20,1950,35,14,40,15,42.9,1373,7726,4286,85,66,3,33,24,1544,64,Matches
158,Mouctar Diakhaby,gn GUI,DF,Valencia,27,1996,7.3,440,65,271,143,29,19,440,4,2,50,2,50,222,1013,486,5,6,0,5,2,270,2,Matches
159,Assane Diao,sn SEN,FW,Betis,18,2005,3.1,122,4,12,42,68,19,122,11,2,18.2,9,81.8,63,372,145,9,3,3,15,2,81,27,Matches
160,Moussa Diarra,ml MLI,DF,Alavés,23,2000,20.7,1012,56,383,495,139,9,1012,14,7,50,5,35.7,499,2075,1080,12,10,2,17,15,584,31,Matches
161,Brahim Díaz,ma MAR,"FW,MF",Real Madrid,24,1999,15.4,833,5,76,417,350,66,833,47,24,51.1,19,40.4,541,2501,1223,39,16,12,44,27,669,110,Matches
162,Daniel Díaz,es ESP,MF,Real Sociedad,18,2006,0.1,6,0,2,1,3,1,6,1,0,0,1,100,1,0,0,0,0,0,0,0,4,0,Matches
163,Pedro Díaz,es ESP,MF,Rayo Vallecano,26,1998,13.5,707,7,116,337,265,19,706,34,20,58.8,13,38.2,390,2175,1177,27,30,2,24,8,459,49,Matches
164,Diego,es ESP,FW,Leganés,24,2000,13.3,322,11,20,135,171,44,322,10,4,40,6,60,192,777,291,9,11,5,45,12,246,49,Matches
165,Stole Dimitrievski,mk MKD,GK,Valencia,30,1993,4,143,96,135,9,0,0,143,0,0,,0,,68,362,240,0,0,0,1,0,52,0,Matches
166,Yan Diomandé,ci CIV,"MF,FW",Leganés,17,2006,6.1,309,4,49,108,161,42,309,38,23,60.5,14,36.8,200,1582,966,37,16,20,26,16,204,64,Matches
167,Álvaro djaló,es ESP,FW,Athletic Club,24,1999,7.3,230,3,26,77,134,25,230,36,14,38.9,17,47.2,151,986,562,22,23,6,29,13,177,60,Matches
168,Djené,tg TOG,"DF,MF",Getafe,32,1991,28.3,1164,88,406,606,168,17,1164,17,7,41.2,7,41.2,514,2525,1275,18,10,1,23,17,527,21,Matches
169,Marko Dmitrović,rs SRB,GK,Leganés,32,1992,32,1145,937,1132,13,0,0,1145,1,1,100,0,0,542,3220,1877,0,0,0,1,0,338,0,Matches
170,Marc Domenech,es ESP,"FW,MF",Mallorca,18,2006,3.4,84,2,11,26,49,13,84,2,1,50,1,50,42,148,62,1,2,0,11,3,51,21,Matches
171,Carlos Dominguez,es ESP,DF,Celta Vigo,23,2001,13.1,1116,109,488,609,25,7,1116,3,2,66.7,1,33.3,683,3304,1981,15,12,0,5,0,802,4,Matches
172,Israel Domínguez,es ESP,FW,Sevilla,21,2003,0.2,2,0,0,2,0,0,2,0,0,,0,,1,3,0,0,0,0,0,0,2,0,Matches
173,Sergi Dominguez,es ESP,DF,Barcelona,19,2005,1.9,191,13,69,121,3,0,191,0,0,,0,,127,569,284,0,1,0,0,0,157,1,Matches
174,Anastasios Douvikas,gr GRE,FW,Celta Vigo,24,1999,7.8,192,12,18,84,94,32,192,13,4,30.8,7,53.8,120,585,150,6,7,4,23,19,149,43,Matches
175,Domingos Duarte,pt POR,DF,Getafe,29,1995,20.7,878,110,454,412,22,9,878,0,0,,0,,373,1673,626,3,2,0,2,2,394,3,Matches
176,Duk,cv CPV,"MF,FW",Leganés,24,2000,2,95,2,12,29,56,9,95,19,10,52.6,8,42.1,64,428,207,10,4,5,12,5,64,21,Matches
177,Pablo Durán,es ESP,"FW,MF",Celta Vigo,23,2001,15.5,584,11,68,257,265,64,584,42,12,28.6,28,66.7,338,1578,643,24,14,13,42,20,401,124,Matches
178,Hugo Duro,es ESP,FW,Valencia,24,1999,24.1,634,15,47,328,265,90,633,20,7,35,13,65,297,1037,364,13,8,7,58,32,471,88,Matches
179,Chidera Ejuke,ng NGA,FW,Sevilla,26,1998,10.7,612,6,66,272,292,43,612,85,47,55.3,33,38.8,416,3355,1898,75,35,26,35,22,443,101,Matches
180,Aritz Elustondo,es ESP,DF,Real Sociedad,30,1994,16.2,1092,100,462,581,53,12,1092,8,3,37.5,4,50,624,3425,1854,17,6,1,14,6,709,4,Matches
181,Adri Embarba,es ESP,"FW,MF",Rayo Vallecano,32,1992,17.9,847,17,104,333,433,44,847,56,20,35.7,30,53.6,467,2748,1257,47,33,12,61,24,527,114,Matches
182,Endrick,br BRA,FW,Real Madrid,18,2006,4,127,1,7,41,80,23,127,11,4,36.4,6,54.5,83,569,308,12,5,10,10,3,103,32,Matches
183,Alfonso Espino,uy URU,DF,Rayo Vallecano,32,1992,9.3,637,39,217,288,139,10,637,14,5,35.7,7,50,307,1262,675,10,13,4,10,9,333,29,Matches
184,Dario Essugo,pt POR,MF,Las Palmas,19,2005,21.5,1228,75,362,732,148,10,1228,18,12,66.7,5,27.8,582,2787,1382,18,21,2,35,21,763,8,Matches
185,Etienne Eto'o,cm CMR,FW,Rayo Vallecano,21,2002,0.4,13,1,1,5,7,2,13,2,0,0,2,100,4,9,0,0,0,0,2,0,9,1,Matches
186,Karl Etta,cm CMR,"MF,FW",Villarreal,20,2003,0.4,9,0,1,2,6,1,9,0,0,,0,,5,15,0,0,0,0,4,0,5,0,Matches
187,Edu Expósito,es ESP,MF,Espanyol,27,1996,11.6,630,22,105,308,230,26,630,28,15,53.6,13,46.4,340,1757,954,23,20,4,29,18,382,41,Matches
188,Abde Ezzalzouli,ma MAR,"FW,MF",Betis,22,2001,22,1081,10,120,407,585,151,1080,103,46,44.7,37,35.9,706,5210,3025,117,75,58,64,50,797,215,Matches
189,Ansu Fati,es ESP,FW,Barcelona,21,2002,2.6,170,0,8,59,105,22,170,11,5,45.5,5,45.5,107,586,234,7,7,4,10,4,134,32,Matches
190,Nabil Fekir,fr FRA,MF,Betis,31,1993,2,107,0,3,52,53,6,107,5,0,0,4,80,72,479,259,9,4,2,4,6,85,18,Matches
191,Kiko Femenía,es ESP,DF,Villarreal,33,1991,24.7,1710,95,630,812,280,9,1710,24,17,70.8,6,25,902,4937,2602,52,30,0,22,10,1036,44,Matches
192,Aitor Fernández,es ESP,GK,Osasuna,33,1991,1,50,45,50,0,0,0,50,0,0,,0,,27,146,105,0,0,0,0,0,17,0,Matches
193,Álvaro Fernández,es ESP,GK,Sevilla,26,1998,8.3,349,272,347,2,0,0,349,0,0,,0,,187,856,400,0,0,0,0,0,196,0,Matches
194,Pelayo Fernandez,es ESP,DF,Rayo Vallecano,21,2003,1.1,39,8,26,14,0,0,39,0,0,,0,,16,77,38,0,0,0,0,1,16,0,Matches
195,Roberto Férnandez,es ESP,FW,Espanyol,22,2002,16.6,436,26,70,222,151,37,436,27,11,40.7,16,59.3,227,877,283,7,10,3,55,16,292,50,Matches
196,Valery Fernández,es ESP,"MF,FW",Mallorca,24,1999,3.4,133,5,22,69,44,8,133,6,1,16.7,5,83.3,75,411,126,2,3,1,5,3,90,14,Matches
197,André Ferreira,pt POR,GK,Valladolid,28,1996,6,216,185,215,1,0,0,216,0,0,,0,,83,441,280,0,0,0,0,0,78,0,Matches
198,Mateo Flores,es ESP,MF,Betis,20,2004,1.7,84,4,27,47,11,1,84,0,0,,0,,47,189,55,0,0,0,3,3,50,2,Matches
199,Pablo Fornals,es ESP,"MF,FW",Betis,28,1996,20.3,1272,20,171,684,428,36,1272,28,8,28.6,20,71.4,777,3245,1523,32,34,7,24,16,911,85,Matches
200,Héctor Fort,es ESP,DF,Barcelona,17,2006,6.5,573,18,111,300,166,17,573,9,2,22.2,7,77.8,308,1255,679,14,15,2,4,4,397,33,Matches
201,Dimitri Foulquier,fr FRA,DF,Valencia,31,1993,25.5,1530,64,451,770,319,26,1530,33,8,24.2,16,48.5,749,4153,2372,48,33,7,30,16,882,66,Matches
202,Juan Foyth,ar ARG,DF,Villarreal,26,1998,16.9,1190,199,631,460,111,21,1190,9,4,44.4,4,44.4,607,3416,2328,13,14,0,11,2,727,11,Matches
203,Fran,es ESP,GK,Real Madrid,19,2005,1,22,20,22,0,0,0,22,0,0,,0,,12,40,23,0,0,0,0,0,13,0,Matches
204,Alejandro Francés,es ESP,DF,Girona,21,2002,13,969,66,343,503,130,7,969,14,7,50,6,42.9,496,2628,1469,18,9,1,8,1,632,21,Matches
205,Enric Franquesa,es ESP,"DF,FW",Leganés,27,1997,6.8,306,12,89,157,68,6,306,21,9,42.9,7,33.3,133,793,337,11,10,2,21,2,151,30,Matches
206,Jorge de Frutos,es ESP,"FW,MF",Rayo Vallecano,27,1997,27.7,1010,25,165,328,544,107,1010,104,32,30.8,62,59.6,605,3941,2074,77,50,28,81,38,675,201,Matches
207,Darío Fuentes,es ESP,DF,Sevilla,21,2003,0.1,2,0,0,0,2,0,2,0,0,,0,,0,0,0,0,0,0,0,0,0,0,Matches
208,Manuel Fuster,es ESP,"FW,MF",Las Palmas,26,1997,11.1,742,19,93,364,288,23,742,17,5,29.4,9,52.9,410,2011,1016,23,15,3,20,16,533,75,Matches
209,Javi Galán,es ESP,DF,Atlético Madrid,29,1994,19.8,1270,51,406,529,344,16,1270,78,28,35.9,38,48.7,739,3917,2315,52,34,6,22,15,779,107,Matches
210,Iñigo Ruiz de Galarreta,es ESP,MF,Athletic Club,30,1993,16.4,978,21,153,618,222,8,978,23,16,69.6,5,21.7,524,2660,1266,27,14,3,17,16,672,39,Matches
211,Conor Gallagher,eng ENG,MF,Atlético Madrid,24,2000,18.1,1062,35,232,555,287,38,1062,42,17,40.5,18,42.9,674,2788,1104,24,23,7,25,23,755,64,Matches
212,Facundo Garcés,ar ARG,DF,Alavés,24,1999,7.5,280,44,122,137,21,13,280,0,0,,0,,114,484,187,3,0,0,2,0,129,3,Matches
213,Álvaro García,es ESP,"FW,MF",Rayo Vallecano,31,1992,28.4,1164,31,204,357,611,127,1164,27,10,37,15,55.6,644,3004,1484,68,28,25,61,16,746,245,Matches
214,Eric García,es ESP,"DF,MF",Barcelona,23,2001,17.4,1517,66,369,927,225,25,1517,12,5,41.7,5,41.7,852,3500,1877,18,12,1,17,5,1125,22,Matches
215,Fran Garcia,es ESP,DF,Real Madrid,24,1999,24.1,1792,71,498,703,606,33,1792,23,8,34.8,15,65.2,1001,4606,2683,78,52,15,20,10,1162,177,Matches
216,Gonzalo García,es ESP,"FW,DF",Real Madrid,20,2004,0.6,22,0,1,6,15,5,22,0,0,,0,,14,66,19,0,0,0,0,3,17,3,Matches
217,Joan García,es ESP,GK,Espanyol,23,2001,38,1348,1137,1341,7,1,1,1348,0,0,,0,,781,4759,3182,0,0,0,2,0,524,0,Matches
218,Pablo Garcia,es ESP,FW,Betis,17,2006,0.4,23,0,3,7,14,2,23,2,1,50,1,50,16,120,59,2,0,1,3,1,15,8,Matches
219,Rubén García,es ESP,"FW,MF",Osasuna,31,1993,26.8,1467,31,205,649,629,64,1467,36,12,33.3,20,55.6,779,3542,1382,37,46,13,39,21,969,157,Matches
220,Unai García,es ESP,DF,Osasuna,32,1992,0.7,43,5,25,16,2,1,43,0,0,,0,,19,63,41,0,0,0,1,0,31,0,Matches
221,Yarek Gasiorowski,es ESP,DF,Valencia,19,2005,10.5,620,73,295,309,22,6,620,0,0,,0,,276,1329,736,9,2,0,1,0,337,0,Matches
222,Gavi,es ESP,"MF,FW",Barcelona,19,2004,12.1,943,10,107,601,240,34,943,18,9,50,5,27.8,557,2274,1128,13,16,1,19,9,712,42,Matches
223,Paulo Gazzaniga,ar ARG,GK,Girona,32,1992,35.5,1289,1118,1283,6,0,0,1289,4,3,75,1,25,775,3613,2167,0,0,0,1,0,749,0,Matches
224,Bryan Gil,es ESP,"FW,MF",Girona,23,2001,19.1,1019,9,110,356,568,82,1019,104,41,39.4,52,50,715,4663,2103,76,43,34,56,39,795,210,Matches
225,Dani Gómez,es ESP,FW,Valencia,26,1998,5.9,137,4,12,49,78,22,137,10,3,30,7,70,71,319,103,3,4,2,11,8,90,24,Matches
226,Moi Gómez,es ESP,"MF,FW",Osasuna,30,1994,8.8,571,6,92,337,146,7,571,26,14,53.8,11,42.3,353,1545,524,13,10,1,10,8,402,16,Matches
227,Sergi Gómez,es ESP,DF,Espanyol,32,1992,7.4,419,65,280,131,8,4,419,0,0,,0,,222,851,376,0,0,0,1,0,292,1,Matches
228,Sergio Gómez,es ESP,"MF,DF",Real Sociedad,23,2000,30.4,1724,38,292,746,708,52,1724,51,22,43.1,25,49,843,4335,1912,43,46,6,45,16,1025,154,Matches
229,Unai Gómez,es ESP,"MF,FW",Athletic Club,21,2003,14.3,439,20,63,215,168,21,439,29,12,41.4,12,41.4,235,1270,617,19,17,3,23,21,271,49,Matches
230,Fabio González,es ESP,MF,Las Palmas,27,1997,0.6,57,1,5,41,11,2,57,0,0,,0,,37,178,85,0,0,0,1,0,42,0,Matches
231,Peter González,do DOM,"MF,FW",Getafe,22,2002,5.3,211,3,29,68,119,16,211,15,3,20,10,66.7,111,622,187,8,5,4,17,15,122,33,Matches
232,Urko González,es ESP,MF,Espanyol,23,2001,15.3,610,65,205,334,83,11,610,17,6,35.3,10,58.8,306,1953,1133,18,14,3,18,12,316,8,Matches
233,Urko González,es ESP,MF,Real Sociedad,23,2001,0.5,20,2,7,10,3,1,20,0,0,,0,,12,41,5,0,0,0,1,2,18,0,Matches
234,Andoni Gorosabel,es ESP,DF,Athletic Club,27,1996,16.5,1084,43,292,547,252,13,1084,14,7,50,7,50,432,1605,691,17,18,3,18,14,554,59,Matches
235,José Gragera,es ESP,MF,Espanyol,23,2000,6.3,284,13,74,190,21,4,284,4,1,25,2,50,119,457,216,1,0,0,3,1,164,3,Matches
236,Dominik Greif,sk SVK,GK,Mallorca,27,1997,31,1109,906,1098,11,0,0,1109,2,2,100,0,0,621,2993,1668,0,0,0,1,0,526,0,Matches
237,Antoine Griezmann,fr FRA,"FW,MF",Atlético Madrid,33,1991,27.4,1678,28,216,748,729,93,1676,35,15,42.9,18,51.4,969,4095,2040,46,56,6,41,20,1255,177,Matches
238,Florian Grillitsch,at AUT,MF,Valladolid,28,1995,6.9,398,12,91,266,49,4,398,15,11,73.3,3,20,225,1374,706,9,4,0,5,5,278,7,Matches
239,Vicente Guaita,es ESP,GK,Celta Vigo,37,1987,34,1039,928,1033,6,0,0,1039,0,0,,0,,538,2660,1561,0,0,0,3,1,431,0,Matches
240,Sergi Guardiola,es ESP,FW,Rayo Vallecano,33,1991,4,130,3,11,55,64,18,130,2,0,0,2,100,81,239,90,2,3,1,11,5,96,22,Matches
241,Nemanja Gudelj,rs SRB,"MF,DF",Sevilla,32,1991,27.7,1635,143,703,789,150,5,1634,9,6,66.7,2,22.2,736,3114,1401,14,8,0,19,3,1007,5,Matches
242,Javier Guerra,es ESP,MF,Valencia,21,2003,28.7,1669,65,354,939,401,49,1669,78,29,37.2,45,57.7,927,4925,2585,50,42,13,50,54,1136,84,Matches
243,Ander Guevara,es ESP,MF,Alavés,27,1997,21.6,1208,58,265,761,189,12,1208,15,9,60,5,33.3,512,2214,1078,14,16,0,22,19,655,19,Matches
244,Pape Gueye,sn SEN,MF,Villarreal,25,1999,24.7,1456,72,355,807,308,65,1456,33,11,33.3,16,48.5,853,4050,2199,36,28,7,33,19,1030,69,Matches
245,Hugo Guillamón,es ESP,MF,Valencia,24,2000,4,228,13,62,129,37,1,228,2,1,50,1,50,85,364,129,0,1,0,3,3,146,5,Matches
246,Carlos Guirao,es ESP,MF,Betis,21,2003,1.2,60,3,14,38,10,1,60,1,1,100,0,0,28,134,60,1,1,0,1,2,34,2,Matches
247,Arda Güler,tr TUR,"MF,FW",Real Madrid,19,2005,13.9,1058,14,131,477,460,50,1058,45,20,44.4,20,44.4,696,3418,1720,34,33,10,23,9,808,86,Matches
248,Gerard Gumbau,es ESP,MF,Rayo Vallecano,29,1994,9.4,507,21,104,276,129,10,507,4,2,50,2,50,276,851,365,2,9,0,8,2,331,21,Matches
249,Jon Guridi,es ESP,"MF,FW",Alavés,29,1995,23.1,940,23,122,493,335,60,939,26,8,30.8,16,61.5,471,2479,1129,27,31,4,38,17,587,90,Matches
250,Gorka Guruzeta,es ESP,FW,Athletic Club,27,1996,20.4,643,23,67,342,240,78,643,20,11,55,9,45,286,1120,375,8,12,2,48,20,415,64,Matches
251,Miguel Gutiérrez,es ESP,"DF,MF",Girona,23,2001,27.3,1741,68,365,671,722,50,1741,55,29,52.7,24,43.6,990,5399,2320,63,48,11,37,25,1146,199,Matches
252,Munir El Haddadi,ma MAR,"FW,MF",Leganés,28,1995,9.6,372,1,34,176,164,17,372,21,7,33.3,12,57.1,242,1016,357,11,9,1,22,25,299,42,Matches
253,Sébastien Haller,ci CIV,FW,Leganés,30,1994,4.5,129,7,21,66,45,11,129,3,1,33.3,1,33.3,56,227,105,3,2,0,17,5,94,14,Matches
254,Henrique,br BRA,DF,Valladolid,30,1994,3.9,237,16,75,139,24,1,237,7,3,42.9,3,42.9,132,659,355,2,3,0,3,4,165,4,Matches
255,Javi Hernández,es ESP,DF,Leganés,26,1998,26.5,1323,115,425,607,309,27,1323,29,16,55.2,12,41.4,603,3143,1835,40,32,5,27,26,675,90,Matches
256,Aridane Hernández,es ESP,DF,Rayo Vallecano,35,1989,11.4,680,148,394,270,17,12,680,6,3,50,2,33.3,328,1479,566,2,0,0,4,1,362,0,Matches
257,Jorge Herrando,es ESP,DF,Osasuna,23,2001,15.2,871,90,419,422,34,17,871,1,1,100,0,0,505,2196,1149,7,3,0,4,1,585,1,Matches
258,Ander Herrera,es ESP,MF,Athletic Club,34,1989,3,237,12,37,151,49,6,236,5,2,40,1,20,116,431,196,2,4,0,3,2,169,5,Matches
259,Sergio Herrera,es ESP,GK,Osasuna,31,1993,37,1358,1099,1344,14,0,0,1358,1,1,100,0,0,698,4037,2294,0,0,0,2,0,521,0,Matches
260,Yangel Herrera,ve VEN,MF,Girona,26,1998,25.1,1405,75,317,739,362,60,1405,47,19,40.4,19,40.4,812,4005,1760,31,35,3,54,35,968,99,Matches
261,Juan Herzog,es ESP,DF,Las Palmas,21,2003,14.6,812,129,492,297,27,20,812,2,0,0,1,50,376,1229,569,0,1,0,2,0,472,1,Matches
262,Omar El Hilali,ma MAR,DF,Espanyol,20,2003,35,1992,160,869,935,208,5,1992,29,17,58.6,7,24.1,888,4445,2372,35,21,2,21,7,981,61,Matches
263,Roger Hinojo,es ESP,DF,Espanyol,19,2005,0.1,11,1,3,2,6,0,11,0,0,,0,,8,41,23,1,0,0,0,0,8,2,Matches
264,Dinko Horkaš,hr CRO,GK,Las Palmas,25,1999,12.1,560,335,538,22,0,0,560,1,1,100,0,0,340,1488,929,0,0,0,0,0,351,0,Matches
265,Pablo Ibáñez,es ESP,MF,Osasuna,25,1998,14.4,673,20,109,391,185,31,673,27,13,48.1,10,37,368,2294,985,21,20,3,20,16,423,31,Matches
266,Stanis Idumbo,be BEL,"FW,MF",Sevilla,19,2005,3.2,130,6,26,54,55,6,130,19,9,47.4,9,47.4,88,704,332,10,5,4,12,11,91,20,Matches
267,Iglesias,es ESP,DF,Getafe,26,1998,32.1,1627,104,471,763,412,15,1627,32,13,40.6,16,50,554,2779,1355,32,37,4,36,15,569,67,Matches
268,Borja Iglesias,es ESP,FW,Celta Vigo,31,1993,21.7,685,16,48,362,284,83,685,32,11,34.4,18,56.3,396,1588,536,22,13,13,62,32,514,108,Matches
269,Kelechi Iheanacho,ng NGA,FW,Sevilla,27,1996,4.4,108,2,9,50,49,14,108,4,2,50,2,50,60,236,126,6,3,2,10,4,81,17,Matches
270,Isco,es ESP,MF,Betis,32,1992,17.2,1381,9,96,663,638,68,1375,59,27,45.8,28,47.5,893,4677,2047,38,54,5,54,27,1059,112,Matches
271,Diego Iturralde,es ESP,FW,Sevilla,21,2003,0.4,16,1,6,5,5,1,16,1,0,0,1,100,9,23,3,0,0,0,2,0,10,1,Matches
272,Ivan Jaime Pajuelo,es ESP,MF,Valencia,23,2000,3.3,149,0,11,57,86,13,149,16,5,31.3,7,43.8,100,580,303,8,8,2,13,7,111,14,Matches
273,Karl Jakob Hein,ee EST,GK,Valladolid,22,2002,31,1254,1064,1237,17,0,0,1254,0,0,,0,,643,3151,1987,0,0,0,3,0,586,0,Matches
274,Adnan Januzaj,be BEL,"MF,FW",Las Palmas,29,1995,6.6,459,5,31,218,216,15,459,38,14,36.8,22,57.9,262,1780,781,24,14,5,31,9,319,58,Matches
275,Mikel Jauregizar,es ESP,MF,Athletic Club,20,2003,24.9,1418,43,276,847,306,12,1418,42,20,47.6,16,38.1,706,2968,1261,14,25,1,35,23,848,31,Matches
276,John Joe,ie IRL,"MF,FW",Getafe,20,2003,0.5,33,1,5,10,18,1,33,5,2,40,3,60,21,102,47,1,1,0,4,1,23,6,Matches
277,Jofre,es ESP,"MF,FW",Espanyol,23,2001,24.1,839,23,137,334,384,71,839,112,39,34.8,59,52.7,535,4112,2141,65,51,27,64,40,576,156,Matches
278,Frenkie de Jong,nl NED,MF,Barcelona,27,1997,12.7,1226,15,137,821,271,13,1226,8,5,62.5,3,37.5,815,4667,2630,36,38,1,5,7,993,24,Matches
279,Joan Jordán,es ESP,MF,Alavés,30,1994,15.7,1038,26,130,598,321,11,1034,7,6,85.7,1,14.3,481,1625,845,7,19,1,16,7,620,35,Matches
280,Juanmi,es ESP,"FW,MF",Getafe,31,1993,7.7,220,1,23,107,92,20,220,10,4,40,6,60,125,587,186,6,5,1,27,8,141,28,Matches
281,Juanmi,es ESP,"FW,MF",Betis,31,1993,2.7,109,3,23,46,41,14,109,8,4,50,3,37.5,62,307,101,4,1,2,7,4,74,18,Matches
282,Juanpe,es ESP,DF,Girona,33,1991,8.1,676,86,368,293,18,1,676,0,0,,0,,377,1847,1031,2,4,0,3,1,467,0,Matches
283,Luiz Lúcio Reis Júnior,br BRA,GK,Villarreal,23,2001,16.2,542,472,535,7,0,0,542,0,0,,0,,284,1530,993,0,0,0,1,0,219,0,Matches
284,Vinicius Júnior,br BRA,FW,Real Madrid,24,2000,25,1264,4,75,378,839,199,1261,191,82,42.9,95,49.7,952,7763,4525,169,87,106,72,49,1059,256,Matches
285,Stanko Jurić,hr CRO,MF,Valladolid,27,1996,19.2,981,90,423,505,65,10,981,10,6,60,4,40,388,1841,789,5,6,2,21,14,544,8,Matches
286,Willy Kambwala,fr FRA,DF,Villarreal,19,2004,12.4,706,118,431,262,17,6,706,5,5,100,0,0,367,1707,846,2,2,1,9,5,463,0,Matches
287,Abdoulaye Keita,es ESP,"FW,MF",Getafe,21,2002,1.1,41,3,10,19,12,1,41,3,1,33.3,2,66.7,22,84,24,1,0,0,3,3,25,4,Matches
288,Kenedy,br BRA,"MF,FW",Valladolid,28,1996,0.1,5,0,0,1,4,2,5,1,0,0,1,100,4,15,4,1,0,0,0,1,3,2,Matches
289,Kiké,es ESP,FW,Alavés,34,1989,28.2,894,24,70,404,433,120,891,35,13,37.1,20,57.1,548,2136,739,25,18,10,98,42,719,158,Matches
290,Koke,es ESP,MF,Atlético Madrid,32,1992,21.4,1829,52,455,1075,313,10,1829,22,9,40.9,11,50,1138,4782,2255,22,21,0,15,8,1339,18,Matches
291,Jules Koundé,fr FRA,DF,Barcelona,25,1998,28.9,2453,79,567,1194,706,79,2453,50,22,44,27,54,1287,4667,2501,44,42,7,41,13,1625,190,Matches
292,Alex Král,cz CZE,MF,Espanyol,26,1998,30.2,1155,84,278,646,253,45,1155,55,29,52.7,21,38.2,618,4041,1902,49,33,7,52,29,684,79,Matches
293,Ladislav Krejčí,cz CZE,DF,Girona,25,1999,27.1,2351,259,1089,1175,106,28,2351,12,7,58.3,4,33.3,1523,8408,5129,29,18,1,15,8,1805,6,Matches
294,Takefusa Kubo,jp JPN,"MF,FW",Real Sociedad,23,2001,26.4,1341,10,126,537,703,118,1341,157,75,47.8,66,42,878,6399,3647,133,63,57,89,48,988,218,Matches
295,Marash Kumbulla,al ALB,DF,Espanyol,24,2000,33,1845,331,1149,653,51,24,1845,8,4,50,2,25,998,4956,2892,11,11,0,14,1,1155,3,Matches
296,Luca de la Torre,us USA,MF,Celta Vigo,26,1998,0,8,0,0,8,0,0,8,1,0,0,1,100,5,28,24,0,0,0,0,0,4,0,Matches
297,Yoel Lago,es ESP,DF,Celta Vigo,20,2004,6.5,487,64,274,205,10,2,487,5,3,60,1,20,289,1403,776,1,3,0,5,1,360,0,Matches
298,Cyle Larin,ca CAN,FW,Mallorca,29,1995,19.6,561,20,55,266,247,72,560,30,8,26.7,20,66.7,316,1633,550,20,18,9,72,58,429,95,Matches
299,Juanmi Latasa,es ESP,FW,Valladolid,23,2001,15.5,390,16,28,202,163,74,390,15,8,53.3,6,40,153,469,126,3,3,0,31,18,291,40,Matches
300,Toni Lato,es ESP,DF,Mallorca,26,1997,6.9,396,30,121,159,119,3,396,4,0,0,4,100,155,757,434,15,9,1,6,2,188,35,Matches
301,Robin Le Normand,es ESP,DF,Atlético Madrid,27,1996,23.9,1523,193,805,677,44,19,1523,4,2,50,2,50,1001,4140,2052,11,7,0,14,6,1100,6,Matches
302,Florian Lejeune,fr FRA,DF,Rayo Vallecano,33,1991,36.9,2486,298,1336,1051,111,38,2486,6,4,66.7,1,16.7,1469,6852,4056,21,13,1,17,4,1612,5,Matches
303,Iñigo Lekue,es ESP,DF,Athletic Club,31,1993,8.6,521,32,157,258,108,4,521,14,6,42.9,8,57.1,245,1062,515,13,6,1,5,5,268,21,Matches
304,Thomas Lemar,fr FRA,MF,Atlético Madrid,28,1995,0.9,78,0,8,33,37,1,78,3,0,0,2,66.7,55,207,54,1,4,0,1,1,62,4,Matches
305,Clément Lenglet,fr FRA,DF,Atlético Madrid,29,1995,21.9,1583,229,834,695,58,17,1583,3,3,100,0,0,1065,5692,3593,16,16,0,8,3,1162,1,Matches
306,Robert Lewandowski,pl POL,FW,Barcelona,35,1988,29.6,841,32,59,314,475,179,837,35,20,57.1,13,37.1,472,1785,589,27,11,16,75,45,667,164,Matches
307,Samuel Lino,br BRA,"MF,DF",Atlético Madrid,24,1999,17.2,1038,21,203,420,429,75,1038,56,27,48.2,26,46.4,678,4000,2274,72,49,25,31,18,772,179,Matches
308,Javier Llabrés,es ESP,FW,Mallorca,21,2002,0.6,29,2,6,9,14,0,29,0,0,,0,,17,160,69,3,2,0,1,2,19,8,Matches
309,Diego Llorente,es ESP,DF,Betis,30,1993,28,1915,235,1048,825,48,22,1915,9,6,66.7,2,22.2,1127,5465,3118,7,8,1,11,4,1243,3,Matches
310,Marcos Llorente,es ESP,"DF,MF",Atlético Madrid,29,1995,27.9,1808,78,546,791,487,58,1808,30,14,46.7,13,43.3,1116,5470,3070,82,51,15,29,9,1217,151,Matches
311,Giovani Lo Celso,ar ARG,"MF,FW",Betis,28,1996,16.2,1167,7,114,558,506,53,1164,55,21,38.2,27,49.1,702,3247,1450,26,31,9,38,31,832,66,Matches
312,Enzo Loiodice,fr FRA,MF,Las Palmas,23,2000,7.6,532,13,98,359,77,4,532,13,4,30.8,8,61.5,279,958,432,3,6,1,11,12,380,3,Matches
313,David López,es ESP,DF,Mallorca,21,2003,1.9,71,13,38,30,3,0,71,0,0,,0,,38,173,86,0,1,0,1,0,41,0,Matches
314,David López,es ESP,DF,Girona,34,1989,27,2263,259,1059,1133,76,17,2263,9,6,66.7,2,22.2,1405,8124,4714,17,20,0,11,7,1698,7,Matches
315,Diego López,es ESP,"MF,FW",Valencia,22,2002,30.4,1257,11,132,510,634,100,1257,77,23,29.9,51,66.2,715,4212,2026,76,51,24,71,27,881,219,Matches
316,Fer López,,"FW,MF",Celta Vigo,,,7.5,365,6,37,162,174,32,365,34,18,52.9,13,38.2,264,1696,867,27,20,7,33,20,298,58,Matches
317,Fermin López,es ESP,"MF,FW",Barcelona,21,2003,13.9,858,5,58,366,441,59,858,55,25,45.5,26,47.3,490,2516,1137,31,22,12,36,16,649,108,Matches
318,Javi López,es ESP,DF,Real Sociedad,22,2002,21.5,1247,56,379,567,316,12,1247,39,18,46.2,18,46.2,571,3142,1360,36,29,4,24,22,674,64,Matches
319,Pau López,es ESP,GK,Girona,29,1994,0.5,26,20,26,0,0,0,26,0,0,,0,,17,62,31,0,0,0,0,0,13,0,Matches
320,Roberto López,es ESP,MF,Leganés,24,2000,4.4,242,5,42,130,72,2,242,4,2,50,2,50,122,541,243,3,3,0,6,5,141,11,Matches
321,Unai López,es ESP,MF,Rayo Vallecano,28,1995,19,1410,41,327,813,281,20,1410,23,15,65.2,4,17.4,828,3437,1458,22,23,3,24,19,1036,40,Matches
322,Iker Losada,es ESP,"FW,MF",Celta Vigo,22,2001,4,162,4,21,78,66,15,162,5,2,40,3,60,87,492,280,9,5,4,9,3,123,23,Matches
323,Iker Losada,es ESP,"MF,FW",Betis,22,2001,3.7,180,1,30,73,80,6,180,6,2,33.3,4,66.7,101,569,294,9,6,1,6,5,130,16,Matches
324,Pol Lozano,es ESP,MF,Espanyol,24,1999,21.6,1026,61,288,594,157,1,1026,19,5,26.3,12,63.2,506,2691,1302,18,12,0,18,15,596,12,Matches
325,José Luis Gayà,es ESP,DF,Valencia,29,1995,20,1202,51,346,500,362,18,1202,20,7,35,11,55,555,2520,1236,29,27,4,16,4,678,156,Matches
326,Dodi Lukebakio,be BEL,FW,Sevilla,26,1997,34.4,1494,11,147,552,818,145,1493,167,84,50.3,75,44.9,889,6488,3565,131,83,65,117,57,1110,247,Matches
327,Daniel Luna,co COL,MF,Mallorca,21,2003,0.2,17,0,0,5,12,1,17,3,1,33.3,1,33.3,11,36,15,1,0,1,0,0,11,2,Matches
328,Andriy Lunin,ua UKR,GK,Real Madrid,25,1999,7,209,178,208,1,0,0,209,0,0,,0,,116,399,212,0,0,0,0,0,109,0,Matches
329,Darwin Machís,ve VEN,"MF,FW",Valladolid,31,1993,7.1,334,10,57,143,137,6,334,20,5,25,12,60,173,1196,588,17,15,1,5,4,219,43,Matches
330,Pablo Maffeo,es ESP,DF,Mallorca,27,1997,26.3,1389,96,442,558,416,20,1389,85,40,47.1,34,40,671,3711,1777,46,44,7,46,32,701,122,Matches
331,Jon Magunazelaia,es ESP,MF,Real Sociedad,23,2001,0.1,16,0,5,9,4,0,16,0,0,,0,,9,28,9,0,0,0,0,0,9,0,Matches
332,Giorgi Mamardashvili,ge GEO,GK,Valencia,23,2000,34,1163,978,1155,8,0,0,1163,0,0,,0,,574,2610,1452,1,0,0,0,0,490,0,Matches
333,Reinildo Mandava,mz MOZ,DF,Atlético Madrid,30,1994,10.5,717,56,290,326,103,8,717,18,4,22.2,9,50,421,1705,853,14,15,2,8,4,459,15,Matches
334,Javier Manquillo,es ESP,DF,Celta Vigo,30,1994,5.7,413,20,161,222,31,1,413,1,0,0,1,100,248,1017,454,3,5,1,1,0,312,5,Matches
335,Marcão,br BRA,DF,Sevilla,28,1996,6.1,382,58,234,143,6,3,382,5,2,40,1,20,216,987,415,0,0,0,4,3,247,1,Matches
336,Óscar de Marcos,es ESP,DF,Athletic Club,35,1989,17.4,1158,36,303,573,288,16,1158,17,4,23.5,11,64.7,478,2003,1036,26,24,2,11,7,627,78,Matches
337,Alberto Marí,es ESP,FW,Valencia,23,2001,0.1,4,0,0,3,1,0,4,0,0,,0,,2,11,10,0,0,0,0,0,4,2,Matches
338,José María Giménez,uy URU,DF,Atlético Madrid,29,1995,22.2,1582,272,822,735,30,11,1582,3,2,66.7,1,33.3,1006,4430,2336,3,2,0,6,3,1094,1,Matches
339,Arkaitz Mariezkurrena,es ESP,"FW,MF",Real Sociedad,19,2005,2.7,105,5,22,38,46,8,105,5,3,60,2,40,60,222,100,3,1,1,9,6,68,12,Matches
340,Pablo Marín,es ESP,MF,Real Sociedad,21,2003,13.8,641,20,101,348,202,24,641,35,20,57.1,13,37.1,349,1703,753,20,20,6,40,17,419,47,Matches
341,Mika Mármol,es ESP,DF,Las Palmas,23,2001,26.7,1820,145,681,890,257,16,1820,15,7,46.7,8,53.3,793,3825,2342,33,26,1,15,5,1065,62,Matches
342,Mario Maroto,es ESP,MF,Valladolid,20,2003,0.7,49,1,9,29,11,1,49,1,1,100,0,0,22,96,18,0,2,0,1,0,31,0,Matches
343,Unai Marrero,es ESP,GK,Real Sociedad,22,2001,2,66,61,66,0,0,0,66,0,0,,0,,29,105,48,0,0,0,0,0,26,0,Matches
344,Carlos Martín,es ESP,"FW,MF",Alavés,22,2002,14.8,612,21,117,265,236,40,612,36,9,25,26,72.2,305,1180,507,13,11,4,32,19,375,67,Matches
345,Diego Martín,es ESP,FW,Las Palmas,20,2003,0.4,19,0,3,7,9,1,19,0,0,,0,,10,36,24,1,0,0,0,0,12,5,Matches
346,Gerard Martín,es ESP,DF,Barcelona,22,2002,11.5,909,29,203,384,326,19,909,11,4,36.4,7,63.6,413,1438,720,10,12,1,7,4,586,122,Matches
347,Iván Martín,es ESP,MF,Girona,25,1999,22.7,1577,35,285,902,412,18,1577,47,25,53.2,16,34,1044,6536,3039,57,55,1,43,27,1264,76,Matches
348,Jon Martin,es ESP,DF,Real Sociedad,18,2006,10,677,99,381,278,20,13,677,0,0,,0,,375,1871,1034,4,1,0,8,0,432,0,Matches
349,Mario Martín,es ESP,MF,Valladolid,20,2004,19.4,1083,80,349,582,164,25,1083,38,19,50,15,39.5,558,3114,1352,18,16,2,37,23,673,22,Matches
350,Arnau Martinez,es ESP,"DF,MF",Girona,21,2003,29.2,2108,89,625,1009,488,55,2108,37,20,54.1,14,37.8,1183,5730,2704,41,31,5,25,14,1402,102,Matches
351,Iñigo Martínez,es ESP,DF,Barcelona,33,1991,27.7,2652,146,875,1629,156,26,2652,3,3,100,0,0,1711,10196,7336,70,53,0,11,3,2003,11,Matches
352,Javi Martínez,es ESP,MF,Osasuna,24,1999,0.1,10,0,2,8,0,0,10,0,0,,0,,6,16,2,0,0,0,0,0,10,0,Matches
353,Ramón Martínez,es ESP,DF,Sevilla,21,2002,2.9,167,26,83,75,9,3,167,1,1,100,0,0,85,384,204,1,1,0,1,1,108,2,Matches
354,Toni Martínez,es ESP,FW,Alavés,27,1997,11.2,401,15,34,171,203,70,401,15,9,60,5,33.3,162,801,270,13,9,7,41,11,272,57,Matches
355,Javi Martón,es ESP,"FW,MF",Athletic Club,25,1999,0.6,14,0,1,8,5,0,14,0,0,,0,,6,8,1,0,0,0,5,0,8,3,Matches
356,Marvin,es ESP,"DF,FW",Las Palmas,24,2000,11.5,658,32,166,292,207,19,658,18,2,11.1,14,77.8,309,2037,879,29,20,1,26,8,347,72,Matches
357,Omar Mascarell,gq EQG,MF,Mallorca,31,1993,22.1,1189,98,374,719,107,10,1189,15,10,66.7,4,26.7,589,2750,1063,10,13,1,11,9,727,12,Matches
358,Jaime Mata,es ESP,"FW,MF",Las Palmas,35,1988,7.3,270,11,20,135,116,38,270,9,5,55.6,3,33.3,118,458,158,6,3,2,17,3,192,48,Matches
359,Borja Mayoral,es ESP,FW,Getafe,27,1997,12.4,366,9,27,174,171,40,365,20,6,30,10,50,209,852,321,10,9,8,23,20,251,43,Matches
360,Kylian Mbappé,fr FRA,FW,Real Madrid,25,1998,32.3,1572,1,35,439,1114,320,1563,187,83,44.4,91,48.7,1065,6987,3808,150,95,96,84,49,1355,386,Matches
361,Oliver McBurnie,sct SCO,FW,Las Palmas,28,1996,20.4,605,29,57,307,247,93,605,34,16,47.1,18,52.9,269,958,233,7,4,7,38,21,426,75,Matches
362,Scott McKenna,sct SCO,DF,Las Palmas,27,1996,27.4,1745,272,1035,661,54,23,1745,3,3,100,0,0,912,4118,2131,11,10,2,8,4,1140,3,Matches
363,Mateo Mejía,es ESP,FW,Sevilla,21,2003,0.1,2,0,0,1,1,0,2,1,0,0,0,0,1,2,0,0,0,0,0,0,1,0,Matches
364,Arthur Melo,br BRA,MF,Girona,27,1996,10.5,806,31,174,488,150,2,806,14,8,57.1,3,21.4,539,3605,1684,24,18,0,10,9,625,17,Matches
365,Brais Méndez,es ESP,MF,Real Sociedad,27,1997,17,1020,17,129,527,369,58,1020,50,14,28,31,62,554,2635,1127,32,17,8,37,34,744,86,Matches
366,Ferland Mendy,fr FRA,DF,Real Madrid,29,1995,11.2,739,30,188,408,149,4,739,6,3,50,3,50,447,1626,717,12,10,1,10,9,535,40,Matches
367,Nobel Mendy,fr FRA,DF,Betis,19,2004,1.2,71,18,43,28,0,0,71,0,0,,0,,35,131,68,0,0,0,1,0,38,0,Matches
368,Víctor Meseguer,es ESP,MF,Valladolid,25,1999,4.6,234,5,59,124,51,11,234,4,1,25,3,75,100,349,151,2,1,0,7,3,151,22,Matches
369,Miguel,es ESP,FW,Leganés,24,1999,19.2,472,26,51,205,222,60,470,36,8,22.2,25,69.4,258,1047,343,14,17,9,72,26,327,90,Matches
370,Éder Militão,br BRA,DF,Real Madrid,26,1998,10.4,819,92,395,395,33,13,819,8,5,62.5,3,37.5,533,2738,1593,7,7,0,6,3,603,1,Matches
371,Luis Milla,es ESP,MF,Getafe,29,1994,31.9,1802,43,251,1049,524,20,1801,39,21,53.8,14,35.9,799,3920,2139,32,37,4,46,17,890,30,Matches
372,Pere Milla,es ESP,"MF,FW",Espanyol,31,1992,5.1,239,5,44,107,91,17,239,7,2,28.6,4,57.1,117,536,239,9,5,4,16,6,140,27,Matches
373,Óscar Mingueza,es ESP,"MF,DF",Celta Vigo,25,1999,30.3,2460,63,598,1123,759,42,2460,60,25,41.7,31,51.7,1387,6490,3345,69,62,12,41,14,1692,194,Matches
374,Kim Minsu,kr KOR,"MF,FW",Girona,18,2006,0.2,18,0,0,8,10,0,18,2,0,0,2,100,12,62,9,0,0,0,3,1,15,2,Matches
375,Bojan Miovski,mk MKD,FW,Girona,25,1999,9.7,182,5,20,73,89,29,182,7,3,42.9,2,28.6,88,325,83,4,1,4,17,6,121,33,Matches
376,Rafa Mir,es ESP,"FW,MF",Valencia,27,1997,8.4,294,12,48,137,111,27,294,14,2,14.3,11,78.6,145,652,266,10,7,0,12,8,203,28,Matches
377,Luka Modrić,hr CRO,MF,Real Madrid,38,1985,20.3,2124,39,315,1170,659,26,2124,24,14,58.3,9,37.5,1419,7207,3491,62,58,13,23,13,1649,63,Matches
378,Johan Mojica,co COL,DF,Mallorca,31,1992,30.6,1949,96,593,818,569,18,1949,89,33,37.1,48,53.9,1024,5088,2228,66,53,5,52,27,1115,142,Matches
379,Alberto Moleiro,es ESP,"FW,MF",Las Palmas,20,2003,30.2,1416,4,153,682,607,102,1416,150,64,42.7,78,52,946,5912,3126,97,71,28,76,48,1097,179,Matches
380,Nahuel Molina,ar ARG,DF,Atlético Madrid,26,1998,17.7,1366,59,420,606,349,24,1366,30,15,50,13,43.3,782,3387,1971,35,28,4,21,3,883,96,Matches
381,Jon Moncayola,es ESP,MF,Osasuna,26,1998,23.3,1198,37,215,635,356,33,1198,12,4,33.3,7,58.3,571,2284,1070,25,15,6,24,8,727,51,Matches
382,Gonzalo Montiel,ar ARG,"DF,MF",Sevilla,27,1997,1.3,99,9,41,42,16,2,99,1,0,0,0,0,37,153,90,3,0,0,2,0,57,3,Matches
383,Gerard Moreno,es ESP,FW,Villarreal,32,1992,8,404,8,30,183,195,48,401,31,18,58.1,13,41.9,243,1387,601,19,14,9,17,9,324,60,Matches
384,Xavier Moreno,es ESP,FW,Valladolid,19,2004,0.5,17,1,5,7,6,2,17,1,0,0,1,100,8,50,27,1,1,0,0,1,9,5,Matches
385,Mateu Morey,es ESP,DF,Mallorca,24,2000,8.2,502,38,177,227,101,7,502,17,9,52.9,6,35.3,254,1238,581,17,8,6,8,10,272,32,Matches
386,Ilaix Moriba,gn GUI,MF,Celta Vigo,21,2003,23.7,1305,36,218,740,364,39,1305,49,15,30.6,21,42.9,769,3643,1535,34,36,9,51,25,905,64,Matches
387,Manu Morlanes,es ESP,MF,Mallorca,25,1999,14.9,845,32,172,519,163,8,845,8,3,37.5,5,62.5,459,2371,1125,16,23,0,8,10,534,39,Matches
388,Raúl Moro,es ESP,"MF,FW",Valladolid,21,2002,26,1050,17,124,389,559,108,1050,132,57,43.2,67,50.8,607,5692,2999,112,69,60,47,11,713,190,Matches
389,Cristhian Mosquera,es ESP,DF,Valencia,20,2004,36.9,2367,233,1159,1144,74,7,2367,9,5,55.6,4,44.4,1401,7430,4283,35,11,0,18,10,1583,6,Matches
390,Santiago Mouriño,uy URU,DF,Alavés,22,2002,20.5,952,116,465,442,57,14,952,11,4,36.4,5,45.5,442,2624,1513,14,15,0,7,11,440,1,Matches
391,Abdul Mumin,gh GHA,DF,Rayo Vallecano,26,1998,22.4,1351,253,874,447,39,13,1351,10,5,50,4,40,725,3467,1525,12,5,2,16,5,819,6,Matches
392,Aihen Muñoz,es ESP,DF,Real Sociedad,26,1997,12.2,763,44,245,349,173,4,763,12,7,58.3,4,33.3,356,1491,703,26,16,3,10,3,404,28,Matches
393,Álex Muñoz,es ESP,DF,Las Palmas,30,1994,15.7,974,82,392,418,169,19,974,9,2,22.2,6,66.7,398,1740,1027,15,8,1,10,1,544,53,Matches
394,Iker Muñoz,es ESP,MF,Osasuna,21,2002,6.8,365,14,56,235,75,7,365,4,2,50,2,50,184,706,314,6,3,0,6,4,242,10,Matches
395,Javier Muñoz,es ESP,"MF,DF",Las Palmas,29,1995,28.8,1411,44,272,814,342,32,1411,36,21,58.3,13,36.1,700,3825,1599,36,29,7,29,15,939,91,Matches
396,Víctor Muñoz,es ESP,"FW,DF",Real Madrid,21,2003,0.4,17,0,1,0,16,4,17,2,0,0,2,100,15,142,40,3,1,2,1,1,16,9,Matches
397,Vedat Muriqi,xk KVX,FW,Mallorca,30,1994,22.9,733,48,75,358,307,114,730,26,9,34.6,15,57.7,334,1463,476,23,12,10,55,26,550,103,Matches
398,Juan Musso,ar ARG,GK,Atlético Madrid,30,1994,2,61,58,61,0,0,0,61,0,0,,0,,42,224,157,0,0,0,0,0,31,0,Matches
399,Matija Nastasić,rs SRB,DF,Leganés,31,1993,23.4,1128,190,638,476,15,7,1128,1,1,100,0,0,499,2052,1051,1,1,0,5,0,626,0,Matches
400,Natan,br BRA,DF,Betis,23,2001,24.2,1514,197,813,671,42,19,1514,3,2,66.7,0,0,929,4788,2750,12,5,0,15,8,994,6,Matches
401,Pau Navarro,es ESP,DF,Villarreal,19,2005,10.2,668,51,283,323,66,2,668,7,3,42.9,4,57.1,322,1190,568,3,3,0,4,4,403,7,Matches
402,Roberto Navarro,es ESP,"MF,FW",Mallorca,22,2002,14.2,683,16,112,316,278,42,683,67,35,52.2,21,31.3,425,2777,1409,45,46,10,47,34,441,85,Matches
403,Jesús Navas,es ESP,"FW,MF",Sevilla,38,1985,4.7,295,6,40,124,131,5,295,6,4,66.7,2,33.3,150,837,453,13,7,1,5,4,219,48,Matches
404,Yvan Neyou,cm CMR,MF,Leganés,27,1997,25.7,1379,45,325,878,194,9,1379,42,19,45.2,17,40.5,806,3496,1480,24,26,1,28,21,934,30,Matches
405,Tanguy Nianzou,fr FRA,DF,Sevilla,22,2002,5.8,376,49,205,162,11,6,376,3,3,100,0,0,207,924,408,4,3,0,3,0,263,0,Matches
406,Saúl Ñíguez,es ESP,MF,Sevilla,29,1994,17.3,904,35,206,482,226,49,904,28,12,42.9,13,46.4,386,1971,829,13,15,3,26,13,536,39,Matches
407,Tamás Nikitscher,hu HUN,"MF,DF",Valladolid,24,1999,9.5,401,29,143,233,31,6,401,7,5,71.4,1,14.3,189,1151,400,2,5,0,6,9,236,7,Matches
408,Adrian Niño,es ESP,FW,Atlético Madrid,20,2004,0.1,2,0,0,0,2,2,2,0,0,,0,,1,4,0,0,0,0,0,0,1,1,Matches
409,Hugo Novoa,es ESP,"DF,MF",Alavés,21,2003,2.6,100,8,27,42,33,1,100,10,3,30,6,60,50,484,191,7,3,0,6,2,47,10,Matches
410,Randy Nteka,ao ANG,FW,Rayo Vallecano,26,1997,12.5,366,24,45,148,175,40,366,15,5,33.3,8,53.3,159,610,202,10,3,5,32,17,241,44,Matches
411,Unai Núñez,es ESP,DF,Athletic Club,27,1997,7.2,415,55,199,216,3,2,415,3,2,66.7,0,0,225,1108,554,2,0,0,6,0,245,0,Matches
412,Ørjan Nyland,no NOR,GK,Sevilla,33,1990,29.7,1068,904,1057,11,0,0,1068,0,0,,0,,591,2868,1535,0,0,0,0,0,566,0,Matches
413,Allan Nyom,cm CMR,"DF,MF",Getafe,36,1988,9.9,443,21,118,217,110,15,443,9,4,44.4,5,55.6,206,809,381,5,9,0,16,4,235,21,Matches
414,Jan Oblak,si SVN,GK,Atlético Madrid,31,1993,36,1005,934,1004,1,0,0,1005,2,2,100,0,0,540,2652,1581,0,0,0,1,0,356,0,Matches
415,Lucas Ocampos,ar ARG,FW,Sevilla,30,1994,1.9,115,1,11,60,45,5,115,8,2,25,5,62.5,63,377,183,5,4,0,5,3,84,20,Matches
416,Álvaro Odriozola,es ESP,DF,Real Sociedad,28,1995,0.5,35,1,11,15,10,0,35,0,0,,0,,21,79,42,0,1,0,3,1,22,0,Matches
417,Thiago Ojeda,ar ARG,MF,Villarreal,21,2003,0.1,11,1,2,5,4,0,11,0,0,,0,,5,42,34,1,1,0,1,0,7,0,Matches
418,Aingeru Olabarrieta,es ESP,FW,Athletic Club,18,2005,0.6,25,1,2,11,13,0,25,4,1,25,3,75,15,106,59,2,2,0,0,1,18,3,Matches
419,Olasagasti,es ESP,MF,Real Sociedad,23,2000,9.5,512,13,71,294,153,20,512,13,3,23.1,8,61.5,258,1206,534,11,16,2,11,4,335,41,Matches
420,Brian Oliván,es ESP,DF,Espanyol,30,1994,11.3,540,27,157,233,151,8,540,4,1,25,3,75,248,1152,723,21,10,0,10,1,299,57,Matches
421,Lucas Oliveira Rosa,br BRA,DF,Valladolid,24,2000,21,1076,76,411,461,219,21,1076,31,14,45.2,13,41.9,447,2693,1460,31,24,5,29,11,550,74,Matches
422,Dani Olmo,es ESP,"MF,FW",Barcelona,26,1998,13.5,797,18,64,351,390,77,795,45,23,51.1,17,37.8,505,2477,1363,33,35,7,35,26,662,97,Matches
423,Aimar Oroz,es ESP,MF,Osasuna,22,2001,33,1432,13,174,682,607,73,1431,101,49,48.5,42,41.6,913,5564,2730,74,73,17,58,55,1038,142,Matches
424,Ángel Ortíz,es ESP,DF,Betis,20,2004,3.9,272,7,96,114,64,7,272,8,4,50,4,50,133,669,375,4,3,1,7,2,153,20,Matches
425,Gabriel Osei Misehouy,nl NED,"FW,MF",Girona,19,2005,2.9,128,1,5,61,64,7,128,11,7,63.6,4,36.4,100,599,228,5,5,0,7,7,107,22,Matches
426,David Otorbi,es ESP,MF,Valencia,16,2007,0.2,6,0,0,4,2,0,6,2,0,0,0,0,3,24,13,1,0,0,1,0,4,0,Matches
427,Jesús Owono,gq EQG,GK,Alavés,23,2001,5.4,173,144,173,0,0,0,173,1,1,100,0,0,88,405,281,0,0,0,0,0,76,0,Matches
428,Mikel Oyarzabal,es ESP,FW,Real Sociedad,27,1997,25,729,15,59,348,326,107,725,20,9,45,9,45,393,1837,772,31,18,16,63,30,532,133,Matches
429,Cenk Özkacar,tr TUR,DF,Valladolid,23,2000,8.4,507,88,313,187,8,6,507,0,0,,0,,244,1202,624,2,2,0,4,1,306,0,Matches
430,Jon Pacheco,es ESP,DF,Real Sociedad,23,2001,9.5,585,74,281,299,9,5,585,2,1,50,1,50,313,1925,1242,12,3,1,4,0,358,0,Matches
431,Alex Padilla,es ESP,GK,Athletic Club,20,2003,3.6,134,110,131,3,0,0,134,0,0,,0,,69,383,239,0,0,0,0,0,46,0,Matches
432,Isaac Palazón Camacho,es ESP,"MF,FW",Rayo Vallecano,29,1994,24,1285,12,120,592,583,43,1285,66,25,37.9,34,51.5,716,3520,1317,30,29,7,54,43,913,123,Matches
433,Aitor Paredes,es ESP,DF,Athletic Club,24,2000,20.1,1154,127,623,519,15,11,1154,1,0,0,1,100,596,2995,1615,4,3,0,7,1,708,2,Matches
434,Daniel Parejo,es ESP,MF,Villarreal,35,1989,25.3,1732,90,451,989,302,12,1730,12,8,66.7,3,25,898,3618,1638,19,29,0,17,13,1200,26,Matches
435,Iago Parente,es ESP,DF,Valladolid,18,2006,0.8,40,2,20,19,1,0,40,0,0,,0,,32,122,61,0,0,0,0,0,32,1,Matches
436,Álvaro Pascual,es ESP,FW,Sevilla,22,2002,4.5,132,9,18,47,70,20,132,2,1,50,1,50,67,282,79,4,3,3,22,5,84,27,Matches
437,Alfonso Pedraza,es ESP,"DF,MF",Villarreal,28,1996,5.1,274,17,91,90,96,16,274,19,9,47.4,9,47.4,155,1034,586,21,12,6,5,2,165,43,Matches
438,Pedri,es ESP,MF,Barcelona,21,2002,32,3060,37,279,1824,988,50,3060,61,40,65.6,20,32.8,2012,11238,5463,92,103,8,48,35,2389,136,Matches
439,Adrià Pedrosa,es ESP,DF,Sevilla,26,1998,25.5,1526,90,533,634,373,21,1526,37,17,45.9,18,48.6,617,3350,1832,41,49,6,37,15,826,96,Matches
440,Pejiño,es ESP,FW,Las Palmas,28,1996,0.2,9,0,2,3,4,0,9,0,0,,0,,9,57,17,1,0,0,1,0,7,2,Matches
441,Andy Pelmard,fr FRA,DF,Las Palmas,24,2000,2.3,152,11,50,77,25,0,152,2,1,50,0,0,71,418,159,1,1,0,3,0,90,5,Matches
442,Iñaki Peña,es ESP,GK,Barcelona,25,1999,15.5,667,472,651,16,0,0,667,0,0,,0,,399,1757,991,0,0,0,0,0,362,0,Matches
443,Rubén Peña,es ESP,"FW,DF",Osasuna,33,1991,8.6,418,13,64,165,192,18,418,27,10,37,14,51.9,219,1069,536,18,11,4,25,12,256,57,Matches
444,Nicolas Pépé,ci CIV,"FW,MF",Villarreal,29,1995,16.7,842,20,112,266,477,89,842,64,27,42.2,29,45.3,518,3665,1976,76,40,30,52,20,622,159,Matches
445,Peque,es ESP,"MF,FW",Sevilla,21,2002,12.6,485,3,51,253,186,35,485,26,11,42.3,12,46.2,266,1161,556,14,12,1,23,26,346,44,Matches
446,Ayoze Pérez,es ESP,FW,Villarreal,31,1993,21.9,705,7,66,296,355,136,705,78,34,43.6,36,46.2,429,2599,1453,59,31,33,62,34,514,124,Matches
447,Carles Pérez,es ESP,"MF,FW",Getafe,26,1998,15.9,551,16,74,198,291,44,551,50,21,42,27,54,298,2194,952,31,33,9,37,20,327,77,Matches
448,Francisco Perez,es ESP,"FW,MF",Valencia,21,2002,6.3,327,5,50,126,154,16,327,22,8,36.4,14,63.6,198,1440,658,24,11,4,17,14,230,71,Matches
449,Kike Pérez,es ESP,MF,Valladolid,27,1997,13.2,723,19,166,412,159,18,723,22,8,36.4,12,54.5,344,2211,1125,19,18,4,25,13,441,28,Matches
450,Luis Pérez,es ESP,DF,Valladolid,29,1995,28.4,1444,88,490,630,336,9,1444,21,12,57.1,7,33.3,585,2748,1388,41,23,3,28,5,792,117,Matches
451,Romain Perraud,fr FRA,DF,Betis,26,1997,22.2,1419,62,442,565,423,28,1419,35,11,31.4,18,51.4,766,3846,1881,51,25,10,33,14,842,106,Matches
452,Valentín Pezzolesi,es ESP,DF,Las Palmas,17,2007,0.1,6,1,5,0,1,0,6,0,0,,0,,2,4,2,0,0,0,0,0,1,0,Matches
453,Pica,es ESP,DF,Alavés,22,2002,5.5,263,33,135,120,8,5,263,1,1,100,0,0,124,728,496,3,2,0,2,1,133,0,Matches
454,Yeremi Pino,es ESP,"MF,FW",Villarreal,21,2002,21.5,986,30,169,356,477,104,986,58,25,43.1,25,43.1,565,2781,1416,42,26,21,52,23,668,213,Matches
455,Portu,es ESP,"FW,MF",Girona,32,1992,8.7,301,4,33,110,160,25,301,10,4,40,5,50,168,846,518,20,15,4,11,3,214,79,Matches
456,Beñat Prados,es ESP,MF,Athletic Club,23,2001,19.1,991,33,190,628,184,24,991,30,15,50,12,40,480,2312,1081,20,19,1,25,20,604,32,Matches
457,Abdón Prats,es ESP,"FW,MF",Mallorca,31,1992,5.1,146,6,15,76,55,25,145,3,1,33.3,2,66.7,77,215,41,0,0,0,17,12,104,14,Matches
458,Javi Puado,es ESP,"FW,MF",Espanyol,26,1998,33,985,27,140,452,413,102,980,61,21,34.4,35,57.4,623,4528,1960,73,48,22,71,33,703,113,Matches
459,Dani Raba,es ESP,"FW,MF",Leganés,28,1995,20.9,930,23,111,445,398,43,925,91,46,50.5,38,41.8,523,2894,1474,42,42,10,53,40,572,101,Matches
460,Arnau Rafús,es ESP,GK,Valladolid,21,2003,1,43,39,43,0,0,0,43,0,0,,0,,22,97,61,0,0,0,0,0,27,0,Matches
461,Antonio Raillo,es ESP,DF,Mallorca,32,1991,35.6,2185,376,1140,909,142,66,2185,3,2,66.7,1,33.3,1108,6230,3707,31,16,0,7,6,1282,20,Matches
462,Benito Ramírez,es ESP,"DF,FW",Las Palmas,29,1995,5.3,406,16,87,169,155,9,406,15,3,20,9,60,211,1179,580,14,20,1,10,6,251,62,Matches
463,Sandro Ramírez,es ESP,"FW,MF",Las Palmas,29,1995,22.6,930,26,146,383,417,64,929,47,16,34,26,55.3,469,2578,1134,52,21,24,49,28,575,121,Matches
464,Jacobo Ramón,es ESP,DF,Real Madrid,19,2005,2.3,117,9,57,53,9,3,117,0,0,,0,,59,264,126,0,0,0,2,1,71,2,Matches
465,Raphinha,br BRA,"FW,MF",Barcelona,27,1996,31.5,1863,31,114,661,1113,183,1861,103,52,50.5,44,42.7,1016,5592,2865,94,66,46,53,29,1316,349,Matches
466,Andrei Ratiu,ro ROU,DF,Rayo Vallecano,26,1998,34.1,2193,85,590,936,697,71,2193,147,76,51.7,63,42.9,1190,7492,3780,122,87,31,69,49,1365,167,Matches
467,Raúl,es ESP,"FW,MF",Osasuna,23,2000,8.3,266,8,18,113,141,42,266,20,11,55,8,40,153,732,286,10,11,4,24,13,196,49,Matches
468,Abderrahman Rebbach,dz ALG,"FW,MF",Alavés,25,1998,4.3,173,4,27,62,85,18,173,14,3,21.4,9,64.3,103,674,389,16,6,7,9,5,107,34,Matches
469,Álex Remiro,es ESP,GK,Real Sociedad,29,1995,36,1364,1095,1350,14,0,0,1364,0,0,,0,,766,3774,1911,0,0,0,2,0,669,0,Matches
470,Daniel Requena,es ESP,MF,Villarreal,20,2004,0.1,5,0,0,4,1,1,5,0,0,,0,,2,10,9,0,0,0,0,0,5,1,Matches
471,Diego Rico,es ESP,DF,Getafe,31,1993,31.3,1929,78,532,901,516,11,1929,14,6,42.9,6,42.9,694,2551,1235,27,30,3,48,13,772,84,Matches
472,Luis Rioja,es ESP,FW,Alavés,30,1993,0.3,15,0,2,4,10,2,15,0,0,,0,,8,99,71,4,1,2,0,0,10,3,Matches
473,Luis Rioja,es ESP,"MF,FW",Valencia,30,1993,31.5,1505,39,252,533,741,59,1503,91,43,47.3,37,40.7,816,5793,2812,93,57,28,42,40,1031,228,Matches
474,Rodrigo Riquelme,es ESP,"MF,DF",Atlético Madrid,24,2000,5.7,354,6,41,136,185,23,354,24,6,25,16,66.7,246,1708,1001,43,25,10,11,6,259,62,Matches
475,Alberto Risco,es ESP,"MF,FW",Getafe,18,2005,0.8,57,0,7,17,34,5,57,6,1,16.7,5,83.3,32,153,79,3,3,2,5,4,33,6,Matches
476,Mihailo Ristić,rs SRB,"DF,MF",Celta Vigo,28,1995,4.8,302,16,102,130,73,0,302,13,2,15.4,10,76.9,153,818,329,8,2,0,7,4,179,11,Matches
477,Gorka Rivera Alonso,es ESP,"DF,MF",Getafe,19,2004,0.2,17,0,7,8,2,0,17,2,0,0,1,50,5,23,5,0,0,0,2,0,5,0,Matches
478,Marc Roca,es ESP,MF,Betis,27,1996,10.1,632,27,154,374,108,19,632,5,4,80,1,20,385,2069,1037,11,14,0,9,7,427,13,Matches
479,Rodri,es ESP,FW,Betis,24,2000,1.3,86,3,22,32,33,6,86,6,2,33.3,4,66.7,57,401,183,4,3,3,5,2,63,11,Matches
480,Adrian Rodriguez,es ESP,GK,Alavés,23,2000,1.4,58,45,55,3,0,0,58,0,0,,0,,19,135,61,0,0,0,0,0,4,0,Matches
481,Álvaro Rodríguez,uy URU,FW,Getafe,20,2004,9.5,415,15,27,194,204,55,415,33,16,48.5,15,45.5,186,735,221,6,13,2,37,20,300,50,Matches
482,Óscar Rodríguez Arnaiz,es ESP,"MF,FW",Leganés,26,1998,14.8,749,19,113,395,251,21,749,52,21,40.4,26,50,381,2191,968,24,24,8,34,14,491,66,Matches
483,Arturo Rodríguez,es ESP,FW,Las Palmas,17,2006,0.2,11,0,0,3,8,2,11,1,0,0,1,100,7,37,11,1,0,1,0,0,8,2,Matches
484,Damián Rodríguez,es ESP,MF,Celta Vigo,21,2003,10.3,876,15,127,589,162,4,876,2,0,0,2,100,529,2383,1230,8,8,0,4,6,680,12,Matches
485,Dani Rodríguez,es ESP,"MF,FW",Mallorca,36,1988,24,971,27,126,463,395,54,971,34,16,47.1,14,41.2,512,2728,1116,37,38,5,50,46,611,108,Matches
486,Daniel Rodriguez,es ESP,FW,Barcelona,18,2005,0.4,25,0,0,2,23,3,25,1,0,0,0,0,20,154,110,4,0,2,3,0,23,9,Matches
487,James Rodríguez,co COL,"MF,FW",Rayo Vallecano,33,1991,1.6,116,1,16,51,50,4,116,7,5,71.4,2,28.6,71,244,105,3,4,1,5,0,85,7,Matches
488,Javi Rodríguez,es ESP,DF,Celta Vigo,21,2003,27.9,1994,121,709,1072,217,23,1994,22,10,45.5,9,40.9,1187,5254,2820,29,27,1,22,5,1411,51,Matches
489,Jesus Rodríguez,es ESP,FW,Betis,18,2005,12.3,532,5,47,212,284,69,532,84,30,35.7,46,54.8,361,2868,1506,53,36,39,38,20,381,99,Matches
490,Kirian Rodríguez,es ESP,MF,Las Palmas,28,1996,19.5,1357,47,294,872,199,15,1357,16,11,68.8,5,31.3,763,3545,1999,25,24,0,20,14,1027,39,Matches
491,Ricardo Rodríguez,ch SUI,DF,Betis,31,1992,14.2,866,39,253,437,181,7,866,7,4,57.1,3,42.9,434,2005,1105,19,23,1,4,3,498,32,Matches
492,Rodrygo,br BRA,"FW,MF",Real Madrid,23,2001,21.4,1340,14,97,464,802,127,1340,111,49,44.1,46,41.4,889,5906,3404,113,87,50,47,15,1068,253,Matches
493,Leo Román,es ESP,GK,Mallorca,24,2000,7,279,228,277,2,0,0,279,1,1,100,0,0,124,699,396,0,0,0,0,0,122,0,Matches
494,Carlos Romero,es ESP,DF,Espanyol,22,2001,28.4,1366,114,488,490,412,29,1366,52,22,42.3,23,44.2,593,3815,2099,50,35,12,33,13,656,113,Matches
495,Isaac Romero,es ESP,FW,Sevilla,24,2000,24,751,21,69,340,349,89,750,65,21,32.3,36,55.4,382,1633,576,21,10,14,79,61,520,95,Matches
496,Luka Romero,ar ARG,"FW,MF",Alavés,19,2004,2.2,69,0,5,28,37,5,68,3,1,33.3,1,33.3,42,256,69,3,1,1,5,7,45,12,Matches
497,Oriol Romeu,es ESP,MF,Girona,32,1991,15.1,1032,48,223,668,141,4,1032,8,4,50,3,37.5,600,3070,1666,22,16,1,13,13,782,8,Matches
498,Vitor Roque,br BRA,FW,Betis,19,2005,13.7,365,3,27,167,179,57,365,39,10,25.6,25,64.1,213,1250,554,24,14,16,41,35,239,57,Matches
499,Valentin Rosier,fr FRA,DF,Leganés,27,1996,28.8,1615,149,630,706,298,28,1615,45,23,51.1,19,42.2,746,3787,2057,41,31,7,31,21,802,89,Matches
500,Antonio Rüdiger,de GER,DF,Real Madrid,31,1993,25.5,2069,233,969,1016,94,23,2069,7,3,42.9,2,28.6,1373,6532,4120,20,26,2,7,2,1584,4,Matches
501,Aitor Ruibal,es ESP,"DF,FW",Betis,28,1996,14.6,790,45,231,321,248,33,790,27,14,51.9,13,48.1,398,1795,938,21,25,7,27,16,459,64,Matches
502,Abel Ruiz,es ESP,FW,Girona,24,2000,15,391,11,28,188,177,59,389,20,7,35,10,50,225,1274,413,21,12,10,32,18,281,71,Matches
503,Ferrán Ruiz,es ESP,MF,Girona,21,2003,0.2,9,0,3,6,1,0,9,0,0,,0,,5,15,1,0,0,0,1,0,4,0,Matches
504,Youssouf Sabaly,sn SEN,DF,Betis,31,1993,17.6,1170,43,351,591,236,26,1170,20,8,40,10,50,620,2245,1145,25,12,4,27,12,680,63,Matches
505,Umar Sadiq,ng NGA,FW,Valencia,27,1997,9.2,301,8,22,133,150,41,301,25,11,44,12,48,175,940,274,9,8,3,41,24,229,49,Matches
506,Umar Sadiq,ng NGA,FW,Real Sociedad,27,1997,2.5,85,1,12,30,46,16,85,9,5,55.6,4,44.4,49,278,94,5,2,3,14,6,66,18,Matches
507,Jorge Sáenz,es ESP,DF,Leganés,27,1996,18.8,1181,153,643,528,16,12,1181,7,4,57.1,2,28.6,579,2331,1292,5,1,0,6,1,687,2,Matches
508,Jan Salas,es ESP,"MF,FW",Mallorca,18,2005,0.5,32,1,10,13,9,0,32,0,0,,0,,13,83,69,1,1,0,1,0,21,4,Matches
509,Kike Salas,es ESP,DF,Sevilla,22,2002,24.9,1710,177,883,707,129,27,1710,5,3,60,2,40,717,2745,1430,7,3,0,11,2,1022,18,Matches
510,Albert Sambi Lokonga,be BEL,MF,Sevilla,24,1999,16.3,1018,42,262,596,162,17,1018,10,4,40,4,40,533,2948,1640,24,14,1,19,13,746,20,Matches
511,Chuky san jose,es ESP,MF,Valladolid,20,2004,8.1,232,5,37,107,89,12,232,9,4,44.4,5,55.6,107,481,251,6,5,1,14,5,145,27,Matches
512,Oihan Sancet,es ESP,MF,Athletic Club,24,2000,18,767,9,61,378,345,68,764,50,24,48,21,42,464,2996,1662,52,39,8,56,45,610,115,Matches
513,Antonio Sánchez,es ESP,"MF,DF",Mallorca,27,1997,15.5,729,35,211,333,201,20,729,25,14,56,8,32,367,1900,780,18,14,7,26,7,404,53,Matches
514,Iván Sánchez,es ESP,"MF,FW",Valladolid,31,1992,15.6,755,12,127,331,308,22,755,49,28,57.1,10,20.4,467,3520,2016,60,34,11,24,21,520,93,Matches
515,Javi Sánchez,es ESP,DF,Valladolid,27,1997,22.5,1387,228,934,424,32,11,1387,2,2,100,0,0,720,3293,1625,4,3,0,8,1,968,4,Matches
516,Juanlu Sánchez,es ESP,"MF,DF",Sevilla,20,2003,19.1,884,22,204,413,279,31,884,28,11,39.3,16,57.1,427,2330,1394,44,23,8,24,12,558,83,Matches
517,Manu Sánchez,es ESP,DF,Alavés,23,2000,29.3,1477,71,431,615,443,29,1477,37,8,21.6,24,64.9,562,3141,1592,47,27,5,39,20,627,97,Matches
518,Maroan Sannadi,es ESP,FW,Athletic Club,23,2001,8.4,282,2,12,128,145,44,282,30,14,46.7,13,43.3,198,1096,512,21,7,9,41,18,237,67,Matches
519,Jesús Santiago,es ESP,MF,Getafe,20,2004,4.1,184,7,40,109,37,4,184,7,1,14.3,6,85.7,97,490,239,4,5,0,8,0,97,4,Matches
520,Aleksandar Sedlar,rs SRB,DF,Alavés,32,1991,6.6,296,27,138,156,3,2,296,1,0,0,1,100,141,793,489,2,2,0,0,0,156,1,Matches
521,Sergi,es ESP,DF,Leganés,32,1992,32.9,1875,243,1054,790,35,22,1875,5,4,80,0,0,977,4046,2161,3,3,0,7,2,1199,2,Matches
522,Nicolás Serrano,es ESP,FW,Athletic Club,21,2003,1.2,68,1,7,19,42,4,68,9,3,33.3,6,66.7,27,163,65,2,1,1,1,3,44,18,Matches
523,Fábio Silva,pt POR,FW,Las Palmas,22,2002,20.7,706,32,69,311,335,101,703,53,21,39.6,29,54.7,330,1969,810,30,11,21,58,30,491,119,Matches
524,Rui Silva,pt POR,GK,Betis,30,1994,15,553,412,552,1,0,0,553,0,0,,0,,334,1482,710,0,0,0,1,0,277,0,Matches
525,Giuliano Simeone,ar ARG,MF,Atlético Madrid,21,2002,21.4,1034,20,173,416,461,87,1034,68,30,44.1,33,48.5,652,3555,1783,69,42,24,55,20,748,189,Matches
526,Unai Simón,es ESP,GK,Athletic Club,27,1997,21,704,516,698,7,0,0,704,0,0,,0,,397,2064,1133,0,0,0,1,1,328,0,Matches
527,Daley Sinkgraven,nl NED,DF,Las Palmas,29,1995,1,77,4,22,35,20,1,77,1,1,100,0,0,46,262,95,2,2,1,1,1,50,7,Matches
528,Jailson Siqueira,br BRA,"DF,MF",Celta Vigo,28,1995,6.8,551,56,214,306,34,8,551,4,3,75,1,25,369,1861,1091,10,10,2,1,5,414,3,Matches
529,Antonio Sivera,es ESP,GK,Alavés,27,1996,31.2,1045,762,1021,25,0,0,1045,0,0,,0,,482,3054,2180,0,0,0,0,0,339,0,Matches
530,Justin Smith,ca CAN,MF,Espanyol,21,2003,2.3,95,3,33,53,12,0,95,3,1,33.3,2,66.7,41,340,132,4,3,0,4,1,49,7,Matches
531,Alex Sola,es ESP,"MF,FW",Getafe,25,1999,11.4,446,8,63,166,225,35,446,61,21,34.4,35,57.4,265,1570,631,24,12,10,54,21,302,61,Matches
532,Arnau Solà,es ESP,MF,Villarreal,21,2003,0.1,3,0,2,0,1,0,3,0,0,,0,,1,0,0,0,0,0,0,0,2,0,Matches
533,Jhon Solis,co COL,MF,Girona,19,2004,5.9,364,11,67,231,69,6,364,12,5,41.7,6,50,229,1305,557,9,10,1,9,10,274,15,Matches
534,David Soria,es ESP,GK,Getafe,31,1993,38,1118,882,1098,20,0,0,1118,0,0,,0,,459,2883,1988,0,0,0,3,0,286,0,Matches
535,Juan Soriano,es ESP,GK,Leganés,26,1997,6,199,173,199,0,0,0,199,0,0,,0,,90,447,281,0,0,0,0,0,59,0,Matches
536,Hugo Sotelo,es ESP,MF,Celta Vigo,20,2003,13.9,1097,17,177,706,226,10,1097,20,8,40,9,45,656,3170,1326,21,18,2,11,12,860,38,Matches
537,Djibril Sow,ch SUI,MF,Sevilla,27,1997,22.9,1197,35,277,709,219,32,1197,25,10,40,11,44,604,3061,1370,23,16,3,36,9,827,50,Matches
538,Carl Starfelt,se SWE,DF,Celta Vigo,29,1995,25.2,1901,265,963,915,29,11,1901,1,1,100,0,0,1104,4606,2548,11,5,1,9,0,1337,1,Matches
539,Orri Steinn Óskarsson,is ISL,FW,Real Sociedad,19,2004,10.5,285,9,25,127,134,37,285,8,2,25,5,62.5,122,462,154,6,2,5,17,11,207,50,Matches
540,Stoichkov,es ESP,"MF,FW",Alavés,30,1993,7.8,304,6,39,135,135,28,304,18,6,33.3,9,50,179,938,377,9,5,3,20,7,194,41,Matches
541,Cristhian Stuani,uy URU,FW,Girona,37,1986,12,256,10,32,107,118,55,253,5,2,40,2,40,96,292,83,2,0,2,24,7,156,36,Matches
542,Álex Suárez,es ESP,DF,Las Palmas,31,1993,27.3,1609,225,877,684,53,19,1609,2,0,0,2,100,816,3700,1912,6,4,0,12,1,1020,3,Matches
543,Denis Suárez,es ESP,MF,Villarreal,30,1994,6.8,358,5,70,147,143,23,358,17,10,58.8,5,29.4,197,1368,807,27,18,5,13,8,257,24,Matches
544,Luka Sučić,hr CRO,MF,Real Sociedad,21,2002,19.9,1094,20,146,623,339,32,1094,53,25,47.2,24,45.3,666,3752,1594,30,34,5,33,16,779,56,Matches
545,Suso,es ESP,"FW,MF",Sevilla,30,1993,6.7,463,1,53,159,257,15,463,32,14,43.8,16,50,280,1526,769,20,22,2,9,15,334,74,Matches
546,Williot Swedberg,se SWE,"FW,MF",Celta Vigo,20,2004,15,562,6,53,222,293,72,562,44,10,22.7,29,65.9,351,2103,1032,34,21,18,50,16,412,116,Matches
547,Mamadou Sylla,sn SEN,"FW,MF",Valladolid,30,1994,17.6,431,14,44,226,163,37,427,17,5,29.4,8,47.1,188,873,399,15,8,6,43,20,284,52,Matches
548,Wojciech Szczęsny,pl POL,GK,Barcelona,34,1990,15,492,370,482,10,0,0,492,1,1,100,0,0,286,1121,509,0,0,0,0,0,274,0,Matches
549,Alexander Sørloth,no NOR,FW,Atlético Madrid,28,1995,17.4,602,29,58,276,276,116,601,37,14,37.8,22,59.5,323,1713,787,32,13,15,63,32,454,81,Matches
550,Renato Tapia,pe PER,"MF,DF",Leganés,29,1995,26.9,1397,134,469,802,138,13,1397,37,19,51.4,14,37.8,663,2944,1418,17,15,3,33,15,779,20,Matches
551,César Tárrega,es ESP,DF,Valencia,22,2002,33.6,2096,330,1141,914,58,37,2096,15,11,73.3,2,13.3,1134,6087,3641,20,10,0,16,4,1318,1,Matches
552,Aurélien Tchouaméni,fr FRA,"DF,MF",Real Madrid,24,2000,29.9,2324,216,798,1332,207,25,2324,16,10,62.5,3,18.8,1440,7111,3821,19,16,1,23,8,1689,13,Matches
553,Álvaro Tejero,es ESP,"MF,DF",Espanyol,28,1996,13.8,757,33,162,322,286,13,757,14,3,21.4,10,71.4,336,1885,892,27,17,2,17,6,394,72,Matches
554,Martín Tejón,es ESP,"MF,DF",Valencia,20,2004,0.5,34,1,3,14,18,2,34,4,2,50,2,50,17,93,36,0,0,0,1,3,23,6,Matches
555,Nahuel Tenaglia,ar ARG,DF,Alavés,28,1996,32.5,1835,105,575,808,466,48,1835,35,17,48.6,13,37.1,757,3858,2004,42,41,5,36,15,829,98,Matches
556,Marc-André ter Stegen,de GER,GK,Barcelona,32,1992,7.5,262,186,260,2,0,0,262,0,0,,0,,158,755,562,0,0,0,0,0,154,0,Matches
557,Ramón Terrats,es ESP,"MF,FW",Villarreal,23,2000,1.5,106,8,25,54,27,2,106,6,1,16.7,5,83.3,64,194,69,1,0,0,6,2,75,3,Matches
558,Ramón Terrats,es ESP,"MF,FW",Getafe,23,2000,13.5,493,15,77,219,213,23,493,50,25,50,20,40,256,1340,480,8,10,4,33,12,291,37,Matches
559,Raúl de Tomás,es ESP,"DF,FW",Rayo Vallecano,29,1994,0.2,11,0,1,6,4,1,11,1,0,0,1,100,8,33,0,0,0,0,2,1,10,2,Matches
560,Pablo Torre,es ESP,"MF,FW",Barcelona,21,2003,3.4,254,5,27,120,109,10,254,6,2,33.3,3,50,130,503,205,5,7,0,5,6,190,20,Matches
561,David Torres,es ESP,DF,Valladolid,21,2003,15.4,846,139,539,295,18,5,846,2,1,50,1,50,451,2520,1604,11,6,0,2,3,547,3,Matches
562,Ferrán Torres,es ESP,"FW,MF",Barcelona,24,2000,12.3,498,3,30,153,317,81,498,21,11,52.4,8,38.1,291,1348,566,23,14,13,28,13,397,98,Matches
563,Lucas Torró,es ESP,MF,Osasuna,30,1994,32.9,1706,105,457,1004,262,55,1706,9,6,66.7,3,33.3,736,2958,938,10,14,0,42,23,981,30,Matches
564,Hamari Traoré,ml MLI,DF,Real Sociedad,32,1992,7.8,529,22,155,291,88,9,529,10,6,60,4,40,252,987,455,12,2,5,6,1,299,20,Matches
565,Óscar Trejo,ar ARG,MF,Rayo Vallecano,36,1988,5.5,409,7,33,231,152,13,409,22,8,36.4,13,59.1,227,1084,463,15,8,3,25,26,311,28,Matches
566,Viktor Tsyhankov,ua UKR,"FW,MF",Girona,26,1997,21.3,1064,23,103,408,564,74,1064,35,15,42.9,19,54.3,650,4031,1883,62,46,27,32,25,770,195,Matches
567,Beñat Turrientes,es ESP,MF,Real Sociedad,22,2002,10.5,561,27,108,334,125,8,561,24,13,54.2,7,29.2,317,1866,848,18,17,1,20,11,392,28,Matches
568,Christantus Uche,ng NGA,"FW,MF",Getafe,21,2003,27.6,971,17,102,391,498,105,971,91,32,35.2,49,53.8,553,3077,1160,43,26,18,113,67,726,148,Matches
569,Naci Ünüvar,nl NED,"MF,DF",Espanyol,21,2003,0.3,23,0,3,8,12,2,23,2,0,0,1,50,14,68,34,1,0,0,0,0,15,4,Matches
570,Óscar Valentín,es ESP,MF,Rayo Vallecano,29,1994,20.4,1068,79,325,617,138,14,1068,11,5,45.5,4,36.4,509,2254,1158,13,13,1,18,8,571,8,Matches
571,Germán Valera,es ESP,MF,Valencia,22,2002,1.6,73,2,9,33,32,4,73,8,3,37.5,3,37.5,46,276,87,1,0,0,5,1,46,10,Matches
572,Martin Valjent,sk SVK,DF,Mallorca,28,1995,30.7,1723,224,877,774,81,16,1723,10,6,60,1,10,948,5700,3063,23,13,1,13,1,1049,17,Matches
573,Jesús Vallejo,es ESP,DF,Real Madrid,27,1997,1.5,78,7,29,46,5,0,78,0,0,,0,,50,163,62,0,0,0,0,0,52,1,Matches
574,Federico Valverde,uy URU,"MF,DF",Real Madrid,26,1998,33.7,2543,98,528,1461,572,43,2543,28,16,57.1,10,35.7,1525,8009,4084,66,57,5,35,1,1905,76,Matches
575,Siebe Van Der Heyden,be BEL,"DF,MF",Mallorca,26,1998,1.1,83,5,26,42,15,1,83,3,1,33.3,1,33.3,57,218,72,1,0,0,0,2,63,1,Matches
576,Ruben Vargas,ch SUI,"FW,MF",Sevilla,25,1998,7.5,362,8,50,144,173,30,362,33,12,36.4,16,48.5,186,1260,676,29,15,11,31,6,231,63,Matches
577,José Luis García Vayá,es ESP,MF,Valencia,25,1998,19.4,1406,61,291,827,307,12,1404,13,8,61.5,3,23.1,645,2536,1295,13,16,1,16,11,857,19,Matches
578,Jesus Vazquez,es ESP,DF,Valencia,21,2003,10.2,586,36,170,237,188,14,586,36,14,38.9,17,47.2,250,1510,881,32,27,5,14,8,284,48,Matches
579,Lucas Vázquez,es ESP,DF,Real Madrid,33,1991,24.3,1850,66,481,804,577,58,1850,36,19,52.8,15,41.7,1031,4132,2045,37,17,17,34,13,1331,194,Matches
580,Alejo Véliz,ar ARG,FW,Espanyol,20,2003,12.5,317,25,35,189,93,30,317,5,1,20,3,60,123,408,116,2,3,0,34,12,205,27,Matches
581,Mikel Vesga,es ESP,MF,Athletic Club,31,1993,11,653,30,143,398,119,11,652,12,7,58.3,5,41.7,291,1242,591,10,13,3,11,9,400,22,Matches
582,Carlos Vicente,es ESP,"FW,MF",Alavés,25,1999,34.4,1551,28,218,574,780,86,1550,106,34,32.1,63,59.4,781,4788,2188,104,48,28,83,49,898,226,Matches
583,Pau Victor,es ESP,FW,Barcelona,22,2001,3.5,170,5,15,71,87,21,170,12,7,58.3,5,41.7,92,375,171,6,2,6,7,8,125,28,Matches
584,Nacho Vidal,es ESP,DF,Osasuna,29,1995,1.4,65,5,23,24,19,0,65,2,2,100,0,0,24,129,77,3,3,0,2,2,33,5,Matches
585,Fran Vieites,es ESP,GK,Betis,25,1999,4,126,97,124,1,1,1,126,0,0,,0,,59,248,139,0,0,0,0,0,48,0,Matches
586,Sergio Viera,es ESP,MF,Las Palmas,19,2005,1.1,59,1,8,43,9,1,59,2,1,50,1,50,32,119,30,0,0,0,2,0,46,2,Matches
587,Asier Villalibre,es ESP,FW,Alavés,26,1997,3.7,116,6,8,57,52,22,115,12,2,16.7,9,75,55,299,114,4,3,3,9,5,75,18,Matches
588,Iván Villar,es ESP,GK,Celta Vigo,27,1997,4,130,118,128,2,0,0,130,0,0,,0,,60,269,172,0,0,0,0,0,49,0,Matches
589,Viti,es ESP,DF,Las Palmas,26,1997,22,1186,62,396,562,241,23,1186,20,9,45,7,35,491,3138,1498,43,14,4,28,6,559,65,Matches
590,Daniel Vivian,es ESP,DF,Athletic Club,25,1999,29,2085,147,901,1119,79,26,2085,17,10,58.8,6,35.3,1169,6581,4326,36,17,1,19,13,1325,6,Matches
591,Krapyvtsov Vladyslav,ua UKR,GK,Girona,19,2005,2,79,71,78,1,0,0,79,0,0,,0,,54,243,115,0,0,0,0,0,44,0,Matches
592,Iñaki Williams,gh GHA,FW,Athletic Club,30,1994,29.5,1169,35,113,392,679,138,1169,101,33,32.7,56,55.4,739,4233,2259,107,39,49,65,44,898,302,Matches
593,Nico Williams,es ESP,FW,Athletic Club,22,2002,22.2,1064,8,84,333,671,113,1064,187,68,36.4,104,55.6,697,5556,2949,118,58,58,62,46,767,254,Matches
594,Axel Witsel,be BEL,DF,Atlético Madrid,35,1989,9.5,645,82,325,306,16,4,645,2,1,50,1,50,405,2146,1194,2,3,1,9,0,418,1,Matches
595,Lamine Yamal,es ESP,FW,Barcelona,17,2007,31.7,2094,9,104,667,1364,226,2094,316,161,50.9,128,40.5,1486,10141,5270,181,96,95,102,49,1723,433,Matches
596,Daniel Yáñez,es ESP,FW,Real Madrid,17,2007,0,0,0,0,0,0,0,0,0,0,,0,,1,6,6,0,0,0,0,0,1,0,Matches
597,Bertuğ Yıldırım,tr TUR,FW,Getafe,22,2002,12,323,21,32,145,150,46,323,16,7,43.8,6,37.5,133,633,148,8,4,2,40,15,209,48,Matches
598,Arsen Zakharyan,ru RUS,"MF,FW",Real Sociedad,21,2003,0.8,44,1,8,21,15,2,44,1,1,100,0,0,21,67,19,0,1,0,1,0,36,4,Matches
599,Bryan Zaragoza,es ESP,"FW,MF",Osasuna,23,2001,20.4,782,4,70,286,444,84,782,131,57,43.5,67,51.1,544,4839,2697,105,62,51,41,15,585,140,Matches
600,Igor Zubeldia,es ESP,DF,Real Sociedad,27,1997,25.2,1732,163,768,923,46,14,1732,6,6,100,0,0,1036,5787,3741,22,8,1,8,1,1145,3,Matches
601,Martín Zubimendi,es ESP,MF,Real Sociedad,25,1999,32.9,2131,122,489,1332,325,59,2131,28,19,67.9,9,32.1,1074,5591,2548,38,34,5,39,17,1412,43,Matches