Rk,Player,Nation,Pos,Squad,Age,Born,MP,Min,Mn/MP,Min%,90s,Starts,Mn/Start,Compl,Subs,Mn/Sub,unSub,PPM,onG,onGA,#ERROR!,#ERROR!,On-Off,onxG,onxGA,xG+/-,xG+/-90,On-Off,Matches
1,Max Aarons,eng ENG,"DF,MF",Valencia,24,2000,4,120,30,3.5,1.3,1,73,0,3,16,14,0.75,1,3,-2,-1.5,-1.28,1.5,3.7,-2.3,-1.69,-1.52,Matches
2,Álvaro Abajas,es ESP,GK,Leganés,21,2003,0,,,,,0,,0,0,,33,,,,,,,,,,,,Matches
3,Rodrigo Abajas,es ESP,DF,Valencia,21,2003,1,65,65,1.9,0.7,1,65,0,0,,8,0,1,2,-1,-1.38,-1.14,1.4,0.7,0.7,0.93,1.18,Matches
4,Jones El-Abdellaoui,no NOR,FW,Celta Vigo,18,2006,0,,,,,0,,0,0,,9,,,,,,,,,,,,Matches
5,Abel,es ESP,DF,Osasuna,23,2000,35,"2,074",59,60.6,23,20,86,13,15,24,3,1.46,30,35,-5,-0.22,-0.28,25.7,34.4,-8.7,-0.38,-0.32,Matches
6,Nabil Aberdin,fr FRA,MF,Getafe,21,2002,7,263,38,7.7,2.9,4,63,1,3,4,7,1.14,1,2,-1,-0.34,-0.23,1.8,1.6,0.2,0.07,0.34,Matches
7,Abdel Abqar,ma MAR,DF,Alavés,25,1999,29,"2,463",85,72,27.4,29,85,24,0,,0,1.03,30,41,-11,-0.4,-0.5,32,33.4,-1.4,-0.05,0.21,Matches
8,Vicent Abril Sanz,es ESP,GK,Valencia,19,2005,0,,,,,0,,0,0,,1,,,,,,,,,,,,Matches
9,Álvaro Aceves,es ESP,GK,Valladolid,21,2003,0,,,,,0,,0,0,,1,,,,,,,,,,,,Matches
10,Akor Adams,ng NGA,FW,Sevilla,24,2000,4,134,34,3.9,1.5,1,90,1,3,15,0,0.25,1,3,-2,-1.34,-1.04,1,2,-1,-0.71,-0.61,Matches
11,Adrián,es ESP,GK,Betis,37,1987,19,"1,710",90,50,19,19,90,19,0,,17,1.95,39,27,12,0.63,0.89,25.8,25.7,0.2,0.01,-0.19,Matches
12,Julen Agirrezabala,es ESP,GK,Athletic Club,23,2000,14,"1,206",86,35.3,13.4,14,86,12,0,,22,2.21,22,9,13,0.97,0.48,19,11,8,0.6,0.3,Matches
13,Lucien Agoume,fr FRA,MF,Sevilla,22,2002,35,"2,114",60,61.8,23.5,24,84,14,11,10,1,1.09,26,39,-13,-0.55,-0.55,25.7,31.4,-5.8,-0.24,-0.32,Matches
14,Álvaro Aguado,es ESP,MF,Espanyol,28,1996,16,443,28,13,4.9,4,71,0,12,13,20,0.94,6,7,-1,-0.2,0.1,6,8.3,-2.4,-0.48,0.03,Matches
15,Diego Aguado,es ESP,DF,Real Madrid,17,2007,0,,,,,0,,0,0,,4,,,,,,,,,,,,Matches
16,Lorenzo Aguado,es ESP,DF,Real Madrid,21,2002,2,5,3,0.1,0.1,0,,0,2,3,6,3,0,0,0,0,-1.05,0.2,0,0.2,3.53,2.67,Matches
17,Nayef Aguerd,ma MAR,DF,Real Sociedad,28,1996,21,"1,760",84,51.5,19.6,21,84,17,0,,3,1.48,18,15,3,0.15,0.91,25.9,18.8,7,0.36,0.82,Matches
18,Lalo Aguilar,es ESP,DF,Leganés,22,2002,0,,,,,0,,0,0,,1,,,,,,,,,,,,Matches
19,Joseph Aidoo,gh GHA,DF,Valladolid,28,1995,8,583,73,17,6.5,6,78,4,2,57,1,0,6,25,-19,-2.93,-1.51,5.4,15.3,-9.9,-1.53,-0.8,Matches
20,Joseph Aidoo,gh GHA,DF,Celta Vigo,28,1995,1,2,2,0.1,0,0,,0,1,2,13,3,1,0,1,45,44.97,0.3,0,0.3,14.69,14.42,Matches
21,Ilias Akhomach,ma MAR,"MF,FW",Villarreal,20,2004,11,584,53,17.1,6.5,7,69,0,4,25,1,1.91,8,7,1,0.15,-0.45,8.7,6.1,2.6,0.4,-0.17,Matches
22,David Alaba,at AUT,DF,Real Madrid,32,1992,7,317,45,9.3,3.5,4,66,1,3,17,5,2.14,6,4,2,0.57,-0.53,7.1,4.2,2.9,0.82,-0.04,Matches
23,Ibrahim Alani,ng NGA,MF,Valladolid,18,2006,3,160,53,4.7,1.8,1,90,1,2,35,0,0,0,4,-4,-2.25,-0.59,1.9,2.9,-1.1,-0.6,0.29,Matches
24,Raúl Albiol,es ESP,DF,Villarreal,38,1985,15,"1,188",79,34.7,13.2,14,84,12,1,6,13,1.73,26,20,6,0.45,-0.11,22.3,13.8,8.5,0.64,0.16,Matches
25,Alcázar,es ESP,DF,Betis,22,2002,0,,,,,0,,0,0,,5,,,,,,,,,,,,Matches
26,Omar Alderete,py PAR,DF,Getafe,27,1996,34,"2,971",87,86.9,33,34,87,27,0,,0,1.21,32,35,-3,-0.09,0.31,33.5,40.5,-7,-0.21,0.26,Matches
27,Pedro Alemañ,es ESP,MF,Valencia,22,2002,0,,,,,0,,0,0,,3,,,,,,,,,,,,Matches
28,Carles Aleñá,es ESP,"MF,FW",Getafe,26,1998,10,452,45,13.2,5,5,67,0,5,23,7,0.8,2,4,-2,-0.4,-0.31,4,7.7,-3.7,-0.74,-0.57,Matches
29,Carles Aleñá,es ESP,"MF,FW",Alavés,26,1998,14,"1,090",78,31.9,12.1,13,82,5,1,18,1,1.29,11,12,-1,-0.08,0.27,16.4,14.8,1.5,0.13,0.35,Matches
30,Alfon,es ESP,"FW,MF",Celta Vigo,25,1999,26,"1,371",53,40.1,15.2,14,76,4,12,26,9,1.19,24,26,-2,-0.13,-0.31,22.8,17.8,5,0.33,0.07,Matches
31,Tadeo Allende,ar ARG,FW,Celta Vigo,25,1999,1,2,2,0.1,0,0,,0,1,2,7,1.5,0,1,-1,-45,-45.08,0,0,0,0,-0.29,Matches
32,Alex Almansa,es ESP,FW,Espanyol,20,2003,0,,,,,0,,0,0,,3,,,,,,,,,,,,Matches
33,Domingos André Ribeiro Almeida,pt POR,"MF,FW",Valencia,24,2000,34,"1,977",58,57.8,22,24,73,4,10,21,2,1.32,27,29,-2,-0.09,0.41,25.5,29.9,-4.4,-0.2,0.06,Matches
34,Iker Almena,es ESP,"FW,DF",Girona,20,2004,2,48,24,1.4,0.5,0,,0,2,24,0,0.5,1,1,0,0,0.43,1.1,1,0.1,0.24,0.45,Matches
35,Marcos Alonso,es ESP,DF,Celta Vigo,33,1990,31,"2,647",85,77.4,29.4,29,88,25,2,51,0,1.48,41,39,2,0.07,0.07,42.5,28.4,14.1,0.48,0.85,Matches
36,Adrià Altimira,es ESP,"DF,FW",Leganés,23,2001,22,"1,630",74,47.7,18.1,19,79,11,3,43,14,1.18,17,26,-9,-0.5,-0.09,15.6,25.5,-9.9,-0.55,0.13,Matches
37,Sergi Altimira,es ESP,MF,Betis,22,2001,32,"1,972",62,57.7,21.9,22,77,9,10,27,6,1.63,32,33,-1,-0.05,-0.54,33.4,28.9,4.5,0.21,0.23,Matches
38,Hugo Álvarez,es ESP,"MF,DF",Celta Vigo,21,2003,26,"1,572",60,46,17.5,16,80,9,10,29,8,1.31,30,27,3,0.17,0.22,27,19,8,0.46,0.32,Matches
39,Iker Álvarez,AND,GK,Villarreal,23,2001,0,,,,,0,,0,0,,1,,,,,,,,,,,,Matches
40,Julián Álvarez,ar ARG,FW,Atlético Madrid,24,2000,37,"2,509",68,73.4,27.9,30,77,12,7,29,0,1.97,48,17,31,1.11,0.42,46.2,25.4,20.8,0.75,-0.29,Matches
41,Yeray Álvarez,es ESP,DF,Athletic Club,29,1995,21,"1,781",85,52.1,19.8,20,89,19,1,2,9,1.9,20,11,9,0.45,-0.42,25.1,15.9,9.2,0.46,0.13,Matches
42,Selim Amallah,ma MAR,MF,Valladolid,27,1996,24,"1,376",57,40.2,15.3,18,67,2,6,29,7,0.38,11,34,-23,-1.5,0.3,13.7,24.8,-11.1,-0.73,0.24,Matches
43,Amath,sn SEN,"FW,DF",Valladolid,28,1996,13,375,29,11,4.2,5,57,0,8,11,18,0.54,2,6,-4,-0.96,0.81,4.7,5.3,-0.6,-0.14,0.81,Matches
44,Marcos André,br BRA,FW,Valladolid,27,1996,22,"1,188",54,34.7,13.2,14,75,2,8,17,13,0.41,11,32,-21,-1.59,0.14,11.4,22.8,-11.4,-0.87,0,Matches
45,Aleksandar Andreev,bg BUL,GK,Girona,18,2006,0,,,,,0,,0,0,,1,,,,,,,,,,,,Matches
46,Leandro Antonetti,pr PUR,FW,Sevilla,21,2003,2,28,14,0.8,0.3,0,,0,2,14,6,2,0,0,0,0,0.34,0.4,0.3,0.1,0.35,0.47,Matches
47,Antoniu,es ESP,"FW,MF",Espanyol,21,2002,26,"1,022",39,29.9,11.4,13,61,0,13,17,9,1.08,14,10,4,0.35,0.92,12.7,12.2,0.5,0.04,0.79,Matches
48,Antony,br BRA,FW,Betis,24,2000,17,"1,362",80,39.8,15.1,15,85,10,2,40,0,1.88,34,20,14,0.93,1.23,24.3,18.8,5.4,0.36,0.42,Matches
49,Anuar,ma MAR,"MF,FW",Valladolid,29,1995,26,"1,720",66,50.3,19.1,21,76,8,5,25,2,0.42,12,39,-27,-1.41,0.55,15.7,32.8,-17.1,-0.89,-0.05,Matches
50,Aritz Arambarri,es ESP,DF,Leganés,26,1998,2,177,89,5.2,2,2,89,1,0,,1,2,3,2,1,0.51,1.01,2.5,2.6,-0.2,-0.08,0.56,Matches
51,Mauro Arambarri,uy URU,MF,Getafe,28,1995,35,"2,661",76,77.8,29.6,31,83,23,4,23,0,1.11,29,32,-3,-0.1,0.14,31.5,33,-1.5,-0.05,0.9,Matches
52,Jon Aramburu,ve VEN,DF,Real Sociedad,22,2002,35,"2,460",70,71.9,27.3,28,83,19,7,20,2,1.31,26,35,-9,-0.33,-0.14,31.9,30.4,1.5,0.06,0.34,Matches
53,Egoitz Arana,es ESP,GK,Real Sociedad,22,2002,0,,,,,0,,0,0,,6,,,,,,,,,,,,Matches
54,Ronald Araújo,uy URU,DF,Barcelona,25,1999,12,754,63,22,8.4,11,68,5,1,5,7,2.69,22,8,14,1.67,0.02,17.6,5.9,11.7,1.4,0.13,Matches
55,Matías Árbol,es ESP,GK,Sevilla,21,2002,0,,,,,0,,0,0,,10,,,,,,,,,,,,Matches
56,Adu Ares,es ESP,FW,Athletic Club,22,2001,1,19,19,0.6,0.2,0,,0,1,19,2,0,0,1,-1,-4.74,-5.42,0.1,0.3,-0.2,-0.73,-1.14,Matches
57,Jesús Areso,es ESP,DF,Osasuna,25,1999,36,"3,079",86,90,34.2,35,87,24,1,28,1,1.44,47,43,4,0.12,2.23,41,45.5,-4.5,-0.13,1.21,Matches
58,David Argüelles,es ESP,MF,Getafe,22,2002,1,7,7,0.2,0.1,0,,0,1,7,13,1,1,0,1,12.86,13.02,1.4,0,1.4,17.47,17.75,Matches
59,Iñigo Arguibide,es ESP,FW,Osasuna,19,2005,0,,,,,0,,0,0,,2,,,,,,,,,,,,Matches
60,José Arnaiz,es ESP,"FW,MF",Osasuna,29,1995,15,133,9,3.9,1.5,1,45,0,14,6,18,0.6,2,3,-1,-0.68,-0.59,2.9,4.3,-1.4,-0.95,-0.73,Matches
61,Sergio Arribas,es ESP,DF,Betis,21,2003,1,90,90,2.6,1,1,90,1,0,,2,3,1,0,1,1,0.84,0.4,1,-0.6,-0.56,-0.68,Matches
62,Ricard Artero,es ESP,MF,Girona,21,2003,0,,,,,0,,0,0,,3,,,,,,,,,,,,Matches
63,Takuma Asano,jp JPN,"FW,MF",Mallorca,29,1994,21,"1,054",50,30.8,11.7,13,67,0,8,23,2,1.14,14,13,1,0.09,0.47,13.9,11,2.8,0.24,0.66,Matches
64,Raúl Asencio,es ESP,DF,Real Madrid,21,2003,23,"1,670",73,48.8,18.6,18,84,13,5,32,3,2.43,37,16,21,1.13,0.15,40.2,20.6,19.7,1.06,0.4,Matches
65,Iago Aspas,es ESP,"FW,MF",Celta Vigo,36,1987,30,"1,745",58,51,19.4,19,78,8,11,23,3,1.5,30,27,3,0.15,0.21,27.7,19.3,8.3,0.43,0.29,Matches
66,Yaser Asprilla,co COL,"FW,MF",Girona,20,2003,27,"1,405",52,41.1,15.6,15,76,6,12,22,3,1,18,28,-10,-0.64,-0.37,20.1,21.3,-1.1,-0.07,0.23,Matches
67,Ander Astralaga,es ESP,GK,Barcelona,20,2004,0,,,,,0,,0,0,,16,,,,,,,,,,,,Matches
68,Ezequiel Ávila,ar ARG,FW,Betis,30,1994,19,677,36,19.8,7.5,6,62,1,13,23,5,1.63,9,7,2,0.27,0.1,11.4,9.7,1.7,0.23,0.16,Matches
69,Adam Aznou,ma MAR,DF,Valladolid,18,2006,13,876,67,25.6,9.7,10,79,7,3,29,2,0.08,7,23,-16,-1.64,0.05,11.1,14.2,-3.1,-0.32,0.74,Matches
70,César Azpilicueta,es ESP,DF,Atlético Madrid,34,1989,14,875,63,25.6,9.7,10,75,5,4,32,16,1.8,18,8,10,1.03,0.04,16.3,8.1,8.3,0.85,0.04,Matches
71,Papa Ba,es ESP,MF,Girona,19,2004,1,48,48,1.4,0.5,0,,0,1,48,2,0,0,0,0,0,0.43,0.2,0.5,-0.3,-0.6,-0.4,Matches
72,Iker Bachiller,es ESP,DF,Leganés,21,2002,0,,,,,0,,0,0,,13,,,,,,,,,,,,Matches
73,Loïc Bade,fr FRA,DF,Sevilla,24,2000,32,"2,686",84,78.5,29.8,31,86,29,1,21,1,1.06,31,40,-9,-0.3,0.19,32.6,37.5,-4.9,-0.17,-0.19,Matches
74,Alex Baena,es ESP,"MF,FW",Villarreal,23,2001,32,"2,595",81,75.9,28.8,30,84,16,2,33,0,1.91,59,36,23,0.8,1.12,52.5,29.2,23.3,0.81,1.13,Matches
75,Juma Bah,sl SLE,DF,Valladolid,18,2006,12,864,72,25.3,9.6,10,84,8,2,11,3,0.92,6,18,-12,-1.25,0.58,8.9,16.3,-7.4,-0.77,0.13,Matches
76,Eric Bailly,ci CIV,DF,Villarreal,30,1994,12,617,51,18,6.9,8,67,3,4,20,20,1.67,11,14,-3,-0.44,-1.18,11.3,9.4,1.9,0.28,-0.31,Matches
77,Stefan Bajcetic,es ESP,"MF,DF",Las Palmas,19,2004,14,969,69,28.3,10.8,12,75,3,2,35,1,0.64,7,17,-10,-0.93,-0.52,8.6,16,-7.4,-0.69,0.16,Matches
78,Cédric Bakambu,cd COD,FW,Betis,33,1991,25,710,28,20.8,7.9,6,57,0,19,19,7,1.46,15,8,7,0.89,0.89,13.3,12,1.3,0.17,0.08,Matches
79,Jon Balda,es ESP,DF,Real Sociedad,22,2002,0,,,,,0,,0,0,,1,,,,,,,,,,,,Matches
80,Alejandro Balde,es ESP,DF,Barcelona,20,2003,32,"2,284",71,66.8,25.4,26,81,13,6,30,3,2.25,66,22,44,1.73,0.23,61.5,26.3,35.2,1.39,0.25,Matches
81,Iván Balliu,al ALB,DF,Rayo Vallecano,32,1992,25,"1,200",48,35.1,13.3,12,83,9,13,16,13,1.72,12,12,0,0,0.16,14.1,20.5,-6.4,-0.48,-0.6,Matches
82,Jonathan Bamba,ci CIV,"FW,MF",Celta Vigo,28,1996,12,811,68,23.7,9,10,76,4,2,26,4,0.92,10,20,-10,-1.11,-1.52,13.1,11.2,1.9,0.21,-0.1,Matches
83,Adrian Baquerin,es ESP,FW,Valladolid,17,2007,5,49,10,1.4,0.5,0,,0,5,10,9,0,1,0,1,1.84,3.57,1.1,0.1,0.9,1.76,2.66,Matches
84,Valentín Barco,ar ARG,"DF,FW",Sevilla,20,2004,7,288,41,8.4,3.2,3,75,1,4,16,7,1.86,3,4,-1,-0.31,0.03,4.3,4.4,-0.1,-0.03,0.11,Matches
85,Borna Barišić,hr CRO,DF,Leganés,31,1992,1,9,9,0.3,0.1,1,9,0,0,,0,0,0,0,0,0,0.45,0,0,0,-0.08,0.54,Matches
86,Kike Barja,es ESP,"FW,MF",Osasuna,27,1997,15,315,21,9.2,3.5,3,56,0,12,12,11,1.47,6,3,3,0.86,1.06,6,2.9,3.1,0.89,1.26,Matches
87,Enzo Barrenechea,ar ARG,MF,Valencia,23,2001,30,"2,191",73,64.1,24.3,26,81,7,4,22,2,1.37,28,30,-2,-0.08,0.5,27.8,27.9,0,0,0.63,Matches
88,Ander Barrenetxea,es ESP,"MF,FW",Real Sociedad,22,2001,30,"1,263",42,36.9,14,14,58,0,16,28,3,1.17,15,23,-8,-0.57,-0.44,17.5,15.9,1.6,0.11,0.24,Matches
89,Pablo Barrios,es ESP,MF,Atlético Madrid,21,2003,31,"2,330",75,68.1,25.9,28,80,19,3,34,0,2,51,24,27,1.04,0.13,45.7,21.7,24,0.93,0.33,Matches
90,Thierno Barry,fr FRA,FW,Villarreal,21,2002,35,"2,323",66,67.9,25.8,25,81,14,10,29,0,1.8,53,32,21,0.81,0.9,44.3,29.3,15.1,0.58,0.15,Matches
91,Marc Bartra,es ESP,DF,Betis,33,1991,25,"2,099",84,61.4,23.3,23,89,19,2,29,6,1.72,41,29,12,0.51,0.86,33.9,30.7,3.2,0.14,0.09,Matches
92,Aboubacar Bassinga,ci CIV,MF,Las Palmas,19,2005,1,4,4,0.1,0,0,,0,1,4,4,1,0,0,0,0,0.55,0,0.5,-0.5,-10.9,-10.11,Matches
93,Augusto Batalla,ar ARG,GK,Rayo Vallecano,28,1996,32,"2,880",90,84.2,32,32,90,32,0,,3,1.31,34,39,-5,-0.16,-0.32,40.6,41.5,-0.9,-0.03,0.41,Matches
94,Rafael Bauza,es ESP,MF,Espanyol,19,2005,5,183,37,5.4,2,2,62,0,3,20,12,0.8,2,9,-7,-3.44,-3.33,0.8,7.1,-6.4,-3.14,-2.78,Matches
95,Sheraldo Becker,sr SUR,"FW,MF",Real Sociedad,29,1995,22,995,45,29.1,11.1,11,71,2,11,19,4,1,8,11,-3,-0.27,0.03,11.5,13.5,-2,-0.18,-0.2,Matches
96,Donny van de Beek,nl NED,MF,Girona,27,1997,26,"1,421",55,41.5,15.8,16,74,4,10,25,6,1.12,25,23,2,0.13,0.94,20.1,21.5,-1.4,-0.09,0.21,Matches
97,Luken Beitia,es ESP,DF,Real Sociedad,20,2004,1,8,8,0.2,0.1,0,,0,1,8,5,3,0,0,0,0,0.29,0.1,0,0.1,0.93,0.97,Matches
98,Ismael Bekhoucha,ma MAR,"MF,DF",Getafe,19,2004,5,69,14,2,0.8,0,,0,5,14,6,0.2,0,2,-2,-2.61,-2.53,1.4,0.9,0.5,0.63,0.9,Matches
99,Rayane Belaid,es ESP,DF,Atlético Madrid,19,2005,0,,,,,0,,0,0,,3,,,,,,,,,,,,Matches
100,Hamza Bellari,es ESP,FW,Valencia,21,2003,0,,,,,0,,0,0,,3,,,,,,,,,,,,Matches
101,Héctor Bellerín,es ESP,DF,Betis,29,1995,9,580,64,17,6.4,6,83,5,3,28,10,2.11,10,6,4,0.62,0.53,11.5,8.7,2.8,0.43,0.39,Matches
102,Jude Bellingham,eng ENG,MF,Real Madrid,21,2003,31,"2,488",80,72.7,27.6,29,84,19,2,28,0,2.19,61,33,28,1.01,-0.15,54.4,32.9,21.5,0.78,-0.29,Matches
103,Fran Beltrán,es ESP,MF,Celta Vigo,25,1999,34,"2,421",71,70.8,26.9,29,79,15,5,28,4,1.59,37,39,-2,-0.07,-0.43,36.6,28.7,7.9,0.29,0.02,Matches
104,Carlos Benavídez,uy URU,MF,Alavés,26,1998,18,487,27,14.2,5.4,6,59,1,12,11,12,1.32,7,11,-4,-0.74,-0.56,5.9,7.2,-1.3,-0.23,-0.14,Matches
105,Iker Benito,es ESP,"FW,MF",Osasuna,21,2002,2,37,19,1.1,0.4,0,,0,2,19,14,1.5,0,2,-2,-4.86,-4.81,0,1,-1,-2.45,-2.23,Matches
106,Jorge Benito,es ESP,GK,Getafe,18,2006,0,,,,,0,,0,0,,3,,,,,,,,,,,,Matches
107,Yuri Berchiche,es ESP,DF,Athletic Club,34,1990,30,"2,044",68,59.8,22.7,22,86,20,8,19,5,1.9,33,18,15,0.66,0.01,31.2,24.5,6.8,0.3,-0.25,Matches
108,Álex Berenguer,es ESP,"FW,MF",Athletic Club,29,1995,36,"2,339",65,68.4,26,28,76,6,8,26,1,1.78,36,18,18,0.69,0.11,36.8,26.6,10.2,0.39,-0.03,Matches
109,Marc Bernal,es ESP,MF,Barcelona,17,2007,3,242,81,7.1,2.7,3,81,1,0,,0,3,6,3,3,1.12,-0.58,6,2.3,3.7,1.39,0.1,Matches
110,Juan Bernat,es ESP,"DF,MF",Villarreal,31,1993,10,212,21,6.2,2.4,1,90,1,9,14,9,1.5,5,3,2,0.85,0.34,4.7,2.5,2.2,0.92,0.41,Matches
111,Juan Bernat,es ESP,"MF,DF",Getafe,31,1993,14,699,50,20.4,7.8,9,67,1,5,18,1,1.29,8,12,-4,-0.52,-0.48,9.2,12.7,-3.5,-0.45,-0.26,Matches
112,Juan Berrocal,es ESP,DF,Getafe,25,1999,19,"1,063",56,31.1,11.8,11,80,6,8,23,14,0.95,7,12,-5,-0.42,-0.42,10.5,14.9,-4.4,-0.37,-0.18,Matches
113,Stipe Biuk,hr CRO,MF,Valladolid,21,2002,0,,,,,0,,0,0,,1,,,,,,,,,,,,Matches
114,Antonio Blanco,es ESP,MF,Alavés,24,2000,35,"2,727",78,79.7,30.3,32,83,19,3,19,1,1.14,24,39,-15,-0.5,-1.14,33.4,37.4,-4,-0.13,-0.11,Matches
115,Daley Blind,nl NED,DF,Girona,34,1990,34,"2,780",82,81.3,30.9,31,87,29,3,29,1,1.03,38,46,-8,-0.26,0.87,35.7,35.9,-0.2,-0.01,1.08,Matches
116,Adama Boiro,es ESP,"DF,FW",Athletic Club,22,2002,18,"1,101",61,32.2,12.2,13,74,3,5,28,18,1.89,18,8,10,0.82,0.24,18,10.6,7.4,0.61,0.31,Matches
117,Enzo Boyomo,cm CMR,DF,Osasuna,22,2001,34,"2,987",88,87.3,33.2,33,89,32,1,45,0,1.38,45,44,1,0.03,1.07,40.3,45.4,-5.2,-0.16,0.77,Matches
118,Enzo Boyomo,cm CMR,DF,Valladolid,22,2001,3,270,90,7.9,3,3,90,3,0,,0,1.33,1,3,-2,-0.67,1.1,2.3,2.9,-0.6,-0.21,0.71,Matches
119,Darko Brašanac,rs SRB,MF,Leganés,32,1992,30,"1,617",54,47.3,18,15,80,5,15,28,5,1.17,18,29,-11,-0.61,-0.31,16.5,30.7,-14.2,-0.79,-0.33,Matches
120,Tajon Buchanan,ca CAN,MF,Villarreal,25,1999,13,416,32,12.2,4.6,4,65,0,9,17,1,2,9,8,1,0.22,-0.35,8.2,7.9,0.3,0.06,-0.54,Matches
121,Ante Budimir,hr CRO,FW,Osasuna,33,1991,38,"2,952",78,86.3,32.8,34,84,15,4,24,0,1.37,44,42,2,0.06,1.21,39.1,41.7,-2.6,-0.08,1.27,Matches
122,Manu Bueno,es ESP,"MF,FW",Sevilla,20,2004,9,140,16,4.1,1.6,1,69,0,8,9,9,1,3,3,0,0,0.36,1.9,3.3,-1.4,-0.9,-0.81,Matches
123,Endika Buján,es ESP,FW,Athletic Club,21,2003,1,7,7,0.2,0.1,0,,0,1,7,2,3,0,0,0,0,-0.66,0,0,0,0,-0.4,Matches
124,Pablo Busto,es ESP,DF,Betis,18,2005,0,,,,,0,,0,0,,1,,,,,,,,,,,,Matches
125,Pau Cabanes,es ESP,"MF,FW",Villarreal,19,2005,10,163,16,4.8,1.8,0,,0,10,16,5,1.3,5,1,4,2.21,1.77,5.8,1.1,4.7,2.58,2.15,Matches
126,Pau Cabanes,es ESP,"MF,FW",Alavés,19,2005,6,188,31,5.5,2.1,2,52,0,4,21,11,0.5,1,2,-1,-0.48,-0.23,2.9,3.1,-0.2,-0.1,0.01,Matches
127,Leandro Cabrera,uy URU,DF,Espanyol,33,1991,33,"2,869",87,83.9,31.9,32,88,30,1,45,0,1.06,36,41,-5,-0.16,0.82,29.7,43.5,-13.9,-0.44,0.46,Matches
128,Fernando Calero,es ESP,"DF,MF",Espanyol,28,1995,21,715,34,20.9,7.9,6,82,3,15,15,10,1.57,8,12,-4,-0.5,-0.27,8.7,12.3,-3.6,-0.45,0.07,Matches
129,Dawda Camara,mr MTN,FW,Girona,21,2002,0,,,,,0,,0,0,,2,,,,,,,,,,,,Matches
130,Eduardo Camavinga,fr FRA,"MF,DF",Real Madrid,21,2002,19,"1,102",58,32.2,12.2,11,84,8,8,22,1,2.21,24,10,14,1.14,0.13,21,12.6,8.3,0.68,-0.25,Matches
131,Sergio Camello,es ESP,FW,Rayo Vallecano,23,2001,23,"1,134",49,33.2,12.6,14,64,0,9,27,2,1.52,14,15,-1,-0.08,0.04,15,14.9,0.1,0.01,0.15,Matches
132,José Campaña,es ESP,MF,Las Palmas,31,1993,25,"1,189",48,34.8,13.2,15,67,0,10,19,5,1,12,18,-6,-0.45,0.15,12.1,18.5,-6.3,-0.48,0.5,Matches
133,Peio Canales,es ESP,"MF,FW",Athletic Club,19,2005,8,259,32,7.6,2.9,2,60,0,6,23,13,2,2,1,1,0.35,-0.34,3.6,2.3,1.3,0.44,0.04,Matches
134,Antonio Candela,it ITA,DF,Valladolid,24,2000,12,906,76,26.5,10.1,12,76,5,0,,4,0.08,6,30,-24,-2.38,-0.95,8.7,20.2,-11.5,-1.14,-0.37,Matches
135,Sergi Canós,es ESP,"MF,FW",Valencia,27,1997,17,370,22,10.8,4.1,2,58,0,15,17,17,0.94,4,9,-5,-1.22,-1.07,5.9,6.1,-0.2,-0.05,0.2,Matches
136,Dani Cárdenas,es ESP,GK,Rayo Vallecano,27,1997,6,540,90,15.8,6,6,90,6,0,,32,1.67,7,6,1,0.17,0.32,4.9,7.5,-2.7,-0.44,-0.41,Matches
137,Irvin Cardona,fr FRA,"FW,MF",Espanyol,26,1997,16,606,38,17.7,6.7,5,68,0,11,24,2,0.94,7,5,2,0.3,0.71,7,6,1,0.15,0.8,Matches
138,Marc Cardona,es ESP,"FW,DF",Las Palmas,29,1995,11,132,12,3.9,1.5,0,,0,11,12,21,0.64,2,4,-2,-1.36,-0.84,2.8,4.7,-1.9,-1.3,-0.51,Matches
139,Sergi Cardona,es ESP,DF,Villarreal,25,1999,35,"2,945",84,86.1,32.7,34,86,24,1,18,1,1.91,60,44,16,0.49,-0.27,57.3,37.4,20,0.61,0.52,Matches
140,Johnny Cardoso,us USA,MF,Betis,22,2001,28,"2,144",77,62.7,23.8,24,86,19,4,18,3,1.61,39,32,7,0.29,0.29,31.5,36,-4.5,-0.19,-0.79,Matches
141,José Carlos González,es ESP,DF,Las Palmas,18,2006,1,11,11,0.3,0.1,0,,0,1,11,0,0,0,1,-1,-8.18,-7.65,0,0.9,-0.9,-7.14,-6.36,Matches
142,Juan Carlos,es ESP,GK,Girona,36,1988,0,,,0,0,0,,0,0,,33,0,0,1,-1,,,,,,,,Matches
143,Carmona,es ESP,DF,Sevilla,22,2002,35,"2,942",84,86,32.7,35,84,22,0,,0,1.09,33,47,-14,-0.43,-0.62,33.3,41,-7.7,-0.24,-0.81,Matches
144,Sergio Carreira,es ESP,"MF,DF",Celta Vigo,23,2000,23,"1,656",72,48.4,18.4,19,82,14,4,25,9,1.52,26,24,2,0.11,0.11,22.2,20.8,1.4,0.08,-0.4,Matches
145,Dani Carvajal,es ESP,DF,Real Madrid,32,1992,8,609,76,17.8,6.8,7,85,5,1,15,0,2.25,12,3,9,1.33,0.34,11.3,5.3,5.9,0.88,0.03,Matches
146,William Carvalho,pt POR,MF,Betis,32,1992,14,484,35,14.2,5.4,6,60,1,8,15,1,1.5,3,5,-2,-0.37,-0.65,5.5,6.6,-1.1,-0.21,-0.37,Matches
147,Marc Casado,es ESP,MF,Barcelona,20,2003,23,"1,611",70,47.1,17.9,20,78,10,3,19,7,2.22,49,14,35,1.96,0.56,43.9,19.2,24.7,1.38,0.14,Matches
148,Castrin,es ESP,FW,Sevilla,21,2003,0,,,,,0,,0,0,,1,,,,,,,,,,,,Matches
149,Català,es ESP,DF,Espanyol,19,2004,0,,,,,0,,0,0,,1,,,,,,,,,,,,Matches
150,Catena,es ESP,DF,Osasuna,29,1994,35,"3,074",88,89.9,34.2,35,88,32,0,,1,1.46,44,45,-1,-0.03,0.75,40.5,48.4,-7.9,-0.23,0.22,Matches
151,Maximiliano Caufriez,be BEL,DF,Valencia,27,1997,1,90,90,2.6,1,1,90,1,0,,10,1,1,1,0,0,0.27,0.7,2.2,-1.5,-1.48,-1.29,Matches
152,Dani Ceballos,es ESP,MF,Real Madrid,27,1996,23,"1,215",53,35.5,13.5,15,74,4,8,13,6,2.43,30,11,19,1.41,0.55,30.8,14.3,16.6,1.23,0.58,Matches
153,Franco Cervi,ar ARG,"FW,MF",Celta Vigo,30,1994,7,273,39,8,3,4,60,0,3,11,25,1.43,3,6,-3,-0.99,-1.13,2.1,5.2,-3.1,-1.01,-1.4,Matches
154,Raúl Chasco,es ESP,DF,Valladolid,20,2003,2,130,65,3.8,1.4,1,90,1,1,40,21,1.5,4,4,0,0,1.75,2.7,2.4,0.3,0.23,1.14,Matches
155,Pep Chavarría,es ESP,"DF,FW",Rayo Vallecano,26,1998,34,"2,585",76,75.6,28.7,28,87,24,6,26,2,1.38,31,35,-4,-0.14,-0.14,36.5,33.1,3.3,0.12,0.86,Matches
156,Walid Cheddira,ma MAR,FW,Espanyol,26,1998,22,640,29,18.7,7.1,5,59,0,17,20,12,1,8,9,-1,-0.14,0.18,7.4,11,-3.6,-0.51,0,Matches
157,Chema,es ESP,MF,Real Madrid,19,2005,2,12,6,0.4,0.1,0,,0,2,6,5,3,0,0,0,0,-1.06,0.2,0.1,0.1,0.99,0.14,Matches
158,Julián Chicco,ar ARG,"MF,DF",Leganés,26,1998,14,302,22,8.8,3.4,2,80,1,12,12,23,1.14,4,8,-4,-1.19,-0.82,3.2,7.2,-4,-1.18,-0.62,Matches
159,Chiquinho,pt POR,"MF,FW",Mallorca,24,2000,8,146,18,4.3,1.6,1,56,0,7,13,23,1.13,4,2,2,1.23,1.54,3.3,1.6,1.7,1.02,1.29,Matches
160,Andreas Christensen,dk DEN,DF,Barcelona,28,1996,5,254,51,7.4,2.8,2,83,1,3,29,7,3,4,2,2,0.71,-1.03,5.5,3.6,2,0.7,-0.65,Matches
161,Jasper Cillessen,nl NED,GK,Las Palmas,35,1989,27,"2,335",86,68.3,25.9,27,86,25,0,,5,0.96,31,42,-11,-0.42,0.41,25,47.9,-22.9,-0.88,-0.25,Matches
162,Pathé Ciss,sn SEN,"MF,DF",Rayo Vallecano,30,1994,33,"2,140",65,62.6,23.8,25,78,10,8,25,3,1.33,24,32,-8,-0.34,-0.62,26.9,33.1,-6.3,-0.26,-0.45,Matches
163,Seydouba Cissé,gn GUI,MF,Leganés,23,2001,34,"2,435",72,71.2,27.1,31,76,11,3,30,2,1.12,27,37,-10,-0.37,0.27,25.4,40.3,-15,-0.55,0.21,Matches
164,Silvi Clúa,es ESP,MF,Girona,19,2005,4,163,41,4.8,1.8,2,68,0,2,14,7,2.25,3,3,0,0,0.44,2.3,0.8,1.5,0.83,1.09,Matches
165,Eray Cömert,ch SUI,"DF,MF",Valladolid,26,1998,25,"1,779",71,52,19.8,21,82,13,4,13,7,0.48,13,53,-40,-2.02,-0.71,17.5,37.7,-20.2,-1.02,-0.32,Matches
166,Santi Comesaña,es ESP,MF,Villarreal,27,1996,35,"2,560",73,74.9,28.4,30,82,19,5,18,2,1.83,48,42,6,0.21,-1.25,46,34.9,11.2,0.39,-0.57,Matches
167,Diego Conde,es ESP,GK,Villarreal,25,1998,22,"1,962",89,57.4,21.8,22,89,21,0,,11,1.77,41,33,8,0.37,-0.37,36.4,24.7,11.7,0.54,0,Matches
168,Martín Conde,es ESP,DF,Celta Vigo,21,2003,0,,,,,0,,0,0,,2,,,,,,,,,,,,Matches
169,Tomás Conechny,ar ARG,"FW,MF",Alavés,26,1998,22,847,39,24.8,9.4,9,64,1,13,21,9,1.09,11,16,-5,-0.53,-0.36,10.3,11.9,-1.6,-0.17,-0.08,Matches
170,Copete,es ESP,DF,Mallorca,24,1999,25,"1,528",61,44.7,17,16,88,15,9,13,9,1.2,14,21,-7,-0.41,-0.32,16.2,21.8,-5.5,-0.33,-0.21,Matches
171,Iker Córdoba,es ESP,DF,Valencia,18,2005,2,15,8,0.4,0.2,0,,0,2,8,10,0.5,0,0,0,0,0.26,0.3,0,0.2,1.52,1.75,Matches
172,Ángel Correa,ar ARG,"FW,MF",Atlético Madrid,29,1995,31,805,26,23.5,8.9,3,57,0,28,23,3,2,21,5,16,1.79,1.03,18.7,6.4,12.4,1.38,0.74,Matches
173,Thierry Correia,pt POR,DF,Valencia,25,1999,11,768,70,22.5,8.5,9,79,4,2,28,0,0.64,7,13,-6,-0.7,-0.57,7.3,13.2,-6,-0.7,-0.61,Matches
174,Álvaro Cortés,es ESP,DF,Barcelona,19,2005,0,,,,,0,,0,0,,1,,,,,,,,,,,,Matches
175,Guillem Cortiñas,es ESP,DF,Getafe,21,2003,0,,,,,0,,0,0,,3,,,,,,,,,,,,Matches
176,Coba da Costa,es ESP,"MF,FW",Getafe,22,2002,19,"1,006",53,29.4,11.2,12,69,1,7,25,11,1.05,10,10,0,0,0.19,11,15.7,-4.8,-0.43,-0.25,Matches
177,Logan Costa,cv CPV,DF,Villarreal,23,2001,32,"2,587",81,75.6,28.7,28,87,25,4,36,3,1.94,52,40,12,0.42,-0.45,50.1,34.9,15.2,0.53,-0.05,Matches
178,Samu Costa,pt POR,MF,Mallorca,23,2000,32,"2,649",83,77.5,29.4,31,85,23,1,26,0,1.19,25,37,-12,-0.41,-0.76,28.5,37.7,-9.2,-0.31,-0.45,Matches
179,Thibaut Courtois,be BEL,GK,Real Madrid,32,1992,30,"2,700",90,78.9,30,30,90,30,0,,2,2.2,62,29,33,1.1,0.23,57.8,33.6,24.2,0.81,-0.23,Matches
180,Juan Cruz Armada,es ESP,DF,Osasuna,32,1992,25,"1,492",60,43.6,16.6,19,74,6,6,14,12,1.56,19,20,-1,-0.06,0.08,19.8,22.1,-2.3,-0.14,0.2,Matches
181,Juan Cruz,es ESP,"FW,MF",Leganés,24,2000,34,"2,257",66,66,25.1,26,78,10,8,28,4,0.97,27,36,-9,-0.36,0.26,24.3,38.7,-14.4,-0.57,0.12,Matches
182,Pablo Cruz,es ESP,MF,Sevilla,20,2004,0,,,,,0,,0,0,,2,,,,,,,,,,,,Matches
183,Pau Cubarsí,es ESP,DF,Barcelona,17,2007,35,"2,618",75,76.5,29.1,29,84,20,6,30,3,2.26,81,32,49,1.68,0.11,66.7,32.5,34.2,1.18,-0.55,Matches
184,Cucho,co COL,FW,Betis,25,1999,15,"1,139",76,33.3,12.7,14,78,3,1,45,1,2.07,28,15,13,1.03,1.26,19.7,14.2,5.5,0.43,0.49,Matches
185,Iván Cuéllar,es ESP,GK,Mallorca,40,1984,0,,,,,0,,0,0,,28,,,,,,,,,,,,Matches
186,Martin Cuellar,es ESP,,Getafe,17,2007,0,,,,,0,,0,0,,2,,,,,,,,,,,,Matches
187,Andres Cuenca,es ESP,DF,Barcelona,17,2007,0,,,,,0,,0,0,,5,,,,,,,,,,,,Matches
188,Arnaut Danjuma,nl NED,FW,Villarreal,27,1997,3,200,67,5.8,2.2,3,67,0,0,,0,2.33,4,5,-1,-0.45,-1.04,3.4,2.7,0.7,0.31,-0.24,Matches
189,Arnaut Danjuma,nl NED,"FW,MF",Girona,27,1997,25,"1,335",53,39,14.8,15,72,5,10,25,5,0.96,11,26,-15,-1.01,-0.97,14.2,21.3,-7.2,-0.48,-0.45,Matches
190,Sergi Darder,es ESP,"MF,FW",Mallorca,30,1993,38,"2,744",72,80.2,30.5,34,78,9,4,19,0,1.26,27,33,-6,-0.2,0.2,30.3,37,-6.6,-0.22,-0.02,Matches
191,Noah Darvich,de GER,MF,Barcelona,17,2006,0,,,,,0,,0,0,,2,,,,,,,,,,,,Matches
192,Lulo Dasilva,es ESP,MF,Sevilla,21,2002,0,,,,,0,,0,0,,3,,,,,,,,,,,,Matches
193,Rodrigo De Paul,ar ARG,MF,Atlético Madrid,30,1994,34,"2,106",62,61.6,23.4,23,76,8,11,33,0,1.94,41,17,24,1.03,0.07,41.8,20.5,21.3,0.91,0.23,Matches
194,Mouctar Diakhaby,gn GUI,DF,Valencia,27,1996,13,653,50,19.1,7.3,7,83,4,6,12,5,2,9,7,2,0.28,0.67,6.3,10,-3.6,-0.5,-0.34,Matches
195,Assane Diao,sn SEN,FW,Betis,18,2005,10,277,28,8.1,3.1,2,62,0,8,19,8,1.6,3,4,-1,-0.32,-0.55,4.6,6.5,-1.9,-0.61,-0.78,Matches
196,Moussa Diarra,ml MLI,DF,Alavés,23,2000,26,"1,866",72,54.6,20.7,20,89,18,6,16,8,0.81,21,31,-10,-0.48,-0.48,21.6,26.7,-5.1,-0.25,-0.3,Matches
197,Alassane Diatta,sn SEN,MF,Villarreal,19,2005,0,,,,,0,,0,0,,1,,,,,,,,,,,,Matches
198,Brahim Díaz,ma MAR,"FW,MF",Real Madrid,24,1999,31,"1,385",45,40.5,15.4,16,68,5,15,20,0,2.1,43,16,27,1.75,1.18,37.1,19.4,17.7,1.15,0.5,Matches
199,Daniel Díaz,es ESP,MF,Real Sociedad,18,2006,1,10,10,0.3,0.1,0,,0,1,10,1,3,0,1,-1,-9,-8.74,0,0.2,-0.2,-2.01,-1.98,Matches
200,Pedro Díaz,es ESP,MF,Rayo Vallecano,26,1998,26,"1,211",47,35.4,13.5,12,73,3,14,24,12,1.27,15,17,-2,-0.15,-0.07,16.4,19.6,-3.2,-0.24,-0.22,Matches
201,Diego,es ESP,FW,Leganés,24,2000,28,"1,195",43,34.9,13.3,13,77,3,15,13,6,1.14,15,23,-8,-0.6,-0.24,14.4,21.1,-6.8,-0.51,0.16,Matches
202,Stole Dimitrievski,mk MKD,GK,Valencia,30,1993,4,360,90,10.5,4,4,90,4,0,,34,0.5,4,6,-2,-0.5,-0.26,5.6,6.9,-1.3,-0.33,-0.12,Matches
203,Yan Diomandé,ci CIV,"MF,FW",Leganés,17,2006,10,545,55,15.9,6.1,6,73,3,4,28,0,1.3,8,7,1,0.17,0.73,8.4,6.6,1.9,0.31,1.1,Matches
204,Álvaro djaló,es ESP,FW,Athletic Club,24,1999,17,659,39,19.3,7.3,7,58,0,10,25,12,1.76,7,6,1,0.14,-0.65,8.1,7.8,0.3,0.04,-0.44,Matches
205,Djené,tg TOG,"DF,MF",Getafe,32,1991,31,"2,548",82,74.5,28.3,31,82,23,0,,1,1.16,24,24,0,0,0.52,25.3,32.8,-7.5,-0.27,-0.07,Matches
206,Marko Dmitrović,rs SRB,GK,Leganés,32,1992,32,"2,880",90,84.2,32,32,90,32,0,,6,1.09,36,49,-13,-0.41,0.26,32,51.2,-19.2,-0.6,0.1,Matches
207,Jaume Doménech,es ESP,GK,Valencia,33,1990,0,,,,,0,,0,0,,23,,,,,,,,,,,,Matches
208,Marc Domenech,es ESP,"FW,MF",Mallorca,18,2006,10,303,30,8.9,3.4,3,59,0,7,18,12,0.6,2,2,0,0,0.26,2.9,5.1,-2.2,-0.66,-0.49,Matches
209,Carlos Dominguez,es ESP,DF,Celta Vigo,23,2001,19,"1,181",62,34.5,13.1,13,82,10,6,19,18,1.68,22,19,3,0.23,0.27,16.9,15.6,1.3,0.1,-0.28,Matches
210,Israel Domínguez,es ESP,FW,Sevilla,21,2003,1,18,18,0.5,0.2,0,,0,1,18,2,0,0,0,0,0,0.34,0.8,0,0.8,4.19,4.33,Matches
211,Sergi Dominguez,es ESP,DF,Barcelona,19,2005,3,172,57,5,1.9,2,71,0,1,30,16,2,8,4,4,2.09,0.46,4.3,4.3,0,0.01,-1.36,Matches
212,Daouda Doumbia,ml MLI,MF,Alavés,22,2002,0,,,,,0,,0,0,,2,,,,,,,,,,,,Matches
213,Anastasios Douvikas,gr GRE,FW,Celta Vigo,24,1999,20,700,35,20.5,7.8,6,66,0,14,22,2,1.25,14,13,1,0.13,0.1,12.3,9,3.4,0.43,0.18,Matches
214,Domingos Duarte,pt POR,DF,Getafe,29,1995,22,"1,859",85,54.4,20.7,21,88,18,1,2,15,1.32,22,25,-3,-0.15,-0.03,20.4,28.2,-7.8,-0.38,-0.28,Matches
215,Duk,cv CPV,"MF,FW",Leganés,24,2000,10,179,18,5.2,2,1,65,0,9,13,6,1.2,3,2,1,0.5,1,1.6,2.4,-0.8,-0.39,0.23,Matches
216,Pablo Durán,es ESP,"FW,MF",Celta Vigo,23,2001,27,"1,394",52,40.8,15.5,15,80,4,12,16,10,1.56,24,23,1,0.06,0.02,20.8,18.9,1.9,0.12,-0.27,Matches
217,Hugo Duro,es ESP,FW,Valencia,24,1999,31,"2,166",70,63.3,24.1,25,80,14,6,27,2,1.1,28,37,-9,-0.37,-0.3,28.4,32.8,-4.4,-0.18,0.12,Matches
218,Unai Eguíluz,es ESP,DF,Athletic Club,22,2002,0,,,,,0,,0,0,,3,,,,,,,,,,,,Matches
219,Chidera Ejuke,ng NGA,FW,Sevilla,26,1998,25,966,39,28.2,10.7,9,72,2,16,20,4,1.04,11,12,-1,-0.09,0.35,11.7,16.2,-4.5,-0.42,-0.42,Matches
220,Aritz Elustondo,es ESP,DF,Real Sociedad,30,1994,22,"1,457",66,42.6,16.2,16,82,12,6,25,8,1.32,22,23,-1,-0.06,0.4,18.6,20,-1.4,-0.09,-0.08,Matches
221,Adri Embarba,es ESP,"FW,MF",Rayo Vallecano,32,1992,35,"1,607",46,47,17.9,18,69,1,17,22,3,1.43,20,21,-1,-0.06,0.09,19.6,23.4,-3.8,-0.22,-0.23,Matches
222,Endrick,br BRA,FW,Real Madrid,18,2006,22,363,17,10.6,4,3,64,0,19,9,15,2.18,6,5,1,0.25,-0.9,8.6,4.2,4.4,1.08,0.25,Matches
223,Antonio Espigare,es ESP,DF,Villarreal,19,2004,0,,,,,0,,0,0,,3,,,,,,,,,,,,Matches
224,Alfonso Espino,uy URU,DF,Rayo Vallecano,32,1992,16,833,52,24.4,9.3,9,76,3,7,22,13,1.25,10,15,-5,-0.54,-0.58,9.8,14.1,-4.3,-0.47,-0.49,Matches
225,Dario Essugo,pt POR,MF,Las Palmas,19,2005,27,"1,938",72,56.7,21.5,25,74,8,2,43,1,0.96,17,27,-10,-0.46,0.2,18.1,34.3,-16.2,-0.75,0.11,Matches
226,Etienne Eto'o,cm CMR,FW,Rayo Vallecano,21,2002,2,40,20,1.2,0.4,0,,0,2,20,8,0.5,2,1,1,2.25,2.38,0.4,0.5,-0.1,-0.18,-0.09,Matches
227,Karl Etta,cm CMR,"MF,FW",Villarreal,20,2003,4,37,9,1.1,0.4,0,,0,4,9,8,2.5,1,1,0,0,-0.53,0.8,0.4,0.4,1,0.46,Matches
228,Edu Expósito,es ESP,MF,Espanyol,27,1996,19,"1,045",55,30.6,11.6,12,75,4,7,20,5,1.11,13,11,2,0.17,0.66,11.9,12.3,-0.4,-0.03,0.69,Matches
229,Abde Ezzalzouli,ma MAR,"FW,MF",Betis,22,2001,32,"1,984",62,58,22,23,75,2,9,28,1,1.47,31,31,0,0,-0.44,31.8,30,1.8,0.08,-0.05,Matches
230,Landry Farré,es ESP,DF,Barcelona,17,2007,0,,,,,0,,0,0,,1,,,,,,,,,,,,Matches
231,Ansu Fati,es ESP,FW,Barcelona,21,2002,6,233,39,6.8,2.6,3,60,0,3,17,17,2.5,4,1,3,1.16,-0.54,6.8,1.5,5.3,2.05,0.8,Matches
232,Nabil Fekir,fr FRA,MF,Betis,31,1993,2,180,90,5.3,2,2,90,2,0,,0,1,1,1,0,0,-0.19,2.8,1.8,1.1,0.53,0.45,Matches
233,Kiko Femenía,es ESP,DF,Villarreal,33,1991,28,"2,227",80,65.1,24.7,27,82,21,1,24,2,1.86,40,34,6,0.24,-0.81,40.4,29.2,11.2,0.45,-0.24,Matches
234,Guilherme Fernandes,pt POR,GK,Betis,23,2001,0,,,,,0,,0,0,,11,,,,,,,,,,,,Matches
235,Aitor Fernández,es ESP,GK,Osasuna,33,1991,1,90,90,2.6,1,1,90,1,0,,37,1,0,0,0,0,0.11,0.4,0.7,-0.3,-0.33,-0.07,Matches
236,Álvaro Fernández,es ESP,GK,Sevilla,26,1998,9,747,83,21.8,8.3,8,90,8,1,27,29,1.11,10,16,-6,-0.72,-0.49,8.4,10.9,-2.5,-0.3,-0.23,Matches
237,César Fernández,es ESP,GK,Celta Vigo,20,2004,0,,,,,0,,0,0,,4,,,,,,,,,,,,Matches
238,Guillermo Fernandez,es ESP,MF,Barcelona,16,2008,0,,,,,0,,0,0,,6,,,,,,,,,,,,Matches
239,Marcos Fernández,es ESP,FW,Betis,21,2003,0,,,,,0,,0,0,,1,,,,,,,,,,,,Matches
240,Pelayo Fernandez,es ESP,DF,Rayo Vallecano,21,2003,2,98,49,2.9,1.1,1,90,1,1,8,23,3,2,0,2,1.84,2,0.6,1.7,-1.1,-0.97,-0.9,Matches
241,Rafa Fernández,es ESP,GK,Osasuna,20,2004,0,,,,,0,,0,0,,1,,,,,,,,,,,,Matches
242,Roberto Férnandez,es ESP,FW,Espanyol,22,2002,19,"1,497",79,43.8,16.6,18,82,5,1,28,0,1.37,17,16,1,0.06,0.62,15.4,18.7,-3.3,-0.2,0.55,Matches
243,Toni Fernández,es ESP,MF,Barcelona,16,2008,0,,,,,0,,0,0,,3,,,,,,,,,,,,Matches
244,Valery Fernández,es ESP,"MF,FW",Mallorca,24,1999,18,309,17,9,3.4,1,66,0,17,14,12,1.56,11,5,6,1.75,2.18,6.1,6.2,-0.1,-0.02,0.21,Matches
245,André Ferreira,pt POR,GK,Valladolid,28,1996,6,540,90,15.8,6,6,90,6,0,,27,0,7,20,-13,-2.17,-0.57,7.1,12.5,-5.3,-0.89,-0.02,Matches
246,Diego Ferrer,,GK,Getafe,,,0,,,,,0,,0,0,,2,,,,,,,,,,,,Matches
247,Mateo Flores,es ESP,MF,Betis,20,2004,6,153,26,4.5,1.7,1,75,0,5,16,15,1.17,2,3,-1,-0.59,-0.81,4.8,2.1,2.7,1.62,1.58,Matches
248,Pablo Fornals,es ESP,"MF,FW",Betis,28,1996,26,"1,827",70,53.4,20.3,22,78,7,4,28,2,1.54,26,24,2,0.1,-0.18,27.1,28.1,-0.9,-0.05,-0.32,Matches
249,Héctor Fort,es ESP,DF,Barcelona,17,2006,17,585,34,17.1,6.5,5,75,1,12,18,19,2.24,17,9,8,1.23,-0.52,16.6,8.1,8.5,1.31,0.01,Matches
250,Fortuño,es ESP,GK,Espanyol,22,2001,0,,,,,0,,0,0,,38,,,,,,,,,,,,Matches
251,Dimitri Foulquier,fr FRA,DF,Valencia,31,1993,32,"2,299",72,67.2,25.5,25,86,20,7,21,1,1.22,32,40,-8,-0.31,-0.15,31.2,36,-4.8,-0.19,0.12,Matches
252,Juan Foyth,ar ARG,DF,Villarreal,26,1998,19,"1,517",80,44.4,16.9,17,88,15,2,13,2,2.11,34,14,20,1.19,1.19,31,16.4,14.6,0.87,0.59,Matches
253,Aitor Fraga,es ESP,GK,Real Sociedad,21,2003,0,,,,,0,,0,0,,11,,,,,,,,,,,,Matches
254,Fran,es ESP,GK,Real Madrid,19,2005,1,90,90,2.6,1,1,90,1,0,,24,0,1,2,-1,-1,-2.11,3.4,0.8,2.7,2.66,1.86,Matches
255,Alejandro Francés,es ESP,DF,Girona,21,2002,18,"1,173",65,34.3,13,13,80,7,5,26,18,0.89,13,26,-13,-1,-0.88,14,19.3,-5.4,-0.41,-0.31,Matches
256,Enric Franquesa,es ESP,"DF,FW",Leganés,27,1997,12,616,51,18,6.8,7,76,4,5,17,1,1.08,9,10,-1,-0.15,0.37,5.2,10.1,-4.9,-0.71,-0.12,Matches
257,Jorge de Frutos,es ESP,"FW,MF",Rayo Vallecano,27,1997,36,"2,495",69,73,27.7,30,76,6,6,37,0,1.42,35,30,5,0.18,1.06,33.4,35.1,-1.6,-0.06,0.13,Matches
258,Darío Fuentes,es ESP,DF,Sevilla,21,2003,1,5,5,0.1,0.1,0,,0,1,5,0,3,0,0,0,0,0.34,0,0.5,-0.5,-8.87,-8.76,Matches
259,Jon Fuentes,es ESP,MF,Osasuna,21,2003,0,,,,,0,,0,0,,1,,,,,,,,,,,,Matches
260,Manuel Fuster,es ESP,"FW,MF",Las Palmas,26,1997,28,"1,003",36,29.3,11.1,8,69,2,20,23,10,0.61,12,21,-9,-0.81,-0.36,11.8,19.6,-7.8,-0.7,0.14,Matches
261,Javi Galán,es ESP,DF,Atlético Madrid,29,1994,25,"1,784",71,52.2,19.8,21,78,11,4,38,11,2,38,14,24,1.21,0.44,37.9,16.2,21.7,1.09,0.57,Matches
262,Iñigo Ruiz de Galarreta,es ESP,MF,Athletic Club,30,1993,26,"1,477",57,43.2,16.4,18,70,0,8,28,1,2.19,28,11,17,1.04,0.67,23.4,15.5,7.9,0.48,0.14,Matches
263,Conor Gallagher,eng ENG,MF,Atlético Madrid,24,2000,32,"1,633",51,47.7,18.1,19,68,4,13,26,5,2,34,19,15,0.83,-0.33,28.5,18.4,10.1,0.56,-0.51,Matches
264,Facundo Garcés,ar ARG,DF,Alavés,24,1999,10,678,68,19.8,7.5,7,90,7,3,16,10,1.7,5,5,0,0,0.33,7.6,10.2,-2.6,-0.35,-0.29,Matches
265,Álvaro García,es ESP,"FW,MF",Rayo Vallecano,31,1992,36,"2,559",71,74.8,28.4,28,83,14,8,30,0,1.33,28,34,-6,-0.21,-0.42,34.5,35.4,-0.9,-0.03,0.25,Matches
266,Enric García,es ESP,MF,Girona,18,2006,0,,,,,0,,0,0,,2,,,,,,,,,,,,Matches
267,Eric García,es ESP,"DF,MF",Barcelona,23,2001,29,"1,566",54,45.8,17.4,14,85,9,15,25,3,2.52,53,16,37,2.13,0.86,45.9,18.2,27.8,1.6,0.54,Matches
268,Fran Garcia,es ESP,DF,Real Madrid,24,1999,31,"2,171",70,63.5,24.1,24,87,19,7,13,7,2.1,54,23,31,1.29,0.64,54.2,27.3,26.9,1.11,0.71,Matches
269,Germán García,es ESP,GK,Betis,20,2004,0,,,,,0,,0,0,,6,,,,,,,,,,,,Matches
270,Gonzalo García,es ESP,"FW,DF",Real Madrid,20,2004,3,56,19,1.6,0.6,0,,0,3,19,3,3,4,0,4,6.43,5.47,2.3,0.1,2.1,3.4,2.58,Matches
271,Jastin García,es ESP,FW,Girona,20,2004,0,,,,,0,,0,0,,5,,,,,,,,,,,,Matches
272,Joan García,es ESP,GK,Espanyol,23,2001,38,"3,420",90,100,38,38,90,38,0,,0,1.11,40,51,-11,-0.29,,34.4,53.8,-19.4,-0.51,,Matches
273,Lucas García,es ESP,GK,Girona,20,2004,0,,,,,0,,0,0,,4,,,,,,,,,,,,Matches
274,Naim García,es ESP,MF,Leganés,22,2002,0,,,,,0,,0,0,,7,,,,,,,,,,,,Matches
275,Pablo Garcia,es ESP,FW,Betis,17,2006,3,38,13,1.1,0.4,0,,0,3,13,4,1.67,1,0,1,2.37,2.21,0.2,0.4,-0.2,-0.4,-0.51,Matches
276,Rubén García,es ESP,"FW,MF",Osasuna,31,1993,36,"2,413",67,70.6,26.8,30,75,4,6,27,0,1.28,34,32,2,0.07,0.61,31.2,33.8,-2.6,-0.1,0.53,Matches
277,Unai García,es ESP,DF,Osasuna,32,1992,3,65,22,1.9,0.7,1,60,0,2,3,34,1.33,0,4,-4,-5.54,-5.54,0.2,1.9,-1.7,-2.38,-2.16,Matches
278,Yarek Gasiorowski,es ESP,DF,Valencia,19,2005,15,947,63,27.7,10.5,9,88,5,6,26,23,0.93,11,22,-11,-1.05,-1.08,12.8,19.2,-6.4,-0.61,-0.53,Matches
279,Oier Gastesi,es ESP,GK,Athletic Club,20,2003,0,,,,,0,,0,0,,3,,,,,,,,,,,,Matches
280,Gavi,es ESP,"MF,FW",Barcelona,19,2004,26,"1,085",42,31.7,12.1,14,69,4,12,10,3,2.12,26,12,14,1.16,-0.73,29.1,10.9,18.1,1.5,0.29,Matches
281,Paulo Gazzaniga,ar ARG,GK,Girona,32,1992,36,"3,195",89,93.4,35.5,36,89,35,0,,2,1.14,41,51,-10,-0.28,2.12,39.3,43.7,-4.4,-0.12,1.29,Matches
282,Álex Gil,es ESP,MF,Leganés,21,2003,0,,,,,0,,0,0,,1,,,,,,,,,,,,Matches
283,Bryan Gil,es ESP,"FW,MF",Girona,23,2001,25,"1,721",69,50.3,19.1,21,78,4,4,22,0,1.32,29,31,-2,-0.1,0.64,23.5,24.1,-0.6,-0.03,0.35,Matches
284,Iván Gil,es ESP,MF,Las Palmas,24,2000,0,,,,,0,,0,0,,12,,,,,,,,,,,,Matches
285,Aitor Gismera,es ESP,MF,Atlético Madrid,20,2004,0,,,,,0,,0,0,,1,,,,,,,,,,,,Matches
286,Dani Gómez,es ESP,FW,Valencia,26,1998,14,532,38,15.6,5.9,5,81,1,9,14,7,0.71,5,9,-4,-0.68,-0.49,6.9,10.3,-3.5,-0.59,-0.43,Matches
287,Moi Gómez,es ESP,"MF,FW",Osasuna,30,1994,26,796,31,23.3,8.8,6,76,3,20,17,10,1.27,2,19,-17,-1.92,-2.37,6.1,15.8,-9.7,-1.1,-1.1,Matches
288,Rubén Gómez,es ESP,GK,Villarreal,22,2002,0,,,,,0,,0,0,,8,,,,,,,,,,,,Matches
289,Sergi Gómez,es ESP,DF,Espanyol,32,1992,12,664,55,19.4,7.4,6,86,5,6,25,25,1.08,7,13,-6,-0.81,-0.65,5.8,11.7,-5.8,-0.79,-0.35,Matches
290,Sergio Gómez,es ESP,"MF,DF",Real Sociedad,23,2000,37,"2,738",74,80.1,30.4,31,82,18,6,34,1,1.24,26,33,-7,-0.23,0.3,30.7,35.9,-5.2,-0.17,-0.66,Matches
291,Unai Gómez,es ESP,"MF,FW",Athletic Club,21,2003,32,"1,284",40,37.5,14.3,14,61,0,18,24,4,1.75,13,12,1,0.07,-0.94,17.6,17.6,0,0,-0.64,Matches
292,Antonio Gomis,es ESP,GK,Atlético Madrid,21,2003,0,,,,,0,,0,0,,31,,,,,,,,,,,,Matches
293,Fabio González,es ESP,MF,Las Palmas,27,1997,2,53,27,1.5,0.6,0,,0,2,27,14,1.5,2,1,1,1.7,2.29,0.6,1.6,-1,-1.77,-0.99,Matches
294,Jorge Gonzalez,es ESP,DF,Valladolid,19,2005,0,,,,,0,,0,0,,9,,,,,,,,,,,,Matches
295,Manu González,es ESP,GK,Betis,17,2007,0,,,,,0,,0,0,,8,,,,,,,,,,,,Matches
296,Peter González,do DOM,"MF,FW",Getafe,22,2002,17,477,28,13.9,5.3,2,57,0,15,24,21,0.47,5,6,-1,-0.19,-0.07,7.8,8.2,-0.3,-0.06,0.21,Matches
297,Urko González,es ESP,MF,Espanyol,23,2001,17,"1,374",81,40.2,15.3,16,84,7,1,24,0,1.35,17,14,3,0.2,0.81,14.4,16.8,-2.4,-0.16,0.59,Matches
298,Urko González,es ESP,MF,Real Sociedad,23,2001,1,45,45,1.3,0.5,1,45,0,0,,9,0,0,0,0,0,0.29,0.6,0.5,0,0.03,0.07,Matches
299,Andoni Gorosabel,es ESP,DF,Athletic Club,27,1996,20,"1,485",74,43.4,16.5,17,84,9,3,20,17,1.7,16,12,4,0.24,-0.73,17.3,18.2,-0.9,-0.05,-0.8,Matches
300,Mikel Goti,es ESP,MF,Real Sociedad,22,2002,0,,,,,0,,0,0,,1,,,,,,,,,,,,Matches
301,José Gragera,es ESP,MF,Espanyol,23,2000,10,569,57,16.6,6.3,7,71,2,3,25,3,1,4,12,-8,-1.27,-1.17,5.5,11.5,-5.9,-0.94,-0.51,Matches
302,Dominik Greif,sk SVK,GK,Mallorca,27,1997,31,"2,790",90,81.6,31,31,90,31,0,,7,1.32,30,34,-4,-0.13,0.59,32.3,32.2,0,0,1.15,Matches
303,Antoine Griezmann,fr FRA,"FW,MF",Atlético Madrid,33,1991,38,"2,469",65,72.2,27.4,29,75,9,9,31,0,2,40,21,19,0.69,-1.11,41.2,22.7,18.5,0.67,-0.53,Matches
304,Florian Grillitsch,at AUT,MF,Valladolid,28,1995,13,623,48,18.2,6.9,7,63,1,6,30,1,0.08,5,15,-10,-1.44,0.29,6.6,11.7,-5.1,-0.73,0.17,Matches
305,Vicente Guaita,es ESP,GK,Celta Vigo,37,1987,34,"3,060",90,89.5,34,34,90,34,0,,3,1.44,49,48,1,0.03,-0.22,47.8,36.3,11.4,0.34,0.47,Matches
306,Sergi Guardiola,es ESP,FW,Rayo Vallecano,33,1991,16,362,23,10.6,4,1,54,0,15,21,18,1.25,6,4,2,0.5,0.67,7.8,4.4,3.4,0.84,1.04,Matches
307,Nemanja Gudelj,rs SRB,"MF,DF",Sevilla,32,1991,31,"2,493",80,72.9,27.7,27,87,21,4,33,4,1.16,35,42,-7,-0.25,0.33,33.3,34.1,-0.8,-0.03,0.35,Matches
308,Javier Guerra,es ESP,MF,Valencia,21,2003,36,"2,581",72,75.5,28.7,31,80,14,5,17,1,1.25,37,41,-4,-0.14,0.5,33.7,37.8,-4.1,-0.14,0.35,Matches
309,Ander Guevara,es ESP,MF,Alavés,27,1997,33,"1,947",59,56.9,21.6,20,80,10,13,27,5,1.12,24,24,0,0,0.61,24,25.7,-1.7,-0.08,0.07,Matches
310,Pape Gueye,sn SEN,MF,Villarreal,25,1999,34,"2,224",65,65,24.7,26,79,12,8,22,0,1.76,41,29,12,0.49,-0.12,39.5,25.8,13.8,0.56,0.06,Matches
311,Hugo Guillamón,es ESP,MF,Valencia,24,2000,12,364,30,10.6,4,4,70,1,8,11,26,1.25,2,7,-5,-1.24,-1.09,2,9.2,-7.3,-1.79,-1.75,Matches
312,Carlos Guirao,es ESP,MF,Leganés,21,2003,0,,,,,0,,0,0,,1,,,,,,,,,,,,Matches
313,Carlos Guirao,es ESP,MF,Betis,21,2003,2,110,55,3.2,1.2,2,55,0,0,,1,0,1,6,-5,-4.09,-4.42,0.9,2.3,-1.3,-1.08,-1.23,Matches
314,Arda Güler,tr TUR,"MF,FW",Real Madrid,19,2005,28,"1,250",45,36.5,13.9,14,73,2,14,16,10,2.36,28,17,11,0.79,-0.41,28.1,16,12.1,0.87,0.03,Matches
315,Gerard Gumbau,es ESP,MF,Rayo Vallecano,29,1994,22,849,39,24.8,9.4,7,65,0,15,26,15,1.18,8,13,-5,-0.53,-0.57,13.2,12.4,0.8,0.08,0.23,Matches
316,Jon Guridi,es ESP,"MF,FW",Alavés,29,1995,33,"2,080",63,60.8,23.1,27,72,5,6,23,3,1.15,24,27,-3,-0.13,0.34,24.7,24,0.7,0.03,0.36,Matches
317,Gorka Guruzeta,es ESP,FW,Athletic Club,27,1996,36,"1,840",51,53.8,20.4,21,69,4,15,26,1,1.92,28,13,15,0.73,0.16,25.7,18.9,6.8,0.33,-0.15,Matches
318,Miguel Gutiérrez,es ESP,"DF,MF",Girona,23,2001,29,"2,458",85,71.9,27.3,29,85,22,0,,1,1.21,35,41,-6,-0.22,0.72,31.4,31.6,-0.2,-0.01,0.72,Matches
319,Munir El Haddadi,ma MAR,"FW,MF",Leganés,28,1995,25,862,34,25.2,9.6,10,62,1,15,16,7,1,17,9,8,0.84,1.71,11.6,13.6,-2,-0.21,0.54,Matches
320,Sébastien Haller,ci CIV,FW,Leganés,30,1994,8,404,51,11.8,4.5,5,71,1,3,16,4,0.75,2,9,-7,-1.56,-1.26,2.1,7.7,-5.6,-1.24,-0.71,Matches
321,Henrique,br BRA,DF,Valladolid,30,1994,5,352,70,10.3,3.9,4,77,2,1,45,2,0,3,11,-8,-2.05,-0.4,3.3,8.9,-5.6,-1.43,-0.62,Matches
322,Javi Hernández,es ESP,DF,Leganés,26,1998,31,"2,389",77,69.9,26.5,27,86,21,4,17,5,1.03,25,38,-13,-0.49,-0.14,25,40.5,-15.5,-0.58,0.1,Matches
323,Aridane Hernández,es ESP,DF,Rayo Vallecano,35,1989,14,"1,025",73,30,11.4,11,84,9,3,33,23,1.21,13,17,-4,-0.35,-0.35,15.5,14.1,1.5,0.13,0.32,Matches
324,Jorge Herrando,es ESP,DF,Osasuna,23,2001,18,"1,366",76,39.9,15.2,15,90,15,3,5,20,1.22,14,23,-9,-0.59,-0.81,15.8,24.6,-8.8,-0.58,-0.55,Matches
325,Ander Herrera,es ESP,MF,Athletic Club,34,1989,8,273,34,8,3,2,71,0,6,22,6,1.13,3,2,1,0.33,-0.36,5.8,1.9,3.9,1.28,0.95,Matches
326,Sergio Herrera,es ESP,GK,Osasuna,31,1993,37,"3,330",90,97.4,37,37,90,37,0,,0,1.38,48,52,-4,-0.11,-0.11,43.7,53,-9.3,-0.25,0.07,Matches
327,Yangel Herrera,ve VEN,MF,Girona,26,1998,29,"2,257",78,66,25.1,27,82,16,2,19,1,1.17,26,35,-9,-0.36,0.18,25.2,32.8,-7.6,-0.3,-0.28,Matches
328,Juan Herzog,es ESP,DF,Las Palmas,21,2003,19,"1,315",69,38.5,14.6,15,82,11,4,22,19,0.42,9,23,-14,-0.96,-0.66,13.8,26.4,-12.6,-0.86,-0.1,Matches
329,Omar El Hilali,ma MAR,DF,Espanyol,20,2003,36,"3,153",88,92.2,35,36,88,30,0,,0,1.14,38,45,-7,-0.2,1.15,31.4,50.6,-19.2,-0.55,-0.48,Matches
330,Roger Hinojo,es ESP,DF,Espanyol,19,2005,1,9,9,0.3,0.1,0,,0,1,9,11,0,0,0,0,0,0.29,0.2,0.4,-0.1,-1.46,-0.95,Matches
331,Dinko Horkaš,hr CRO,GK,Las Palmas,25,1999,13,"1,085",83,31.7,12.1,11,90,11,2,48,23,0.54,9,19,-10,-0.83,-0.41,11.3,18.9,-7.6,-0.63,0.25,Matches
332,Pablo Ibáñez,es ESP,MF,Osasuna,25,1998,28,"1,294",46,37.8,14.4,13,71,4,15,25,10,1.54,15,24,-9,-0.63,-0.84,15.9,21.3,-5.5,-0.38,-0.2,Matches
333,Stanis Idumbo,be BEL,"FW,MF",Sevilla,19,2005,14,284,20,8.3,3.2,3,50,0,11,12,22,1,7,7,0,0,0.37,3.7,5.6,-1.9,-0.6,-0.52,Matches
334,Iglesias,es ESP,DF,Getafe,26,1998,37,"2,888",78,84.4,32.1,32,85,25,5,33,1,1.05,28,35,-7,-0.22,-0.56,29.2,40,-10.8,-0.34,-0.57,Matches
335,Borja Iglesias,es ESP,FW,Celta Vigo,31,1993,37,"1,952",53,57.1,21.7,24,70,1,13,21,1,1.49,30,31,-1,-0.05,-0.23,28.2,23.1,5.2,0.24,-0.11,Matches
336,Kelechi Iheanacho,ng NGA,FW,Sevilla,27,1996,9,400,44,11.7,4.4,5,59,0,4,26,10,0.89,2,6,-4,-0.9,-0.63,4.2,4.5,-0.3,-0.07,0.06,Matches
337,Isco,es ESP,MF,Betis,32,1992,22,"1,547",70,45.2,17.2,17,82,9,5,31,0,1.77,35,24,11,0.64,0.83,24.9,21.7,3.2,0.19,0.15,Matches
338,Alejandro Iturbe,es ESP,GK,Atlético Madrid,20,2003,0,,,,,0,,0,0,,1,,,,,,,,,,,,Matches
339,Diego Iturralde,es ESP,FW,Sevilla,21,2003,1,37,37,1.1,0.4,1,37,0,0,,2,0,0,1,-1,-2.43,-2.11,0.2,0,0.1,0.31,0.43,Matches
340,Ander Izagirre,es ESP,DF,Athletic Club,21,2003,0,,,,,0,,0,0,,1,,,,,,,,,,,,Matches
341,Ivan Jaime Pajuelo,es ESP,MF,Valencia,23,2000,9,297,33,8.7,3.3,2,60,0,7,25,1,1.33,4,7,-3,-0.91,-0.71,4.3,4.7,-0.4,-0.14,0.1,Matches
342,Karl Jakob Hein,ee EST,GK,Valladolid,22,2002,31,"2,790",90,81.6,31,31,90,31,0,,2,0.52,18,68,-50,-1.61,0.39,26.7,54.4,-27.7,-0.89,-0.14,Matches
343,Omar Janneh,es ESP,FW,Atlético Madrid,17,2006,0,,,,,0,,0,0,,1,,,,,,,,,,,,Matches
344,Adnan Januzaj,be BEL,"MF,FW",Las Palmas,29,1995,18,598,33,17.5,6.6,5,74,1,13,18,6,0.56,9,8,1,0.15,0.85,7.6,12.2,-4.6,-0.7,0.13,Matches
345,Mikel Jauregizar,es ESP,MF,Athletic Club,20,2003,34,"2,244",66,65.6,24.9,25,80,16,9,27,2,1.91,34,21,13,0.52,-0.4,33.5,27,6.5,0.26,-0.41,Matches
346,Alejandro Jay Agustín,es ESP,MF,Alavés,22,2002,0,,,,,0,,0,0,,1,,,,,,,,,,,,Matches
347,David Jiménez,es ESP,DF,Real Madrid,20,2004,0,,,,,0,,0,0,,2,,,,,,,,,,,,Matches
348,Raúl Jiménez,es ESP,GK,Valencia,18,2006,0,,,,,0,,0,0,,4,,,,,,,,,,,,Matches
349,Pere Joan,es ESP,GK,Mallorca,22,2002,0,,,,,0,,0,0,,3,,,,,,,,,,,,Matches
350,John Joe,ie IRL,"MF,FW",Getafe,20,2003,4,48,12,1.4,0.5,0,,0,4,12,5,1,0,0,0,0,0.13,0.4,2.1,-1.6,-3.07,-2.86,Matches
351,Jofre,es ESP,"MF,FW",Espanyol,23,2001,37,"2,165",59,63.3,24.1,26,73,3,11,23,0,1.11,23,38,-15,-0.62,-0.91,18.6,38.3,-19.7,-0.82,-0.84,Matches
352,Frenkie de Jong,nl NED,MF,Barcelona,27,1997,26,"1,143",44,33.4,12.7,9,72,3,17,29,3,2.35,42,18,24,1.89,0.35,34.3,17.2,17.1,1.35,0.07,Matches
353,Joan Jordán,es ESP,MF,Alavés,30,1994,25,"1,414",57,41.3,15.7,15,76,5,10,28,4,1.08,19,20,-1,-0.06,0.34,20.1,18.6,1.6,0.1,0.36,Matches
354,Juanmi,es ESP,"FW,MF",Getafe,31,1993,13,696,54,20.4,7.7,8,74,1,5,21,1,1.23,12,8,4,0.52,0.81,8.9,9.4,-0.5,-0.07,0.22,Matches
355,Juanmi,es ESP,"FW,MF",Betis,31,1993,11,244,22,7.1,2.7,2,60,0,9,14,9,0.91,3,3,0,0,-0.2,3.6,2.8,0.8,0.29,0.2,Matches
356,Juanpe,es ESP,DF,Girona,33,1991,12,727,61,21.3,8.1,8,86,7,4,10,26,1.42,11,18,-7,-0.87,-0.57,8.5,13.7,-5.2,-0.64,-0.55,Matches
357,Juanpe,es ESP,GK,Rayo Vallecano,23,2001,0,,,,,0,,0,0,,7,,,,,,,,,,,,Matches
358,Luiz Lúcio Reis Júnior,br BRA,GK,Villarreal,23,2001,17,"1,458",86,42.6,16.2,16,90,16,1,18,20,1.82,30,18,12,0.74,0.37,28.4,19.7,8.7,0.54,0,Matches
359,Vinicius Júnior,br BRA,FW,Real Madrid,24,2000,30,"2,253",75,65.9,25,24,86,12,6,31,0,2.1,44,24,20,0.8,-0.74,43.8,27,16.8,0.67,-0.54,Matches
360,Stanko Jurić,hr CRO,MF,Valladolid,27,1996,26,"1,729",67,50.6,19.2,19,79,7,7,32,8,0.58,15,46,-31,-1.61,0.14,17.1,36.8,-19.7,-1.03,-0.32,Matches
361,Willy Kambwala,fr FRA,DF,Villarreal,19,2004,19,"1,117",59,32.7,12.4,12,80,8,7,22,11,2.05,20,15,5,0.4,-0.18,17.4,15.7,1.7,0.14,-0.6,Matches
362,Abdoulaye Keita,es ESP,"FW,MF",Getafe,21,2002,3,95,32,2.8,1.1,1,54,0,2,21,9,1,0,0,0,0,0.14,0.6,2.5,-1.9,-1.81,-1.61,Matches
363,Kenedy,br BRA,"MF,FW",Valladolid,28,1996,2,9,5,0.3,0.1,0,,0,2,5,7,0,0,1,-1,-10,-8.34,0,0.3,-0.3,-2.97,-2.11,Matches
364,Kiké,es ESP,FW,Alavés,34,1989,35,"2,542",73,74.3,28.2,29,82,12,6,26,2,1.17,30,25,5,0.18,1.71,32.6,28.7,3.9,0.14,0.97,Matches
365,Álvaro Killane,es ESP,GK,Las Palmas,19,2004,0,,,,,0,,0,0,,13,,,,,,,,,,,,Matches
366,Diego Kochen,us USA,GK,Barcelona,18,2006,0,,,,,0,,0,0,,17,,,,,,,,,,,,Matches
367,Rudy Kohon,fr FRA,DF,Betis,20,2004,0,,,,,0,,0,0,,1,,,,,,,,,,,,Matches
368,Koke,es ESP,MF,Atlético Madrid,32,1992,32,"1,926",60,56.3,21.4,20,76,9,12,33,1,2.06,32,14,18,0.84,-0.36,32.8,19.4,13.4,0.63,-0.45,Matches
369,Ilias Kostis,gr GRE,DF,Atlético Madrid,21,2003,0,,,,,0,,0,0,,7,,,,,,,,,,,,Matches
370,Jules Koundé,fr FRA,DF,Barcelona,25,1998,32,"2,605",81,76.2,28.9,29,88,25,3,21,1,2.28,77,30,47,1.62,-0.14,68.6,31.3,37.3,1.29,-0.07,Matches
371,Alex Král,cz CZE,MF,Espanyol,26,1998,37,"2,714",73,79.4,30.2,29,86,25,8,26,0,1.14,31,45,-14,-0.46,-0.85,26,47.7,-21.7,-0.72,-1.02,Matches
372,Ladislav Krejčí,cz CZE,DF,Girona,25,1999,28,"2,440",87,71.3,27.1,27,90,27,1,10,6,0.89,28,45,-17,-0.63,-0.72,27.6,39.2,-11.5,-0.43,-0.76,Matches
373,Takefusa Kubo,jp JPN,"MF,FW",Real Sociedad,23,2001,36,"2,372",66,69.4,26.4,27,79,10,9,28,1,1.28,25,28,-3,-0.11,0.57,30.1,27.2,2.9,0.11,0.49,Matches
374,Marash Kumbulla,al ALB,DF,Espanyol,24,2000,35,"2,972",85,86.9,33,34,87,29,1,27,0,1.11,35,45,-10,-0.3,-0.1,29.9,48,-18,-0.55,-0.27,Matches
375,César de la Hoz,es ESP,MF,Valladolid,32,1992,0,,,,,0,,0,0,,8,,,,,,,,,,,,Matches
376,Luca de la Torre,us USA,MF,Celta Vigo,26,1998,1,4,4,0.1,0,0,,0,1,4,3,3,0,0,0,0,-0.05,0.4,0,0.3,5.47,5.19,Matches
377,Yoel Lago,es ESP,DF,Celta Vigo,20,2004,8,583,73,17,6.5,7,81,5,1,14,8,1.25,12,14,-2,-0.31,-0.44,9.7,12.5,-2.8,-0.43,-0.87,Matches
378,Cyle Larin,ca CAN,FW,Mallorca,29,1995,32,"1,764",55,51.6,19.6,21,72,2,11,23,4,1.19,13,20,-7,-0.36,-0.25,18.9,23.2,-4.3,-0.22,-0.02,Matches
379,Julen Lartitegi,es ESP,FW,Alavés,20,2003,0,,,,,0,,0,0,,1,,,,,,,,,,,,Matches
380,Marco de las Sías,es ESP,DF,Rayo Vallecano,18,2005,0,,,,,0,,0,0,,18,,,,,,,,,,,,Matches
381,Juanmi Latasa,es ESP,FW,Valladolid,23,2001,28,"1,398",50,40.9,15.5,14,77,7,14,22,3,0.32,10,41,-31,-2,-0.53,15.7,28.3,-12.6,-0.81,0.1,Matches
382,Toni Lato,es ESP,DF,Mallorca,26,1997,14,621,44,18.2,6.9,7,79,2,7,10,16,1.29,6,5,1,0.14,0.47,6.1,9.4,-3.3,-0.47,-0.32,Matches
383,Robin Le Normand,es ESP,DF,Atlético Madrid,27,1996,27,"2,151",80,62.9,23.9,24,87,23,3,18,3,1.93,39,17,22,0.92,-0.21,40.9,21.1,19.8,0.83,0.02,Matches
384,Florian Lejeune,fr FRA,DF,Rayo Vallecano,33,1991,37,"3,325",90,97.2,36.9,37,90,36,0,,0,1.32,39,45,-6,-0.16,-2.06,44.8,47.4,-2.6,-0.07,0.88,Matches
385,Youssef Lekhedim,es ESP,DF,Real Madrid,18,2005,0,,,,,0,,0,0,,6,,,,,,,,,,,,Matches
386,Iñigo Lekue,es ESP,DF,Athletic Club,31,1993,16,773,48,22.6,8.6,8,84,6,8,12,22,1.63,8,9,-1,-0.12,-1,9.4,9.5,0,-0.01,-0.52,Matches
387,Thomas Lemar,fr FRA,MF,Atlético Madrid,28,1995,5,85,17,2.5,0.9,0,,0,5,17,21,1.8,3,2,1,1.06,0.06,2,1.6,0.4,0.42,-0.41,Matches
388,Ruben Lendinez,es ESP,DF,Valencia,21,2003,0,,,,,0,,0,0,,9,,,,,,,,,,,,Matches
389,Clément Lenglet,fr FRA,DF,Atlético Madrid,29,1995,23,"1,972",86,57.7,21.9,23,86,19,0,,10,2.39,42,18,24,1.1,0.23,41.3,17.3,24,1.09,0.65,Matches
390,Jiří Letáček,,GK,Getafe,25,1999,0,,,,,0,,0,0,,38,,,,,,,,,,,,Matches
391,Robert Lewandowski,pl POL,FW,Barcelona,35,1988,34,"2,667",78,78,29.6,32,82,15,2,27,2,2.24,73,27,46,1.55,-0.48,63.4,31.2,32.2,1.09,-0.98,Matches
392,Samuel Lino,br BRA,"MF,DF",Atlético Madrid,24,1999,31,"1,552",50,45.4,17.2,21,58,1,10,33,5,1.94,30,10,20,1.16,0.29,32.4,13.3,19,1.1,0.52,Matches
393,Javier Llabrés,es ESP,FW,Mallorca,21,2002,1,57,57,1.7,0.6,1,57,0,0,,8,0,0,1,-1,-1.58,-1.36,0.8,0.3,0.5,0.8,1.03,Matches
394,Diego Llorente,es ESP,DF,Betis,30,1993,30,"2,519",84,73.7,28,29,86,26,1,12,1,1.6,36,32,4,0.14,-0.16,42.5,33.8,8.7,0.31,0.78,Matches
395,Marcos Llorente,es ESP,"DF,MF",Atlético Madrid,29,1995,33,"2,513",76,73.5,27.9,28,85,22,5,29,0,2,53,25,28,1,0.01,46.9,24.3,22.6,0.81,-0.05,Matches
396,Giovani Lo Celso,ar ARG,"MF,FW",Betis,28,1996,25,"1,457",58,42.6,16.2,15,78,7,10,29,0,1.4,22,20,2,0.12,-0.11,25,19.2,5.7,0.35,0.43,Matches
397,Luca Lohr,es ESP,DF,Getafe,21,2002,0,,,,,0,,0,0,,10,,,,,,,,,,,,Matches
398,Enzo Loiodice,fr FRA,MF,Las Palmas,23,2000,17,684,40,20,7.6,7,74,3,10,17,19,0.76,4,18,-14,-1.84,-1.61,5.9,14.6,-8.8,-1.15,-0.44,Matches
399,Alberto López,es ESP,GK,Sevilla,20,2003,0,,,,,0,,0,0,,22,,,,,,,,,,,,Matches
400,Alberto López,es ESP,MF,Sevilla,19,2005,0,,,,,0,,0,0,,5,,,,,,,,,,,,Matches
401,David López,es ESP,DF,Mallorca,21,2003,2,169,85,4.9,1.9,2,85,1,0,,15,0.5,0,1,-1,-0.53,-0.31,1.1,2.9,-1.8,-0.94,-0.76,Matches
402,David López,es ESP,DF,Girona,34,1989,29,"2,429",84,71,27,27,88,23,2,30,9,1.24,34,37,-3,-0.11,1.07,31.7,33.9,-2.2,-0.08,0.44,Matches
403,Diego López,es ESP,"MF,FW",Valencia,22,2002,38,"2,737",72,80,30.4,35,76,9,3,25,0,1.21,40,40,0,0,1.32,35.4,40.7,-5.3,-0.18,0.26,Matches
404,Fer López,,"FW,MF",Celta Vigo,,,17,671,39,19.6,7.5,7,66,1,10,21,3,1.65,12,8,4,0.54,0.6,13.1,8.6,4.5,0.6,0.39,Matches
405,Fermin López,es ESP,"MF,FW",Barcelona,21,2003,28,"1,252",45,36.6,13.9,12,69,4,16,27,3,2.32,31,15,16,1.15,-0.8,30.2,14.4,15.8,1.14,-0.26,Matches
406,Javi López,es ESP,DF,Real Sociedad,22,2002,29,"1,936",67,56.6,21.5,21,80,12,8,32,7,1.31,22,31,-9,-0.42,-0.3,24.4,26.8,-2.4,-0.11,-0.17,Matches
407,José López,es ESP,DF,Espanyol,18,2006,0,,,,,0,,0,0,,2,,,,,,,,,,,,Matches
408,Pau López,es ESP,GK,Girona,29,1994,1,45,45,1.3,0.5,0,,0,1,45,16,0,1,2,-1,-2,-1.6,0.9,2.1,-1.2,-2.34,-2.16,Matches
409,Roberto López,es ESP,MF,Leganés,24,2000,13,396,30,11.6,4.4,3,86,2,10,14,25,1,2,8,-6,-1.36,-1.04,3.5,7.7,-4.2,-0.97,-0.4,Matches
410,Unai López,es ESP,MF,Rayo Vallecano,28,1995,32,"1,707",53,49.9,19,23,65,2,9,23,1,1.56,21,21,0,0,0.21,19.4,26.1,-6.7,-0.35,-0.52,Matches
411,Iker Losada,es ESP,"FW,MF",Celta Vigo,22,2001,12,358,30,10.5,4,4,54,0,8,18,5,2,7,7,0,0,-0.06,6.3,5.6,0.6,0.16,-0.14,Matches
412,Iker Losada,es ESP,"MF,FW",Betis,22,2001,10,336,34,9.8,3.7,3,67,0,7,19,11,1.5,4,8,-4,-1.07,-1.39,5.5,6.1,-0.7,-0.18,-0.32,Matches
413,Pol Lozano,es ESP,MF,Espanyol,24,1999,30,"1,943",65,56.8,21.6,27,70,5,3,15,4,1.17,19,23,-4,-0.19,0.24,14.8,25.4,-10.6,-0.49,0.06,Matches
414,Sergio Lozano,es ESP,DF,Rayo Vallecano,18,2006,0,,,,,0,,0,0,,1,,,,,,,,,,,,Matches
415,José Luis Gayà,es ESP,DF,Valencia,29,1995,23,"1,803",78,52.7,20,22,81,13,1,25,1,1.48,28,26,2,0.1,0.77,25.3,21.5,3.8,0.19,0.88,Matches
416,Dodi Lukebakio,be BEL,FW,Sevilla,26,1997,38,"3,092",81,90.4,34.4,36,84,23,2,35,0,1.08,40,47,-7,-0.2,1.44,38.5,42,-3.5,-0.1,0.22,Matches
417,Carlos Lumbreras,es ESP,FW,Osasuna,19,2005,0,,,,,0,,0,0,,1,,,,,,,,,,,,Matches
418,Daniel Luna,co COL,MF,Mallorca,21,2003,2,20,10,0.6,0.2,0,,0,2,10,19,0,0,0,0,0,0.24,0.3,0.5,-0.2,-0.91,-0.71,Matches
419,Andriy Lunin,ua UKR,GK,Real Madrid,25,1999,7,630,90,18.4,7,7,90,7,0,,29,2.57,15,7,8,1.14,0.11,14,8.4,5.6,0.8,-0.06,Matches
420,Darwin Machís,ve VEN,"MF,FW",Valladolid,31,1993,18,639,36,18.7,7.1,7,55,0,11,23,12,0.22,5,17,-12,-1.69,-0.01,6,13,-7,-0.98,-0.14,Matches
421,Warren Madrigal,cr CRC,MF,Valencia,20,2004,0,,,,,0,,0,0,,6,,,,,,,,,,,,Matches
422,Pablo Maffeo,es ESP,DF,Mallorca,27,1997,30,"2,368",79,69.2,26.3,28,84,19,2,14,2,1.27,23,28,-5,-0.19,0.15,29.5,28.8,0.7,0.03,0.77,Matches
423,Jon Magunazelaia,es ESP,MF,Real Sociedad,23,2001,2,7,4,0.2,0.1,0,,0,2,4,14,3,1,0,1,12.86,13.17,0.9,0.1,0.8,10.11,10.17,Matches
424,Giorgi Mamardashvili,ge GEO,GK,Valencia,23,2000,34,"3,060",90,89.5,34,34,90,34,0,,0,1.29,40,48,-8,-0.24,0.26,37.6,44.9,-7.3,-0.21,0.12,Matches
425,Reinildo Mandava,mz MOZ,DF,Atlético Madrid,30,1994,19,941,50,27.5,10.5,10,76,6,9,20,19,1.74,15,12,3,0.29,-0.98,11.8,12.4,-0.7,-0.07,-1.22,Matches
426,Javier Manquillo,es ESP,DF,Celta Vigo,30,1994,10,515,52,15.1,5.7,7,63,0,3,26,5,1,8,11,-3,-0.52,-0.68,8,6.8,1.2,0.21,-0.09,Matches
427,Marcão,br BRA,DF,Sevilla,28,1996,12,552,46,16.1,6.1,6,85,3,6,7,22,1.08,6,17,-11,-1.79,-1.73,7,10.6,-3.5,-0.58,-0.54,Matches
428,Alex Marchal,es ESP,MF,Real Sociedad,16,2007,0,,,,,0,,0,0,,3,,,,,,,,,,,,Matches
429,Óscar de Marcos,es ESP,DF,Athletic Club,35,1989,26,"1,564",60,45.7,17.4,17,84,11,9,15,11,2.04,35,11,24,1.38,1.33,31.4,13.7,17.6,1.01,1.13,Matches
430,Alberto Marí,es ESP,FW,Valencia,23,2001,1,7,7,0.2,0.1,0,,0,1,7,2,0,0,0,0,0,0.26,0.1,0,0.1,1.07,1.3,Matches
431,José María Giménez,uy URU,DF,Atlético Madrid,29,1995,27,"1,999",74,58.5,22.2,20,88,19,7,34,7,1.89,41,20,21,0.95,-0.13,32.2,18.5,13.7,0.61,-0.5,Matches
432,Arkaitz Mariezkurrena,es ESP,"FW,MF",Real Sociedad,19,2005,9,241,27,7,2.7,1,70,0,8,21,5,0.78,2,4,-2,-0.75,-0.49,2,5.3,-3.3,-1.24,-1.29,Matches
433,Pablo Marín,es ESP,MF,Real Sociedad,21,2003,23,"1,239",54,36.2,13.8,14,79,8,9,15,11,1.17,12,22,-10,-0.73,-0.69,15.3,18.3,-3.1,-0.22,-0.29,Matches
434,Mika Mármol,es ESP,DF,Las Palmas,23,2001,30,"2,399",80,70.1,26.7,27,87,24,3,20,3,0.83,29,44,-15,-0.56,-0.03,26.8,46.6,-19.8,-0.74,0.19,Matches
435,Mario Maroto,es ESP,MF,Valladolid,20,2003,2,64,32,1.9,0.7,0,,0,2,32,7,0,1,1,0,0,1.72,0.5,1.1,-0.6,-0.82,0.05,Matches
436,Unai Marrero,es ESP,GK,Real Sociedad,22,2001,2,180,90,5.3,2,2,90,2,0,,36,0,0,3,-3,-1.5,-1.28,1.5,3.1,-1.7,-0.83,-0.84,Matches
437,Carlos Martín,es ESP,"FW,MF",Alavés,22,2002,26,"1,333",51,39,14.8,16,66,1,10,27,10,1.08,11,14,-3,-0.2,0.1,14.8,19.2,-4.3,-0.29,-0.3,Matches
438,Diego Martín,es ESP,FW,Las Palmas,20,2003,2,40,20,1.2,0.4,0,,0,2,20,1,0,0,2,-2,-4.5,-3.99,0.1,1.7,-1.6,-3.55,-2.78,Matches
439,Gerard Martín,es ESP,DF,Barcelona,22,2002,28,"1,038",37,30.4,11.5,11,70,4,17,16,10,2.54,37,15,22,1.91,0.36,27.8,13.9,13.9,1.21,-0.14,Matches
440,Iván Martín,es ESP,MF,Girona,25,1999,32,"2,039",64,59.6,22.7,24,76,10,8,26,1,1.09,22,36,-14,-0.62,-0.49,24.9,32.9,-8,-0.35,-0.36,Matches
441,Jon Martin,es ESP,DF,Real Sociedad,18,2006,13,904,70,26.4,10,6,90,6,7,52,24,0.69,6,19,-13,-1.29,-1.37,8.2,14.4,-6.2,-0.62,-0.79,Matches
442,Mario Martín,es ESP,MF,Valladolid,20,2004,30,"1,748",58,51.1,19.4,20,76,7,10,23,3,0.37,13,48,-35,-1.8,-0.24,17.7,32.1,-14.5,-0.74,0.25,Matches
443,Arnau Martinez,es ESP,"DF,MF",Girona,21,2003,32,"2,624",82,76.7,29.2,30,87,24,2,4,5,1.16,32,45,-13,-0.45,-0.11,31.3,39.1,-7.8,-0.27,-0.25,Matches
444,Joaquín Martínez Gauna,es ESP,FW,Sevilla,21,2003,0,,,,,0,,0,0,,4,,,,,,,,,,,,Matches
445,Iñigo Martínez,es ESP,DF,Barcelona,33,1991,28,"2,490",89,72.8,27.7,28,89,25,0,,6,2.32,75,31,44,1.59,-0.25,70.2,32.8,37.4,1.35,0.18,Matches
446,Javi Martínez,es ESP,MF,Osasuna,24,1999,1,6,6,0.2,0.1,0,,0,1,6,14,0,0,1,-1,-15,-14.92,0,0.9,-0.9,-13.09,-12.86,Matches
447,Ramón Martínez,es ESP,DF,Sevilla,21,2002,5,261,52,7.6,2.9,2,90,2,3,27,13,1.4,5,4,1,0.34,0.74,5.2,2.3,2.8,0.98,1.2,Matches
448,Raúl Martínez,es ESP,MF,Girona,22,2002,0,,,,,0,,0,0,,4,,,,,,,,,,,,Matches
449,Toni Martínez,es ESP,FW,Alavés,27,1997,28,"1,012",36,29.6,11.2,9,71,2,19,19,8,1,12,17,-5,-0.44,-0.26,12.9,14.9,-2,-0.17,-0.09,Matches
450,Javi Martón,es ESP,"FW,MF",Athletic Club,25,1999,3,53,18,1.5,0.6,0,,0,3,18,12,1.67,1,0,1,1.7,1.06,1.6,0.4,1.3,2.18,1.8,Matches
451,Marvin,es ESP,"DF,FW",Las Palmas,24,2000,23,"1,038",45,30.4,11.5,9,75,4,14,26,1,0.87,15,18,-3,-0.26,0.42,11.7,20.9,-9.2,-0.79,0.01,Matches
452,Omar Mascarell,gq EQG,MF,Mallorca,31,1993,32,"1,992",62,58.2,22.1,21,83,12,11,22,5,1.47,22,29,-7,-0.32,-0.19,24.4,28.4,-4,-0.18,0.08,Matches
453,Jaime Mata,es ESP,"FW,MF",Las Palmas,35,1988,30,656,22,19.2,7.3,4,69,0,26,15,6,0.84,10,11,-1,-0.14,0.51,11.1,10.7,0.4,0.05,1.06,Matches
454,Borja Mayoral,es ESP,FW,Getafe,27,1997,24,"1,114",46,32.6,12.4,7,86,4,17,30,1,1.25,17,16,1,0.08,0.31,13.8,17.3,-3.6,-0.29,-0.06,Matches
455,Kylian Mbappé,fr FRA,FW,Real Madrid,25,1998,34,"2,907",86,85,32.3,34,86,22,0,,0,2.24,68,32,36,1.11,0.41,69,35.2,33.8,1.05,1.27,Matches
456,Oliver McBurnie,sct SCO,FW,Las Palmas,28,1996,34,"1,837",54,53.7,20.4,20,77,8,14,21,4,0.68,21,37,-16,-0.78,-0.5,20.8,36.1,-15.3,-0.75,0.11,Matches
457,Scott McKenna,sct SCO,DF,Las Palmas,27,1996,29,"2,466",85,72.1,27.4,28,87,26,1,22,1,1.07,33,43,-10,-0.36,0.67,26.6,49.2,-22.6,-0.83,-0.08,Matches
458,Djordjije Medenica,es ESP,GK,Getafe,17,2006,0,,,,,0,,0,0,,3,,,,,,,,,,,,Matches
459,Mateo Mejía,es ESP,FW,Sevilla,21,2003,1,11,11,0.3,0.1,0,,0,1,11,3,1,1,0,1,8.18,8.55,0.7,0,0.7,5.55,5.69,Matches
460,Arthur Melo,br BRA,MF,Girona,27,1996,15,941,63,27.5,10.5,10,79,4,5,30,0,0.67,8,13,-5,-0.48,-0.08,9,12.6,-3.6,-0.34,-0.19,Matches
461,Brais Méndez,es ESP,MF,Real Sociedad,27,1997,27,"1,531",57,44.8,17,19,71,4,8,23,5,1.3,19,16,3,0.18,0.84,22.1,17,5.1,0.3,0.61,Matches
462,Diego Méndez,es ESP,MF,Rayo Vallecano,20,2003,0,,,,,0,,0,0,,1,,,,,,,,,,,,Matches
463,Ferland Mendy,fr FRA,DF,Real Madrid,29,1995,14,"1,005",72,29.4,11.2,12,80,5,2,21,11,1.93,16,13,3,0.27,-1.11,14.8,14.3,0.6,0.05,-1.14,Matches
464,Nobel Mendy,fr FRA,DF,Betis,19,2004,2,108,54,3.2,1.2,1,90,1,1,18,11,0.5,1,5,-4,-3.33,-3.63,1.1,5.1,-4,-3.36,-3.58,Matches
465,Víctor Meseguer,es ESP,MF,Valladolid,25,1999,14,418,30,12.2,4.6,2,74,1,12,23,4,0.86,2,8,-6,-1.29,0.45,3.6,9.2,-5.6,-1.2,-0.37,Matches
466,Sergio Mestre,es ESP,GK,Real Madrid,19,2005,0,,,,,0,,0,0,,21,,,,,,,,,,,,Matches
467,Miguel,es ESP,FW,Leganés,24,1999,34,"1,724",51,50.4,19.2,17,80,5,17,21,3,1.12,18,25,-7,-0.37,0.17,18.3,29.6,-11.4,-0.59,0.04,Matches
468,Éder Militão,br BRA,DF,Real Madrid,26,1998,12,938,78,27.4,10.4,11,83,9,1,20,0,2.25,20,9,11,1.06,0,18.6,11,7.6,0.73,-0.17,Matches
469,Luis Milla,es ESP,MF,Getafe,29,1994,33,"2,875",87,84.1,31.9,32,89,28,1,35,0,1.06,25,34,-9,-0.28,-0.94,30.9,38.8,-7.9,-0.25,0.01,Matches
470,Pere Milla,es ESP,"MF,FW",Espanyol,31,1992,20,456,23,13.3,5.1,1,56,0,19,21,17,1.1,6,7,-1,-0.2,0.11,5.6,6,-0.5,-0.09,0.48,Matches
471,Óscar Mingueza,es ESP,"MF,DF",Celta Vigo,25,1999,34,"2,729",80,79.8,30.3,31,83,20,3,48,0,1.56,50,47,3,0.1,0.23,46.8,35.6,11.2,0.37,0.41,Matches
472,Kim Minsu,kr KOR,"MF,FW",Girona,18,2006,3,22,7,0.6,0.2,0,,0,3,7,2,1,0,0,0,0,0.42,0.3,0,0.2,0.96,1.17,Matches
473,Bojan Miovski,mk MKD,FW,Girona,25,1999,17,869,51,25.4,9.7,12,67,1,5,14,13,1.12,11,18,-7,-0.72,-0.41,8.8,11.6,-2.8,-0.29,-0.11,Matches
474,Rafa Mir,es ESP,"FW,MF",Valencia,27,1997,20,753,38,22,8.4,5,74,0,15,25,3,1.1,10,9,1,0.12,0.49,9.9,12.1,-2.3,-0.27,-0.06,Matches
475,Luka Modrić,hr CRO,MF,Real Madrid,38,1985,35,"1,827",52,53.4,20.3,17,84,8,18,22,2,2.14,42,21,21,1.03,-0.04,42.6,23.5,19.1,0.94,0.18,Matches
476,Johan Mojica,co COL,DF,Mallorca,31,1992,36,"2,755",77,80.6,30.6,30,88,26,6,18,1,1.31,30,38,-8,-0.26,-0.13,32,37.6,-5.7,-0.19,0.14,Matches
477,Horaţiu Moldovan,ro ROU,GK,Atlético Madrid,26,1998,0,,,,,0,,0,0,,1,,,,,,,,,,,,Matches
478,Alberto Moleiro,es ESP,"FW,MF",Las Palmas,20,2003,35,"2,714",78,79.4,30.2,32,81,16,3,40,1,0.83,35,48,-13,-0.43,0.59,31.1,50.5,-19.4,-0.64,0.77,Matches
479,Nahuel Molina,ar ARG,DF,Atlético Madrid,26,1998,30,"1,590",53,46.5,17.7,17,74,9,13,26,6,1.9,19,11,8,0.45,-1.02,22.8,17.8,5,0.28,-1.01,Matches
480,Jon Moncayola,es ESP,MF,Osasuna,26,1998,32,"2,099",66,61.4,23.3,26,74,6,6,28,1,1.34,32,29,3,0.13,0.61,26,32.6,-6.6,-0.28,-0.07,Matches
481,Gonzalo Montiel,ar ARG,"DF,MF",Sevilla,27,1997,6,113,19,3.3,1.3,1,85,0,5,6,11,1.5,2,3,-1,-0.8,-0.47,1.6,1.8,-0.2,-0.16,-0.04,Matches
482,Joni Montiel,es ESP,MF,Rayo Vallecano,25,1998,0,,,,,0,,0,0,,3,,,,,,,,,,,,Matches
483,Israel Mora,,,Las Palmas,,,0,,,,,0,,0,0,,10,,,,,,,,,,,,Matches
484,Gerard Moreno,es ESP,FW,Villarreal,32,1992,17,721,42,21.1,8,6,67,1,11,29,4,1.76,17,10,7,0.87,0.44,19.3,7.8,11.5,1.44,1.14,Matches
485,Xavier Moreno,es ESP,FW,Valladolid,19,2004,1,45,45,1.3,0.5,1,45,0,0,,1,0,0,1,-1,-2,-0.32,0.7,1.2,-0.5,-0.94,-0.07,Matches
486,Mateu Morey,es ESP,DF,Mallorca,24,2000,16,741,46,21.7,8.2,8,80,3,8,12,17,1.18,6,14,-8,-0.97,-0.94,5.2,15.7,-10.5,-1.28,-1.36,Matches
487,Ilaix Moriba,gn GUI,MF,Celta Vigo,21,2003,33,"2,132",65,62.3,23.7,22,83,13,11,28,3,1.3,37,34,3,0.13,0.2,32.5,28.1,4.5,0.19,-0.26,Matches
488,Manu Morlanes,es ESP,MF,Mallorca,25,1999,23,"1,338",58,39.1,14.9,15,80,5,8,17,2,1.3,15,15,0,0,0.39,15.3,15.8,-0.5,-0.03,0.29,Matches
489,Raúl Moro,es ESP,"MF,FW",Valladolid,21,2002,33,"2,341",71,68.5,26,26,81,15,7,34,0,0.48,19,53,-34,-1.31,1.2,26.7,43.4,-16.6,-0.64,0.72,Matches
490,Morro,es ESP,GK,Rayo Vallecano,23,2000,0,,,,,0,,0,0,,1,,,,,,,,,,,,Matches
491,Cristhian Mosquera,es ESP,DF,Valencia,20,2004,37,"3,319",90,97,36.9,37,90,36,0,,0,1.24,43,47,-4,-0.11,5.24,41.4,47.2,-5.8,-0.16,2.33,Matches
492,Santiago Mouriño,uy URU,DF,Alavés,22,2002,25,"1,849",74,54.1,20.5,20,87,18,5,23,7,1.12,18,22,-4,-0.19,0.15,21.7,26.1,-4.4,-0.21,-0.22,Matches
493,Abdul Mumin,gh GHA,DF,Rayo Vallecano,26,1998,24,"2,017",84,59,22.4,24,84,21,0,,0,1.46,24,21,3,0.13,0.58,26.6,25.1,1.5,0.06,0.39,Matches
494,Aihen Muñoz,es ESP,DF,Real Sociedad,26,1997,21,"1,098",52,32.1,12.2,13,72,6,8,21,14,1.1,10,13,-3,-0.25,0.06,12.3,14.6,-2.4,-0.19,-0.23,Matches
495,Álex Muñoz,es ESP,DF,Las Palmas,30,1994,21,"1,415",67,41.4,15.7,18,76,9,3,18,16,0.9,15,29,-14,-0.89,-0.58,12.7,29.5,-16.8,-1.07,-0.46,Matches
496,Egoitz Muñoz,es ESP,DF,Alavés,19,2005,0,,,,,0,,0,0,,1,,,,,,,,,,,,Matches
497,Iker Muñoz,es ESP,MF,Osasuna,21,2002,23,610,27,17.8,6.8,4,59,1,19,20,5,1.43,10,12,-2,-0.3,-0.23,9.4,12.3,-3,-0.44,-0.22,Matches
498,Javier Muñoz,es ESP,"MF,DF",Las Palmas,29,1995,35,"2,588",74,75.7,28.8,28,86,20,7,27,1,0.91,32,49,-17,-0.59,-0.16,27.7,50.8,-23.1,-0.8,0,Matches
499,Víctor Muñoz,es ESP,"FW,DF",Real Madrid,21,2003,2,36,18,1.1,0.4,0,,0,2,18,2,1.5,2,0,2,5,3.99,1.8,0.6,1.2,3.07,2.24,Matches
500,Vedat Muriqi,xk KVX,FW,Mallorca,30,1994,29,"2,058",71,60.2,22.9,24,80,10,5,28,0,1.1,20,30,-10,-0.44,-0.5,22.2,27.7,-5.5,-0.24,-0.08,Matches
501,Juan Musso,ar ARG,GK,Atlético Madrid,30,1994,2,180,90,5.3,2,2,90,2,0,,34,3,5,0,5,2.5,1.58,4.4,0.3,4.1,2.04,1.28,Matches
502,Matija Nastasić,rs SRB,DF,Leganés,31,1993,26,"2,110",81,61.7,23.4,24,85,20,2,39,4,0.96,25,41,-16,-0.68,-0.61,22.8,40.7,-17.9,-0.76,-0.38,Matches
503,Natan,br BRA,DF,Betis,23,2001,31,"2,175",70,63.6,24.2,23,90,23,8,13,5,1.55,36,36,0,0,-0.51,31.8,32.3,-0.5,-0.02,-0.34,Matches
504,Pau Navarro,es ESP,DF,Villarreal,19,2005,17,916,54,26.8,10.2,8,74,3,9,36,21,2.24,28,16,12,1.18,0.89,18.7,12.9,5.8,0.57,0.05,Matches
505,Roberto Navarro,es ESP,"MF,FW",Mallorca,22,2002,23,"1,278",56,37.4,14.2,15,71,0,8,27,2,1.48,13,13,0,0,0.38,16.5,14.2,2.3,0.16,0.6,Matches
506,Jesús Navas,es ESP,"FW,MF",Sevilla,38,1985,15,424,28,12.4,4.7,3,66,0,12,19,3,1.47,5,6,-1,-0.21,0.15,6.9,6.2,0.6,0.13,0.29,Matches
507,Yvan Neyou,cm CMR,MF,Leganés,27,1997,30,"2,312",77,67.6,25.7,27,83,15,3,26,1,0.9,25,36,-11,-0.43,0.06,23.5,42.3,-18.8,-0.73,-0.36,Matches
508,Tanguy Nianzou,fr FRA,DF,Sevilla,22,2002,6,518,86,15.1,5.8,6,86,4,0,,4,1.83,7,5,2,0.35,0.81,6.9,7,-0.1,-0.02,0.12,Matches
509,Saúl Ñíguez,es ESP,MF,Sevilla,29,1994,24,"1,553",65,45.4,17.3,17,80,8,7,27,2,1,14,20,-6,-0.35,-0.01,17.7,18.7,-1,-0.06,0.12,Matches
510,Tamás Nikitscher,hu HUN,"MF,DF",Valladolid,24,1999,13,858,66,25.1,9.5,9,86,8,4,20,4,0.08,3,25,-22,-2.31,-0.83,8.4,16.9,-8.5,-0.9,-0.04,Matches
511,Adrian Niño,es ESP,FW,Atlético Madrid,20,2004,1,12,12,0.4,0.1,0,,0,1,12,0,0,0,0,0,0,-1,1.3,0,1.3,10.1,9.31,Matches
512,Hugo Novoa,es ESP,"DF,MF",Alavés,21,2003,5,237,47,6.9,2.6,2,90,2,3,19,20,1.2,4,6,-2,-0.76,-0.53,4.6,3.3,1.3,0.48,0.63,Matches
513,Randy Nteka,ao ANG,FW,Rayo Vallecano,26,1997,24,"1,129",47,33,12.5,16,62,0,8,17,9,1.17,10,15,-5,-0.4,-0.44,12.3,17.7,-5.4,-0.43,-0.5,Matches
514,Lucas Núñez,es ESP,MF,Valencia,18,2006,0,,,,,0,,0,0,,1,,,,,,,,,,,,Matches
515,Unai Núñez,es ESP,DF,Athletic Club,27,1997,10,645,65,18.9,7.2,7,85,5,3,18,23,1.6,9,5,4,0.56,-0.12,8.5,7.4,1.1,0.15,-0.31,Matches
516,Ørjan Nyland,no NOR,GK,Sevilla,33,1990,30,"2,673",89,78.2,29.7,30,89,29,0,,4,1.13,32,39,-7,-0.24,0.49,34.3,36.5,-2.2,-0.07,0.23,Matches
517,Allan Nyom,cm CMR,"DF,MF",Getafe,36,1988,20,887,44,25.9,9.9,10,75,5,10,13,2,0.95,8,12,-4,-0.41,-0.37,7.1,11.5,-4.4,-0.45,-0.27,Matches
518,Jan Oblak,si SVN,GK,Atlético Madrid,31,1993,36,"3,240",90,94.7,36,36,90,36,0,,0,1.94,63,30,33,0.92,-1.58,60.2,33.1,27.1,0.75,-1.28,Matches
519,Lucas Ocampos,ar ARG,FW,Sevilla,30,1994,2,175,88,5.1,1.9,2,88,1,0,,0,0.5,3,3,0,0,0.36,2.8,2,0.7,0.37,0.52,Matches
520,Álvaro Odriozola,es ESP,DF,Real Sociedad,28,1995,2,43,22,1.3,0.5,0,,0,2,22,17,0,0,0,0,0,0.29,0.3,0.4,-0.1,-0.27,-0.24,Matches
521,Sixtus Ogbuehi,ng NGA,FW,Osasuna,21,2003,0,,,,,0,,0,0,,3,,,,,,,,,,,,Matches
522,Thiago Ojeda,ar ARG,MF,Villarreal,21,2003,1,8,8,0.2,0.1,0,,0,1,8,3,1,0,0,0,0,-0.53,0.3,0,0.3,3.39,2.86,Matches
523,Aingeru Olabarrieta,es ESP,FW,Athletic Club,18,2005,1,54,54,1.6,0.6,1,54,0,0,,2,3,0,0,0,0,-0.67,0.2,0.3,-0.2,-0.32,-0.73,Matches
524,Olasagasti,es ESP,MF,Real Sociedad,23,2000,22,857,39,25.1,9.5,7,66,0,15,26,16,1.41,12,8,4,0.42,0.95,9.3,9.7,-0.3,-0.04,0,Matches
525,Brian Oliván,es ESP,DF,Espanyol,30,1994,17,"1,017",60,29.7,11.3,12,75,7,5,23,8,1,12,16,-4,-0.35,-0.09,9.5,14.2,-4.7,-0.41,0.14,Matches
526,Lucas Oliveira Rosa,br BRA,DF,Valladolid,24,2000,21,"1,890",90,55.3,21,21,90,21,0,,0,0.57,12,45,-33,-1.57,0.25,16.8,38.4,-21.6,-1.03,-0.36,Matches
527,Alexis Olmedo,es ESP,DF,Barcelona,18,2006,0,,,,,0,,0,0,,1,,,,,,,,,,,,Matches
528,Dani Olmo,es ESP,"MF,FW",Barcelona,26,1998,25,"1,212",48,35.4,13.5,13,66,0,12,30,2,2.28,40,10,30,2.23,0.88,36.5,16.4,20.1,1.49,0.29,Matches
529,Aimar Oroz,es ESP,MF,Osasuna,22,2001,37,"2,966",80,86.7,33,35,83,16,2,29,0,1.41,47,40,7,0.21,2.39,40,44.1,-4.1,-0.12,0.98,Matches
530,Ángel Ortíz,es ESP,DF,Betis,20,2004,5,353,71,10.3,3.9,4,86,3,1,9,2,1.4,8,6,2,0.51,0.36,5,5.8,-0.8,-0.2,-0.34,Matches
531,Eneko Ortiz,es ESP,MF,Alavés,21,2003,0,,,,,0,,0,0,,1,,,,,,,,,,,,Matches
532,Pedro Ortiz,es ESP,MF,Sevilla,23,2000,0,,,,,0,,0,0,,15,,,,,,,,,,,,Matches
533,Asier Osambela,es ESP,MF,Osasuna,20,2004,0,,,,,0,,0,0,,4,,,,,,,,,,,,Matches
534,Gabriel Osei Misehouy,nl NED,"FW,MF",Girona,19,2005,9,257,29,7.5,2.9,1,90,1,8,21,19,0.56,2,3,-1,-0.35,0.08,4.5,3.6,0.9,0.31,0.56,Matches
535,David Otorbi,es ESP,MF,Valencia,16,2007,1,14,14,0.4,0.2,0,,0,1,14,1,0,0,0,0,0,0.26,0,0.3,-0.3,-2,-1.78,Matches
536,Jesús Owono,gq EQG,GK,Alavés,23,2001,6,487,81,14.2,5.4,5,90,5,1,37,26,0.83,5,7,-2,-0.37,-0.12,5.4,4.4,1,0.18,0.34,Matches
537,Mikel Oyarzabal,es ESP,FW,Real Sociedad,27,1997,35,"2,250",64,65.8,25,28,74,8,7,26,2,1.29,24,26,-2,-0.08,0.61,29.8,23.9,5.8,0.23,0.79,Matches
538,Cenk Özkacar,tr TUR,DF,Valladolid,23,2000,11,757,69,22.1,8.4,8,80,7,3,38,17,0.09,4,16,-12,-1.43,0.33,8.4,11.6,-3.2,-0.38,0.62,Matches
539,Cenk Özkacar,tr TUR,DF,Valencia,23,2000,0,,,,,0,,0,0,,2,,,,,,,,,,,,Matches
540,Fernando Pacheco,es ESP,GK,Espanyol,32,1992,0,,,,,0,,0,0,,30,,,,,,,,,,,,Matches
541,Jon Pacheco,es ESP,DF,Real Sociedad,23,2001,14,854,61,25,9.5,9,80,7,5,27,15,0.86,4,13,-9,-0.95,-0.88,7,13,-6.1,-0.64,-0.8,Matches
542,Alex Padilla,es ESP,GK,Athletic Club,20,2003,5,321,64,9.4,3.6,3,90,3,2,26,8,1,4,6,-2,-0.56,-1.34,4.8,5.6,-0.8,-0.21,-0.68,Matches
543,Isaac Palazón Camacho,es ESP,"MF,FW",Rayo Vallecano,29,1994,35,"2,162",62,63.2,24,25,78,10,10,21,0,1.43,26,27,-1,-0.04,0.17,29.2,29.7,-0.5,-0.02,0.2,Matches
544,Joaquín Panichelli,ar ARG,FW,Alavés,21,2002,0,,,,,0,,0,0,,1,,,,,,,,,,,,Matches
545,Aitor Paredes,es ESP,DF,Athletic Club,24,2000,23,"1,812",79,53,20.1,21,85,16,2,15,11,1.57,32,20,12,0.6,-0.13,27.2,22.4,4.8,0.24,-0.34,Matches
546,Daniel Parejo,es ESP,MF,Villarreal,35,1989,36,"2,273",63,66.5,25.3,26,78,11,10,26,0,1.89,54,36,18,0.71,0.56,44.5,29.3,15.2,0.6,0.2,Matches
547,Iago Parente,es ESP,DF,Valladolid,18,2006,1,71,71,2.1,0.8,1,71,0,0,,4,0,0,0,0,0,1.72,0.3,0.7,-0.4,-0.54,0.33,Matches
548,Álvaro Pascual,es ESP,FW,Sevilla,22,2002,8,408,51,11.9,4.5,4,67,0,4,35,2,0.88,7,7,0,0,0.39,7.5,3.6,3.8,0.85,1.1,Matches
549,Alfonso Pedraza,es ESP,"DF,MF",Villarreal,28,1996,12,460,38,13.5,5.1,4,80,2,8,18,2,1.92,10,6,4,0.78,0.3,7.4,6.7,0.7,0.15,-0.45,Matches
550,Pedri,es ESP,MF,Barcelona,21,2002,37,"2,879",78,84.2,32,35,81,15,2,21,0,2.3,77,30,47,1.47,-1.19,70.8,34.6,36.2,1.13,-1.09,Matches
551,Adrià Pedrosa,es ESP,DF,Sevilla,26,1998,31,"2,298",74,67.2,25.5,27,82,16,4,19,3,1,27,33,-6,-0.23,0.33,28.7,29.6,-0.9,-0.04,0.26,Matches
552,Pejiño,es ESP,FW,Las Palmas,28,1996,1,16,16,0.5,0.2,0,,0,1,16,7,1,0,0,0,0,0.56,0.1,0.1,0,-0.22,0.59,Matches
553,Andy Pelmard,fr FRA,DF,Las Palmas,24,2000,4,205,51,6,2.3,2,75,1,2,28,5,0.25,3,3,0,0,0.59,2.8,4,-1.2,-0.53,0.29,Matches
554,Iñaki Peña,es ESP,GK,Barcelona,25,1999,16,"1,396",87,40.8,15.5,15,90,15,1,46,22,1.69,36,18,18,1.16,-0.84,38.4,20.3,18.1,1.16,-0.24,Matches
555,Rubén Peña,es ESP,"FW,DF",Osasuna,33,1991,25,775,31,22.7,8.6,7,67,1,18,17,11,1.28,9,12,-3,-0.35,-0.31,10.3,13.4,-3.1,-0.36,-0.13,Matches
556,Nicolas Pépé,ci CIV,"FW,MF",Villarreal,29,1995,28,"1,500",54,43.9,16.7,15,78,5,13,25,0,2.11,30,23,7,0.42,-0.19,27.5,23,4.4,0.27,-0.48,Matches
557,Peque,es ESP,"MF,FW",Sevilla,21,2002,26,"1,134",44,33.2,12.6,14,70,1,12,13,11,0.96,16,17,-1,-0.08,0.39,14.7,14.7,0.1,0,0.19,Matches
558,Ayoze Pérez,es ESP,FW,Villarreal,31,1993,30,"1,970",66,57.6,21.9,22,80,9,8,27,0,1.93,37,25,12,0.55,0.05,36.1,25.3,10.9,0.49,-0.11,Matches
559,Carles Pérez,es ESP,"MF,FW",Getafe,26,1998,27,"1,431",53,41.8,15.9,15,74,4,12,27,11,0.89,15,17,-2,-0.13,0.01,16.3,17.4,-1.1,-0.07,0.31,Matches
560,Francisco Perez,es ESP,"FW,MF",Valencia,21,2002,26,570,22,16.7,6.3,4,53,0,22,16,5,1.54,5,9,-4,-0.63,-0.44,7.7,9.6,-2,-0.31,-0.1,Matches
561,Kike Pérez,es ESP,MF,Valladolid,27,1997,19,"1,191",63,34.8,13.2,14,75,2,5,27,1,0.79,7,25,-18,-1.36,0.5,11.5,21,-9.5,-0.72,0.23,Matches
562,Luis Pérez,es ESP,DF,Valladolid,29,1995,30,"2,558",85,74.8,28.4,28,89,27,2,39,4,0.53,20,65,-45,-1.58,0.4,26.3,47.2,-20.8,-0.73,0.53,Matches
563,Romain Perraud,fr FRA,DF,Betis,26,1997,28,"2,002",72,58.5,22.2,22,85,19,6,22,8,1.25,34,31,3,0.13,-0.12,33.4,34.2,-0.8,-0.03,-0.34,Matches
564,Valentín Pezzolesi,es ESP,DF,Las Palmas,17,2007,1,6,6,0.2,0.1,0,,0,1,6,4,0,0,1,-1,-15,-14.47,0.1,0.1,0,0.73,1.53,Matches
565,Pica,es ESP,DF,Alavés,22,2002,9,499,55,14.6,5.5,5,88,4,4,15,26,1,6,8,-2,-0.36,-0.11,6.4,7.1,-0.6,-0.12,-0.01,Matches
566,Lander Pinillos,es ESP,MF,Alavés,20,2003,0,,,,,0,,0,0,,1,,,,,,,,,,,,Matches
567,Yeremi Pino,es ESP,"MF,FW",Villarreal,21,2002,34,"1,934",57,56.5,21.5,25,69,1,9,24,1,1.79,43,28,15,0.7,0.4,37.4,22.7,14.7,0.68,0.34,Matches
568,Xavi Pleguezuelo,es ESP,DF,Betis,21,2003,0,,,,,0,,0,0,,1,,,,,,,,,,,,Matches
569,Jackson Porozo,ec ECU,DF,Leganés,23,2000,0,,,,,0,,0,0,,18,,,,,,,,,,,,Matches
570,Portu,es ESP,"FW,MF",Girona,32,1992,27,779,29,22.8,8.7,6,70,0,21,17,3,0.93,10,10,0,0,0.55,10.9,10.7,0.2,0.03,0.3,Matches
571,Beñat Prados,es ESP,MF,Athletic Club,23,2001,30,"1,715",57,50.1,19.1,21,71,5,9,25,5,1.8,22,14,8,0.42,-0.48,24.5,19.7,4.8,0.25,-0.3,Matches
572,Abdón Prats,es ESP,"FW,MF",Mallorca,31,1992,24,456,19,13.3,5.1,3,72,1,21,11,8,1.38,7,6,1,0.2,0.5,7.7,6.9,0.8,0.16,0.43,Matches
573,Javi Puado,es ESP,"FW,MF",Espanyol,26,1998,35,"2,974",85,87,33,35,85,20,0,,0,1.03,30,42,-12,-0.36,-0.56,29.6,46.9,-17.3,-0.52,-0.11,Matches
574,Víctor Puig,es ESP,GK,Las Palmas,24,1999,0,,,,,0,,0,0,,1,,,,,,,,,,,,Matches
575,Dani Raba,es ESP,"FW,MF",Leganés,28,1995,29,"1,879",65,54.9,20.9,24,74,6,5,20,5,1.14,25,27,-2,-0.1,0.78,22.1,32.2,-10.1,-0.48,0.29,Matches
576,Rafa,es ESP,GK,Sevilla,20,2003,0,,,,,0,,0,0,,1,,,,,,,,,,,,Matches
577,Arnau Rafús,es ESP,GK,Valladolid,21,2003,1,90,90,2.6,1,1,90,1,0,,9,0,1,2,-1,-1,0.7,0.7,0.7,0,0.03,0.92,Matches
578,Antonio Raillo,es ESP,DF,Mallorca,32,1991,36,"3,207",89,93.8,35.6,36,89,34,0,,0,1.25,31,38,-7,-0.2,0.65,36.2,43.8,-7.5,-0.21,0.01,Matches
579,Benito Ramírez,es ESP,"DF,FW",Las Palmas,29,1995,19,478,25,14,5.3,2,61,0,17,21,10,0.84,7,8,-1,-0.19,0.42,6.4,10.5,-4.2,-0.79,0.01,Matches
580,Sandro Ramírez,es ESP,"FW,MF",Las Palmas,29,1995,31,"2,034",66,59.5,22.6,25,75,6,6,28,1,0.94,26,33,-7,-0.31,0.6,21.8,39.8,-18,-0.8,0.01,Matches
581,Jacobo Ramón,es ESP,DF,Real Madrid,19,2005,3,204,68,6,2.3,2,90,2,1,24,13,3,4,3,1,0.44,-0.65,5.1,2.5,2.7,1.18,0.34,Matches
582,Pablo Ramon,es ESP,DF,Espanyol,23,2001,0,,,,,0,,0,0,,5,,,,,,,,,,,,Matches
583,Raphinha,br BRA,"FW,MF",Barcelona,27,1996,36,"2,839",79,83,31.5,32,84,23,4,35,1,2.28,85,31,54,1.71,0.32,75.3,36.1,39.2,1.24,-0.36,Matches
584,Andrei Ratiu,ro ROU,DF,Rayo Vallecano,26,1998,35,"3,065",88,89.6,34.1,34,89,31,1,34,1,1.37,37,41,-4,-0.12,-0.12,42.1,44.2,-2.1,-0.06,0.3,Matches
585,Raúl,es ESP,"FW,MF",Osasuna,23,2000,32,750,23,21.9,8.3,5,66,0,27,16,2,1.25,9,13,-4,-0.48,-0.48,9.7,15.9,-6.2,-0.74,-0.62,Matches
586,Abderrahman Rebbach,dz ALG,"FW,MF",Alavés,25,1998,8,385,48,11.3,4.3,4,75,1,4,22,10,1.25,6,7,-1,-0.23,0.03,4.3,5.7,-1.4,-0.32,-0.23,Matches
587,Alejandro Rego,es ESP,MF,Athletic Club,21,2003,0,,,,,0,,0,0,,3,,,,,,,,,,,,Matches
588,Álex Remiro,es ESP,GK,Real Sociedad,29,1995,36,"3,240",90,94.7,36,36,90,36,0,,2,1.28,35,43,-8,-0.22,1.28,41,40.8,0.2,0.01,0.84,Matches
589,Daniel Requena,es ESP,MF,Villarreal,20,2004,1,10,10,0.3,0.1,0,,0,1,10,1,3,0,1,-1,-9,-9.55,0,0.1,-0.1,-0.7,-1.24,Matches
590,Diego Rico,es ESP,DF,Getafe,31,1993,33,"2,819",85,82.4,31.3,32,88,30,1,4,1,1.18,32,30,2,0.06,1.11,31.2,36.6,-5.3,-0.17,0.45,Matches
591,Luis Rioja,es ESP,FW,Alavés,30,1993,1,23,23,0.7,0.3,0,,0,1,23,0,0,0,1,-1,-3.91,-3.67,1.2,0.4,0.8,3.08,3.21,Matches
592,Luis Rioja,es ESP,"MF,FW",Valencia,30,1993,36,"2,831",79,82.8,31.5,33,83,15,3,29,0,1.19,37,41,-4,-0.13,0.79,35.2,37.9,-2.7,-0.09,0.82,Matches
593,Rodrigo Riquelme,es ESP,"MF,DF",Atlético Madrid,24,2000,16,516,32,15.1,5.7,4,72,1,12,19,19,2.13,13,5,8,1.4,0.47,12.2,3.8,8.3,1.45,0.74,Matches
594,Alberto Risco,es ESP,"MF,FW",Getafe,18,2005,5,69,14,2,0.8,0,,0,5,14,6,0.6,2,0,2,2.61,2.8,1.6,0.7,0.9,1.13,1.41,Matches
595,Mihailo Ristić,rs SRB,"DF,MF",Celta Vigo,28,1995,10,429,43,12.5,4.8,6,64,0,4,11,17,1.8,7,5,2,0.42,0.42,6.2,5,1.2,0.26,-0.03,Matches
596,Mario Rivas,es ESP,DF,Real Madrid,17,2007,0,,,,,0,,0,0,,2,,,,,,,,,,,,Matches
597,Gorka Rivera Alonso,es ESP,"DF,MF",Getafe,19,2004,1,20,20,0.6,0.2,0,,0,1,20,1,0,0,0,0,0,0.13,0.2,0.5,-0.3,-1.35,-1.11,Matches
598,Joel Roca,es ESP,FW,Girona,19,2005,0,,,,,0,,0,0,,1,,,,,,,,,,,,Matches
599,Marc Roca,es ESP,MF,Betis,27,1996,14,906,65,26.5,10.1,11,76,5,3,25,1,1.36,12,10,2,0.2,0.02,15.2,10.5,4.7,0.47,0.49,Matches
600,Rodri,es ESP,FW,Betis,24,2000,3,118,39,3.5,1.3,1,71,0,2,24,0,0.67,0,2,-2,-1.53,-1.77,1.4,2.6,-1.3,-0.97,-1.11,Matches
601,Adrián Rodriguez,es ESP,DF,Valladolid,21,2002,0,,,,,0,,0,0,,1,,,,,,,,,,,,Matches
602,Adrian Rodriguez,es ESP,GK,Alavés,23,2000,2,122,61,3.6,1.4,1,90,1,1,32,23,2,2,2,0,0,0.27,1.7,2.9,-1.2,-0.91,-0.82,Matches
603,Álvaro Rodríguez,uy URU,FW,Getafe,20,2004,22,852,39,24.9,9.5,7,68,0,15,25,8,1.05,5,9,-4,-0.42,-0.39,8.4,13.1,-4.8,-0.5,-0.34,Matches
604,Óscar Rodríguez Arnaiz,es ESP,"MF,FW",Leganés,26,1998,29,"1,330",46,38.9,14.8,12,75,5,17,25,5,0.97,15,21,-6,-0.41,0.07,14.7,21.9,-7.2,-0.49,0.21,Matches
605,Arturo Rodríguez,es ESP,FW,Las Palmas,17,2006,1,21,21,0.6,0.2,0,,0,1,21,0,0,0,1,-1,-4.29,-3.76,0,0.9,-0.8,-3.59,-2.8,Matches
606,Damián Rodríguez,es ESP,MF,Celta Vigo,21,2003,17,927,55,27.1,10.3,10,78,6,7,21,19,1.35,20,20,0,0,-0.07,14.4,13.7,0.7,0.07,-0.29,Matches
607,Dani Rodríguez,es ESP,"MF,FW",Mallorca,36,1988,37,"2,162",58,63.2,24,26,74,1,11,22,0,1.3,21,31,-10,-0.42,-0.49,22.2,26.1,-3.9,-0.16,0.14,Matches
608,Daniel Rodriguez,es ESP,FW,Barcelona,18,2005,1,37,37,1.1,0.4,1,37,0,0,,0,3,0,1,-1,-2.43,-4.14,0.6,0.3,0.3,0.68,-0.63,Matches
609,James Rodríguez,co COL,"MF,FW",Rayo Vallecano,33,1991,6,140,23,4.1,1.6,1,63,0,5,15,5,1.33,4,2,2,1.29,1.45,1.9,2.4,-0.6,-0.36,-0.28,Matches
610,Javi Rodríguez,es ESP,DF,Celta Vigo,21,2003,36,"2,514",70,73.5,27.9,26,85,20,10,29,1,1.53,44,40,4,0.14,0.34,39.4,31.3,8.1,0.29,0.02,Matches
611,Jesus Rodríguez,es ESP,FW,Betis,18,2005,21,"1,111",53,32.5,12.3,15,67,0,6,17,3,1.71,20,14,6,0.49,0.45,15.9,14.5,1.5,0.12,0.02,Matches
612,Kirian Rodríguez,es ESP,MF,Las Palmas,28,1996,21,"1,758",84,51.4,19.5,21,84,9,0,,0,1.1,22,29,-7,-0.36,0.4,17.1,36.7,-19.7,-1.01,-0.42,Matches
613,Ricardo Rodríguez,ch SUI,DF,Betis,31,1992,18,"1,274",71,37.3,14.2,15,79,9,3,30,17,1.83,21,16,5,0.35,0.27,20.5,14.6,5.9,0.42,0.5,Matches
614,Rodrygo,br BRA,"FW,MF",Real Madrid,23,2001,30,"1,928",64,56.4,21.4,22,76,5,8,33,1,2.2,42,17,25,1.17,0.26,39.6,22.2,17.5,0.82,-0.09,Matches
615,Leo Román,es ESP,GK,Mallorca,24,2000,7,630,90,18.4,7,7,90,7,0,,31,1,5,10,-5,-0.71,-0.59,6.5,14.6,-8.1,-1.15,-1.15,Matches
616,Miguel Román,es ESP,MF,Celta Vigo,21,2002,0,,,,,0,,0,0,,4,,,,,,,,,,,,Matches
617,Carlos Romero,es ESP,DF,Espanyol,22,2001,34,"2,554",75,74.7,28.4,28,84,19,6,32,2,1.12,29,39,-10,-0.35,-0.25,25.4,41.2,-15.8,-0.56,-0.18,Matches
618,Elías Romero,es ESP,FW,Las Palmas,20,2004,0,,,,,0,,0,0,,1,,,,,,,,,,,,Matches
619,Isaac Romero,es ESP,FW,Sevilla,24,2000,31,"2,156",70,63,24,26,78,8,5,27,1,0.97,27,37,-10,-0.42,-0.2,25.3,33.1,-7.8,-0.32,-0.54,Matches
620,Luka Romero,ar ARG,"FW,MF",Alavés,19,2004,6,199,33,5.8,2.2,2,58,0,4,21,12,0.83,3,5,-2,-0.9,-0.68,2,3.7,-1.7,-0.77,-0.7,Matches
621,Oriol Romeu,es ESP,MF,Girona,32,1991,25,"1,356",54,39.6,15.1,17,70,6,8,21,5,1.2,18,27,-9,-0.6,-0.29,16,19.1,-3.1,-0.2,0.01,Matches
622,Vitor Roque,br BRA,FW,Betis,19,2005,22,"1,235",56,36.1,13.7,14,74,3,8,24,0,1.45,18,23,-5,-0.36,-0.86,19.1,19.5,-0.4,-0.03,-0.21,Matches
623,Valentin Rosier,fr FRA,DF,Leganés,27,1996,32,"2,595",81,75.9,28.8,28,89,27,4,26,2,0.75,24,45,-21,-0.73,-1.16,26.6,46.4,-19.8,-0.69,-0.3,Matches
624,Antonio Rüdiger,de GER,DF,Real Madrid,31,1993,29,"2,291",79,67,25.5,26,87,24,3,14,1,2.21,54,25,29,1.14,0.26,48.1,26.5,21.6,0.85,-0.02,Matches
625,Aitor Ruibal,es ESP,"DF,FW",Betis,28,1996,29,"1,313",45,38.4,14.6,13,75,5,16,21,2,1.66,24,20,4,0.27,0.15,19.4,21.3,-1.9,-0.13,-0.38,Matches
626,Abel Ruiz,es ESP,FW,Girona,24,2000,23,"1,346",59,39.4,15,17,70,1,6,26,4,1.09,15,21,-6,-0.4,0.03,16.2,19.1,-2.9,-0.19,0.02,Matches
627,Ferrán Ruiz,es ESP,MF,Girona,21,2003,1,18,18,0.5,0.2,0,,0,1,18,1,3,0,0,0,0,0.42,0,0,0,0,0.21,Matches
628,Guillermo Ruiz,es ESP,GK,Leganés,20,2003,0,,,,,0,,0,0,,1,,,,,,,,,,,,Matches
629,Sergio Ruiz,es ESP,FW,Las Palmas,18,2006,0,,,,,0,,0,0,,3,,,,,,,,,,,,Matches
630,Iñaki Rupérez,es ESP,DF,Real Sociedad,21,2003,0,,,,,0,,0,0,,1,,,,,,,,,,,,Matches
631,Youssouf Sabaly,sn SEN,DF,Betis,31,1993,22,"1,581",72,46.2,17.6,20,77,10,2,23,7,1.68,20,24,-4,-0.23,-0.77,24.1,21.7,2.5,0.14,0.06,Matches
632,Omar Sadik,ma MAR,FW,Espanyol,20,2004,0,,,,,0,,0,0,,1,,,,,,,,,,,,Matches
633,Umar Sadiq,ng NGA,FW,Valencia,27,1997,16,825,52,24.1,9.2,9,71,2,7,26,2,1.69,13,13,0,0,0.35,11.3,10.9,0.4,0.05,0.36,Matches
634,Umar Sadiq,ng NGA,FW,Real Sociedad,27,1997,7,227,32,6.6,2.5,2,64,0,5,20,11,1.14,1,2,-1,-0.4,-0.11,1.2,3.7,-2.4,-0.96,-0.98,Matches
635,Jorge Sáenz,es ESP,DF,Leganés,27,1996,23,"1,690",73,49.4,18.8,19,83,14,4,30,12,1.22,14,19,-5,-0.27,0.36,15.5,24.3,-8.8,-0.47,0.29,Matches
636,Jan Salas,es ESP,"MF,FW",Mallorca,18,2005,4,43,11,1.3,0.5,0,,0,4,11,11,0.5,0,2,-2,-4.19,-4,0.3,2,-1.7,-3.61,-3.44,Matches
637,Kike Salas,es ESP,DF,Sevilla,22,2002,31,"2,238",72,65.4,24.9,25,87,21,6,11,5,1.1,27,40,-13,-0.52,-0.52,26.4,31,-4.6,-0.19,-0.18,Matches
638,Salvi,es ESP,MF,Espanyol,33,1991,0,,,,,0,,0,0,,11,,,,,,,,,,,,Matches
639,Albert Sambi Lokonga,be BEL,MF,Sevilla,24,1999,22,"1,471",67,43,16.3,16,82,8,6,28,2,1.18,14,21,-7,-0.43,-0.15,17.1,19.4,-2.2,-0.14,-0.02,Matches
640,Chuky san jose,es ESP,MF,Valladolid,20,2004,18,728,40,21.3,8.1,9,60,1,9,21,13,0.22,6,30,-24,-2.97,-1.63,7,19.6,-12.6,-1.57,-0.89,Matches
641,Oihan Sancet,es ESP,MF,Athletic Club,24,2000,29,"1,620",56,47.4,18,19,69,4,10,31,1,1.93,37,15,22,1.22,1.07,28.6,16.7,12,0.66,0.5,Matches
642,Antonio Sánchez,es ESP,"MF,DF",Mallorca,27,1997,33,"1,395",42,40.8,15.5,12,77,2,21,23,3,1.39,16,14,2,0.13,0.62,14.9,21.3,-6.4,-0.42,-0.34,Matches
643,Iván Sánchez,es ESP,"MF,FW",Valladolid,31,1992,32,"1,404",44,41.1,15.6,11,73,2,21,29,6,0.41,12,39,-27,-1.73,-0.08,14.7,30,-15.3,-0.98,-0.19,Matches
644,Javi Sánchez,es ESP,DF,Valladolid,27,1997,25,"2,026",81,59.2,22.5,25,81,19,0,,1,0.6,18,52,-34,-1.51,0.43,19.8,40.2,-20.4,-0.91,-0.09,Matches
645,Juanlu Sánchez,es ESP,"MF,DF",Sevilla,20,2003,32,"1,722",54,50.4,19.1,18,81,7,14,18,4,1,24,33,-9,-0.47,-0.26,21.2,24.9,-3.7,-0.19,-0.14,Matches
646,Manu Sánchez,es ESP,DF,Alavés,23,2000,33,"2,634",80,77,29.3,30,85,20,3,24,2,1.15,27,38,-11,-0.38,-0.49,32.2,36.9,-4.7,-0.16,-0.22,Matches
647,Maroan Sannadi,es ESP,FW,Athletic Club,23,2001,16,754,47,22,8.4,7,75,1,9,25,1,1.81,13,7,6,0.72,0.07,11.8,8.1,3.7,0.44,0.06,Matches
648,Jesús Santiago,es ESP,MF,Getafe,20,2004,19,372,20,10.9,4.1,4,52,0,15,11,16,1.3,4,5,-1,-0.24,-0.12,2.4,5.6,-3.2,-0.77,-0.58,Matches
649,Aleksandar Sedlar,rs SRB,DF,Alavés,32,1991,9,594,66,17.4,6.6,7,82,4,2,9,25,1.11,9,8,1,0.15,0.5,8.8,8.1,0.7,0.1,0.26,Matches
650,Sergi,es ESP,DF,Leganés,32,1992,36,"2,957",82,86.5,32.9,33,87,27,3,29,1,1.03,34,48,-14,-0.43,0.16,29.7,51.7,-22,-0.67,-0.4,Matches
651,Javier Serrano,es ESP,MF,Atlético Madrid,21,2003,0,,,,,0,,0,0,,4,,,,,,,,,,,,Matches
652,Nicolás Serrano,es ESP,FW,Athletic Club,21,2003,4,112,28,3.3,1.2,1,79,0,3,11,14,2,0,2,-2,-1.61,-2.34,1.8,1.2,0.6,0.46,0.06,Matches
653,Llorenç Serred,es ESP,GK,Espanyol,18,2005,0,,,,,0,,0,0,,1,,,,,,,,,,,,Matches
654,Ismael Sierra,es ESP,DF,Osasuna,21,2003,0,,,,,0,,0,0,,1,,,,,,,,,,,,Matches
655,Fábio Silva,pt POR,FW,Las Palmas,22,2002,24,"1,866",78,54.6,20.7,22,82,9,2,37,0,1.21,27,33,-6,-0.29,0.58,19.2,39.8,-20.6,-0.99,-0.42,Matches
656,Rui Silva,pt POR,GK,Betis,30,1994,15,"1,350",90,39.5,15,15,90,15,0,,0,1.33,16,18,-2,-0.13,-0.52,22,19,3,0.2,0.16,Matches
657,Giuliano Simeone,ar ARG,MF,Atlético Madrid,21,2002,33,"1,926",58,56.3,21.4,26,68,3,7,22,5,2.09,44,18,26,1.21,0.49,41.1,17,24.1,1.13,0.7,Matches
658,Unai Simón,es ESP,GK,Athletic Club,27,1997,21,"1,890",90,55.3,21,21,90,21,0,,4,1.81,28,14,14,0.67,0.02,29.1,21.1,8,0.38,-0.04,Matches
659,Daley Sinkgraven,nl NED,DF,Las Palmas,29,1995,2,91,46,2.7,1,1,45,0,1,46,3,0.5,1,2,-1,-0.99,-0.45,1.3,2.3,-1,-0.98,-0.18,Matches
660,Jailson Siqueira,br BRA,"DF,MF",Celta Vigo,28,1995,13,614,47,18,6.8,6,80,3,7,19,10,1.77,15,14,1,0.15,0.11,10.8,9.5,1.3,0.19,-0.12,Matches
661,Antonio Sivera,es ESP,GK,Alavés,27,1996,32,"2,810",88,82.2,31.2,32,88,30,0,,0,1.16,31,39,-8,-0.26,0.04,35.8,39.8,-4,-0.13,-0.1,Matches
662,Justin Smith,ca CAN,MF,Espanyol,21,2003,5,209,42,6.1,2.3,3,58,0,2,17,3,1,4,2,2,0.86,1.23,3.6,2.4,1.2,0.52,1.1,Matches
663,Alex Sola,es ESP,"MF,FW",Getafe,25,1999,19,"1,029",54,30.1,11.4,13,68,0,6,25,16,1.05,5,10,-5,-0.44,-0.44,9.5,10.8,-1.4,-0.12,0.19,Matches
664,Arnau Solà,es ESP,MF,Villarreal,21,2003,1,13,13,0.4,0.1,0,,0,1,13,10,3,0,0,0,0,-0.53,0,0.2,-0.2,-1.15,-1.7,Matches
665,Jhon Solis,co COL,MF,Girona,19,2004,19,535,28,15.6,5.9,3,76,1,16,19,13,0.95,9,18,-9,-1.51,-1.3,7.6,12.6,-5,-0.83,-0.74,Matches
666,Hugo Solozabal,es ESP,MF,Leganés,21,2003,0,,,,,0,,0,0,,2,,,,,,,,,,,,Matches
667,David Soria,es ESP,GK,Getafe,31,1993,38,"3,420",90,100,38,38,90,38,0,,0,1.11,34,39,-5,-0.13,,36.8,46.2,-9.4,-0.25,,Matches
668,Juan Soriano,es ESP,GK,Leganés,26,1997,6,540,90,15.8,6,6,90,6,0,,30,0.86,4,8,-4,-0.67,-0.26,4,8.2,-4.2,-0.7,-0.1,Matches
669,Hugo Sotelo,es ESP,MF,Celta Vigo,20,2003,24,"1,254",52,36.7,13.9,15,76,4,9,13,12,1.17,21,20,1,0.07,0.03,22,14.2,7.9,0.57,0.44,Matches
670,Djibril Sow,ch SUI,MF,Sevilla,27,1997,30,"2,062",69,60.3,22.9,24,81,9,6,18,1,1,22,28,-6,-0.26,0.2,23.8,25,-1.1,-0.05,0.18,Matches
671,Gerónimo Spina,ar ARG,DF,Atlético Madrid,19,2005,0,,,,,0,,0,0,,1,,,,,,,,,,,,Matches
672,Dimitrios Stamatakis,gr GRE,GK,Osasuna,21,2003,0,,,,,0,,0,0,,8,,,,,,,,,,,,Matches
673,Carl Starfelt,se SWE,DF,Celta Vigo,29,1995,28,"2,270",81,66.4,25.2,26,85,23,2,31,2,1.39,33,35,-2,-0.08,-0.39,33.3,24.8,8.5,0.34,0.15,Matches
674,Orri Steinn Óskarsson,is ISL,FW,Real Sociedad,19,2004,23,944,41,27.6,10.5,9,66,1,14,25,2,1.22,9,15,-6,-0.57,-0.39,12.6,11.8,0.7,0.07,0.15,Matches
675,Stoichkov,es ESP,"MF,FW",Alavés,30,1993,16,699,44,20.4,7.8,6,73,2,10,26,4,1.19,10,13,-3,-0.39,-0.15,9.5,11.3,-1.8,-0.23,-0.15,Matches
676,Cristhian Stuani,uy URU,FW,Girona,37,1986,32,"1,078",34,31.5,12,6,79,0,26,23,6,1.16,21,15,6,0.5,1.35,17.1,16.1,1.1,0.09,0.44,Matches
677,Álex Suárez,es ESP,DF,Las Palmas,31,1993,30,"2,460",82,71.9,27.3,30,82,18,0,,5,0.93,28,45,-17,-0.62,-0.25,25,47.4,-22.4,-0.82,-0.06,Matches
678,Denis Suárez,es ESP,MF,Villarreal,30,1994,21,608,29,17.8,6.8,7,59,0,14,14,10,1.57,12,13,-1,-0.15,-0.82,9.7,11.7,-2,-0.3,-1.02,Matches
679,Luka Sučić,hr CRO,MF,Real Sociedad,21,2002,29,"1,792",62,52.4,19.9,21,78,10,8,20,3,1.21,16,27,-11,-0.55,-0.55,24.3,23.8,0.5,0.03,0.14,Matches
680,Suso,es ESP,"FW,MF",Sevilla,30,1993,16,606,38,17.7,6.7,4,86,2,12,22,14,1.25,10,11,-1,-0.15,0.24,11.9,6.9,5,0.74,1.05,Matches
681,Williot Swedberg,se SWE,"FW,MF",Celta Vigo,20,2004,32,"1,348",42,39.4,15,15,62,0,17,25,1,1.28,29,19,10,0.67,1.02,25.6,17.1,8.5,0.56,0.46,Matches
682,Grégoire Swiderski,ca CAN,GK,Alavés,18,2005,0,,,,,0,,0,0,,4,,,,,,,,,,,,Matches
683,Mamadou Sylla,sn SEN,"FW,MF",Valladolid,30,1994,29,"1,583",55,46.3,17.6,17,79,6,12,20,6,0.45,14,47,-33,-1.88,-0.36,16.4,33.7,-17.2,-0.98,-0.21,Matches
684,Wojciech Szczęsny,pl POL,GK,Barcelona,34,1990,15,"1,350",90,39.5,15,15,90,15,0,,14,2.87,43,12,31,2.07,0.68,34.8,13.6,21.2,1.42,0.19,Matches
685,Alexander Sørloth,no NOR,FW,Atlético Madrid,28,1995,35,"1,566",45,45.8,17.4,15,68,2,20,27,2,2.06,40,13,27,1.55,1.02,35.4,14,21.3,1.23,0.75,Matches
686,Renato Tapia,pe PER,"MF,DF",Leganés,29,1995,34,"2,424",71,70.9,26.9,28,81,16,6,26,0,1.03,32,47,-15,-0.56,-0.38,25.8,43.8,-18,-0.67,-0.18,Matches
687,César Tárrega,es ESP,DF,Valencia,22,2002,34,"3,026",89,88.5,33.6,34,89,33,0,,3,1.24,37,45,-8,-0.24,0.22,37.8,44.1,-6.3,-0.19,0.34,Matches
688,Aurélien Tchouaméni,fr FRA,"DF,MF",Real Madrid,24,2000,32,"2,689",84,78.6,29.9,31,86,27,1,10,0,2.06,56,31,25,0.84,-1.01,51.1,34.5,16.6,0.56,-1.4,Matches
689,Álvaro Tejero,es ESP,"MF,DF",Espanyol,28,1996,28,"1,238",44,36.2,13.8,13,75,4,15,18,9,0.96,16,26,-10,-0.73,-0.69,10.8,23.6,-12.8,-0.93,-0.66,Matches
690,Martín Tejón,es ESP,"MF,DF",Valencia,20,2004,4,49,12,1.4,0.5,0,,0,4,12,7,0,0,1,-1,-1.84,-1.6,0.4,1,-0.6,-1.19,-0.97,Matches
691,Nahuel Tenaglia,ar ARG,DF,Alavés,28,1996,34,"2,922",86,85.4,32.5,33,88,30,1,19,1,1.03,30,40,-10,-0.31,-0.31,36.6,40.6,-4,-0.12,-0.08,Matches
692,Marc-André ter Stegen,de GER,GK,Barcelona,32,1992,8,674,84,19.7,7.5,8,84,7,0,,3,2.63,23,9,14,1.87,0.26,18.3,8,10.2,1.37,0.08,Matches
693,Ramón Terrats,es ESP,"MF,FW",Villarreal,23,2000,11,131,12,3.8,1.5,1,45,0,10,9,5,1.73,2,4,-2,-1.37,-1.98,2,3.5,-1.6,-1.07,-1.67,Matches
694,Ramón Terrats,es ESP,"MF,FW",Getafe,23,2000,15,"1,219",81,35.6,13.5,15,81,4,0,,0,1.2,15,15,0,0,0.2,11.9,16.8,-4.9,-0.36,-0.17,Matches
695,Raúl de Tomás,es ESP,"DF,FW",Rayo Vallecano,29,1994,2,22,11,0.6,0.2,0,,0,2,11,18,0,0,2,-2,-8.18,-8.13,0.2,1.3,-1.2,-4.83,-4.77,Matches
696,Pablo Torre,es ESP,"MF,FW",Barcelona,21,2003,10,310,31,9.1,3.4,4,56,0,6,15,26,2.2,9,4,5,1.45,-0.23,7,5,2,0.57,-0.8,Matches
697,David Torres,es ESP,DF,Valladolid,21,2003,18,"1,387",77,40.6,15.4,15,84,13,3,41,15,0.61,11,37,-26,-1.69,0,12.3,28.8,-16.4,-1.07,-0.33,Matches
698,Ferrán Torres,es ESP,"FW,MF",Barcelona,24,2000,27,"1,106",41,32.3,12.3,12,64,2,15,22,2,2.33,35,21,14,1.14,-0.77,30.9,15.6,15.2,1.24,-0.09,Matches
699,Lucas Torró,es ESP,MF,Osasuna,30,1994,35,"2,957",84,86.5,32.9,35,84,26,0,,1,1.43,41,42,-1,-0.03,0.55,37.1,42.8,-5.7,-0.17,0.58,Matches
700,Hamari Traoré,ml MLI,DF,Real Sociedad,32,1992,11,700,64,20.5,7.8,9,71,1,2,29,6,1.09,8,7,1,0.13,0.53,7.6,9.5,-1.9,-0.24,-0.26,Matches
701,Óscar Trejo,ar ARG,MF,Rayo Vallecano,36,1988,19,496,26,14.5,5.5,6,61,0,13,10,19,1.11,6,5,1,0.18,0.34,6.5,6.3,0.2,0.04,0.15,Matches
702,Pol Tristán,es ESP,GK,Espanyol,22,2002,0,,,,,0,,0,0,,5,,,,,,,,,,,,Matches
703,Viktor Tsyhankov,ua UKR,"FW,MF",Girona,26,1997,27,"1,913",71,55.9,21.3,23,79,10,4,22,1,1,20,34,-14,-0.66,-0.54,22.5,29.8,-7.3,-0.34,-0.3,Matches
704,Beñat Turrientes,es ESP,MF,Real Sociedad,22,2002,21,942,45,27.5,10.5,11,65,2,10,23,13,1.05,8,13,-5,-0.48,-0.26,10.3,14.7,-4.3,-0.41,-0.52,Matches
705,Christantus Uche,ng NGA,"FW,MF",Getafe,21,2003,33,"2,486",75,72.7,27.6,30,80,10,3,34,0,1.27,29,23,6,0.22,1.28,25.6,27.8,-2.2,-0.08,0.61,Matches
706,Naci Ünüvar,nl NED,"MF,DF",Espanyol,21,2003,2,31,16,0.9,0.3,0,,0,2,16,10,0,0,0,0,0,0.29,0.3,0.2,0,0.09,0.61,Matches
707,João Urbáez,do DOM,DF,Leganés,22,2002,0,,,,,0,,0,0,,1,,,,,,,,,,,,Matches
708,Victor Valdepeñas,es ESP,DF,Real Madrid,17,2006,0,,,,,0,,0,0,,1,,,,,,,,,,,,Matches
709,Pablo Valencia,es ESP,GK,Osasuna,23,2001,0,,,,,0,,0,0,,15,,,,,,,,,,,,Matches
710,Óscar Valentín,es ESP,MF,Rayo Vallecano,29,1994,34,"1,835",54,53.7,20.4,18,79,9,16,26,2,1.46,24,24,0,0,0.23,25.5,25.8,-0.2,-0.01,0.18,Matches
711,Germán Valera,es ESP,MF,Valencia,22,2002,8,148,19,4.3,1.6,1,59,0,7,13,8,1,0,4,-4,-2.43,-2.27,1.4,4,-2.6,-1.58,-1.41,Matches
712,Martin Valjent,sk SVK,DF,Mallorca,28,1995,31,"2,763",89,80.8,30.7,31,89,29,0,,6,1.32,30,38,-8,-0.26,-0.12,30.7,39.4,-8.7,-0.28,-0.37,Matches
713,Álex Valle,es ESP,DF,Barcelona,20,2004,0,,,,,0,,0,0,,2,,,,,,,,,,,,Matches
714,Jesús Vallejo,es ESP,DF,Real Madrid,27,1997,4,138,35,4,1.5,1,65,0,3,24,27,3,3,2,1,0.65,-0.42,2.7,1.5,1.2,0.79,-0.07,Matches
715,Federico Valverde,uy URU,"MF,DF",Real Madrid,26,1998,36,"3,032",84,88.7,33.7,34,88,28,2,21,1,2.25,70,31,39,1.16,0.93,68.1,35.3,32.7,0.97,1.02,Matches
716,Siebe Van Der Heyden,be BEL,"DF,MF",Mallorca,26,1998,2,97,49,2.8,1.1,1,90,1,1,7,13,1.5,0,2,-2,-1.86,-1.67,0.9,0.9,-0.1,-0.05,0.16,Matches
717,Iker Varela,es ESP,MF,Athletic Club,21,2003,0,,,,,0,,0,0,,1,,,,,,,,,,,,Matches
718,Ruben Vargas,ch SUI,"FW,MF",Sevilla,25,1998,11,671,61,19.6,7.5,9,69,0,2,23,1,1,11,9,2,0.27,0.76,8,8.8,-0.8,-0.11,0.01,Matches
719,José Luis García Vayá,es ESP,MF,Valencia,25,1998,34,"1,742",51,50.9,19.4,18,83,12,16,15,1,1.24,19,31,-12,-0.62,-0.73,21.5,29.9,-8.4,-0.43,-0.42,Matches
720,Jesus Vazquez,es ESP,DF,Valencia,21,2003,19,919,48,26.9,10.2,10,76,5,9,17,16,1.05,10,16,-6,-0.59,-0.44,9,15,-6,-0.59,-0.49,Matches
721,Lucas Vázquez,es ESP,DF,Real Madrid,33,1991,32,"2,189",68,64,24.3,25,84,14,7,11,3,2.13,52,33,19,0.78,-0.75,50,33.9,16.1,0.66,-0.54,Matches
722,Alejo Véliz,ar ARG,FW,Espanyol,20,2003,27,"1,127",42,33,12.5,10,71,2,17,25,11,0.89,18,22,-4,-0.32,-0.04,13.7,21.7,-8,-0.63,-0.18,Matches
723,Arthur Vermeeren,be BEL,MF,Atlético Madrid,19,2005,0,,,,,0,,0,0,,1,,,,,,,,,,,,Matches
724,Mikel Vesga,es ESP,MF,Athletic Club,31,1993,25,988,40,28.9,11,10,73,4,15,17,10,1.88,19,8,11,1,0.48,16.7,9.8,6.9,0.63,0.32,Matches
725,Carlos Vicente,es ESP,"FW,MF",Alavés,25,1999,37,"3,092",84,90.4,34.4,35,86,27,2,35,1,1.14,34,39,-5,-0.15,1.23,37.1,40.8,-3.6,-0.11,0.05,Matches
726,Pau Victor,es ESP,FW,Barcelona,22,2001,21,319,15,9.3,3.5,2,60,0,19,11,17,2.1,14,7,7,1.97,0.35,13.5,5.2,8.3,2.32,1.13,Matches
727,Marc Vidal,es ESP,GK,Celta Vigo,24,2000,0,,,,,0,,0,0,,7,,,,,,,,,,,,Matches
728,Nacho Vidal,es ESP,DF,Osasuna,29,1995,5,124,25,3.6,1.4,1,90,1,4,9,14,2,1,5,-4,-2.9,-2.9,0.1,2.8,-2.7,-1.93,-1.74,Matches
729,Fran Vieites,es ESP,GK,Betis,25,1999,4,360,90,10.5,4,4,90,4,0,,30,1.25,5,5,0,0,-0.21,6.8,5.9,0.9,0.21,0.12,Matches
730,Sergio Viera,es ESP,MF,Las Palmas,19,2005,2,96,48,2.8,1.1,1,60,0,1,36,7,0,0,0,0,0,0.57,0.6,1.1,-0.6,-0.53,0.28,Matches
731,Toni Villa,es ESP,MF,Girona,29,1995,0,,,,,0,,0,0,,1,,,,,,,,,,,,Matches
732,Asier Villalibre,es ESP,FW,Alavés,26,1997,16,333,21,9.7,3.7,2,66,0,14,14,22,0.5,3,10,-7,-1.89,-1.8,4.3,8,-3.7,-0.99,-0.97,Matches
733,Iván Villar,es ESP,GK,Celta Vigo,27,1997,4,360,90,10.5,4,4,90,4,0,,34,1.5,10,9,1,0.25,0.22,6.5,7,-0.5,-0.13,-0.47,Matches
734,Viti,es ESP,DF,Las Palmas,26,1997,29,"1,982",68,58,22,23,80,12,6,24,2,0.9,21,36,-15,-0.68,-0.31,18.5,35,-16.4,-0.75,0.13,Matches
735,Daniel Vivian,es ESP,DF,Athletic Club,25,1999,32,"2,608",82,76.3,29,28,90,28,4,22,3,1.88,47,22,25,0.86,0.86,44.9,29.3,15.6,0.54,0.58,Matches
736,Krapyvtsov Vladyslav,ua UKR,GK,Girona,19,2005,2,180,90,5.3,2,2,90,2,0,,13,0,2,7,-5,-2.5,-2.19,2.3,4.7,-2.4,-1.19,-1.03,Matches
737,Sebastian Wade,es ESP,DF,Mallorca,21,2003,0,,,,,0,,0,0,,1,,,,,,,,,,,,Matches
738,Iñaki Williams,gh GHA,FW,Athletic Club,30,1994,35,"2,652",76,77.5,29.5,29,86,21,6,29,0,1.8,47,23,24,0.81,0.7,44.9,28.5,16.4,0.56,0.69,Matches
739,Nico Williams,es ESP,FW,Athletic Club,22,2002,29,"1,996",69,58.4,22.2,22,82,12,7,26,0,1.83,31,16,15,0.68,0.04,30.7,21.6,9.1,0.41,0.03,Matches
740,Axel Witsel,be BEL,DF,Atlético Madrid,35,1989,14,852,61,24.9,9.5,9,85,8,5,17,24,2.07,18,8,10,1.06,0.08,16.5,11.5,5.1,0.54,-0.38,Matches
741,Antal Yaakobishvili,hu HUN,DF,Girona,20,2004,0,,,,,0,,0,0,,4,,,,,,,,,,,,Matches
742,Áron Yaakobishvili,hu HUN,GK,Barcelona,18,2006,0,,,,,0,,0,0,,3,,,,,,,,,,,,Matches
743,Lamine Yamal,es ESP,FW,Barcelona,17,2007,35,"2,856",82,83.5,31.7,31,87,20,4,41,0,2.49,92,28,64,2.02,2.18,80.6,31.3,49.3,1.55,1.51,Matches
744,Daniel Yáñez,es ESP,FW,Real Madrid,17,2007,1,2,2,0.1,0,0,,0,1,2,0,3,0,0,0,0,-1.05,0,0,0,0,-0.86,Matches
745,Bertuğ Yıldırım,tr TUR,FW,Getafe,22,2002,22,"1,083",49,31.7,12,14,68,2,8,16,12,1.05,5,10,-5,-0.42,-0.42,11.9,12.9,-0.9,-0.08,0.25,Matches
746,Arsen Zakharyan,ru RUS,"MF,FW",Real Sociedad,21,2003,3,73,24,2.1,0.8,1,45,0,2,14,4,1,2,0,2,2.47,2.82,1.5,0.3,1.3,1.56,1.63,Matches
747,Bryan Zaragoza,es ESP,"FW,MF",Osasuna,23,2001,27,"1,836",68,53.7,20.4,22,77,2,5,28,1,1.48,29,27,2,0.1,0.44,23.3,28.7,-5.4,-0.27,-0.03,Matches
748,Igor Zubeldia,es ESP,DF,Real Sociedad,27,1997,28,"2,269",81,66.3,25.2,27,82,22,1,45,1,1.14,22,28,-6,-0.24,0.15,29.4,27.6,1.8,0.07,0.33,Matches
749,Martín Zubimendi,es ESP,MF,Real Sociedad,25,1999,36,"2,962",82,86.6,32.9,33,87,30,3,32,0,1.25,31,38,-7,-0.21,0.57,38.1,35,3,0.09,0.97,Matches