Rk,Player,Nation,Pos,Squad,Age,Born,90s,Att,Live,Dead,FK,TB,Sw,Crs,TI,CK,In,Out,Str,Cmp,Off,Blocks,Matches
1,Max Aarons,eng ENG,"DF,MF",Valencia,24,2000,1.3,50.8,41.5,9.23,0.77,0,0,3.85,8.46,0,0,0,0,36.2,0,0.77,Matches
2,Rodrigo Abajas,es ESP,DF,Valencia,21,2003,0.7,41.4,30,11.4,0,0,0,1.43,11.4,0,0,0,0,24.3,0,2.86,Matches
3,Abel,es ESP,DF,Osasuna,23,2000,23,46.6,36.8,9.57,0.61,0.13,0.09,3.7,8.96,0,0,0,0,33.7,0.17,2.04,Matches
4,Nabil Aberdin,fr FRA,MF,Getafe,21,2002,2.9,21,20,0.69,0.69,0,0.34,0,0,0,0,0,0,12.4,0.34,1.03,Matches
5,Abdel Abqar,ma MAR,DF,Alavés,25,1999,27.4,34.3,32.4,1.75,1.46,0.04,0.62,0.18,0.26,0,0,0,0,26.2,0.11,0.22,Matches
6,Akor Adams,ng NGA,FW,Sevilla,24,2000,1.5,18,16,2,0,0,0,0,0,0,0,0,0,13.3,0,0,Matches
7,Adrián,es ESP,GK,Betis,37,1987,19,32.6,23.8,8.58,2.84,0,0,0,0,0,0,0,0,24.9,0.16,0.21,Matches
8,Julen Agirrezabala,es ESP,GK,Athletic Club,23,2000,13.4,30.7,22.8,7.61,2.69,0,0,0,0,0,0,0,0,21,0.3,0,Matches
9,Lucien Agoume,fr FRA,MF,Sevilla,22,2002,23.5,52.6,50.6,1.62,1.36,0.26,0.38,0.77,0.26,0,0,0,0,42.9,0.34,0.68,Matches
10,Álvaro Aguado,es ESP,MF,Espanyol,28,1996,4.9,50.6,46.9,3.47,2.04,0.2,0.61,2.45,0.61,0.61,0.2,0.2,0,39.4,0.2,1.02,Matches
11,Lorenzo Aguado,es ESP,DF,Real Madrid,21,2002,0.1,10,0,10,0,0,0,0,10,0,0,0,0,10,0,0,Matches
12,Nayef Aguerd,ma MAR,DF,Real Sociedad,28,1996,19.6,70.9,67.9,2.7,1.94,0,1.73,0.1,0.15,0,0,0,0,61.9,0.31,0.51,Matches
13,Joseph Aidoo,gh GHA,DF,Valladolid,28,1995,6.5,58.2,55.8,2.31,1.38,0,0.31,0,0.15,0,0,0,0,51.8,0,0.46,Matches
14,Joseph Aidoo,gh GHA,DF,Celta Vigo,28,1995,0,7,7,0,0,0,0,0,0,0,0,0,0,6,0,1,Matches
15,Ilias Akhomach,ma MAR,"MF,FW",Villarreal,20,2004,6.5,28.5,27.2,1.08,0.31,0.15,0.31,2.77,0.31,0.46,0.31,0,0,20.9,0.15,1.08,Matches
16,David Alaba,at AUT,DF,Real Madrid,32,1992,3.5,65.1,61.1,3.71,1.14,0,0.57,0.86,0.57,0,0,0,0,58.9,0.29,0.57,Matches
17,Ibrahim Alani,ng NGA,MF,Valladolid,18,2006,1.8,47.2,45.6,1.11,0,0,0.56,0,0.56,0,0,0,0,39.4,0.56,0,Matches
18,Raúl Albiol,es ESP,DF,Villarreal,38,1985,13.2,61.6,58.9,2.5,1.89,0.08,0.3,0,0,0,0,0,0,55.1,0.15,0.23,Matches
19,Omar Alderete,py PAR,DF,Getafe,27,1996,33,33.5,31.1,2.03,1.85,0.09,0.88,0.18,0,0,0,0,0,21.9,0.39,0.42,Matches
20,Carles Aleñá,es ESP,"MF,FW",Getafe,26,1998,5,23.4,21,2.4,1.2,0,0,1.2,0.2,0.2,0.2,0,0,18.6,0,0.2,Matches
21,Carles Aleñá,es ESP,"MF,FW",Alavés,26,1998,12.1,39,37.2,1.82,0.66,0.5,0,2.56,0.17,0.91,0.41,0.41,0,29.7,0,1.74,Matches
22,Alfon,es ESP,"FW,MF",Celta Vigo,25,1999,15.2,24.8,24.3,0.26,0.07,0.07,0.2,2.63,0.2,0,0,0,0,17.3,0.2,1.78,Matches
23,Tadeo Allende,ar ARG,FW,Celta Vigo,25,1999,0,3,3,0,0,0,0,0,0,0,0,0,0,1,0,1,Matches
24,Domingos André Ribeiro Almeida,pt POR,"MF,FW",Valencia,24,2000,22,43,38.8,3.86,1.23,0.32,0.32,3.05,0.45,1.55,0.36,0.82,0,36.3,0.36,0.77,Matches
25,Iker Almena,es ESP,"FW,DF",Girona,20,2004,0.5,64,60,4,0,0,0,8,4,0,0,0,0,46,0,4,Matches
26,Marcos Alonso,es ESP,DF,Celta Vigo,33,1990,29.4,81.5,76.1,5.37,2.76,0.07,0.85,1.43,1.84,0.51,0.34,0.1,0,72.8,0.1,0.82,Matches
27,Adrià Altimira,es ESP,"DF,FW",Leganés,23,2001,18.1,34,28.5,5.36,0.22,0.11,0.17,1.55,5.14,0,0,0,0,26.7,0.11,0.61,Matches
28,Sergi Altimira,es ESP,MF,Betis,22,2001,21.9,57.4,56.2,1.19,1,0.18,0.73,0.23,0.14,0,0,0,0,51.3,0.05,0.78,Matches
29,Hugo Álvarez,es ESP,"MF,DF",Celta Vigo,21,2003,17.5,57.9,48.9,8.63,0.91,0,0.11,1.77,7.14,0.57,0.23,0.06,0,45.7,0.34,1.89,Matches
30,Julián Álvarez,ar ARG,FW,Atlético Madrid,24,2000,27.9,34.6,31.5,3.05,0.29,0.5,0.43,2.47,0.22,1.79,0.75,0.54,0,25.7,0.07,1.11,Matches
31,Yeray Álvarez,es ESP,DF,Athletic Club,29,1995,19.8,59.7,56.9,2.63,2.02,0.05,0.81,0.15,0.1,0,0,0,0,50.2,0.2,0.66,Matches
32,Selim Amallah,ma MAR,MF,Valladolid,27,1996,15.3,26.5,23,3.14,1.18,0.2,0.46,2.03,0.07,1.18,0.52,0.52,0,20.8,0.39,0.59,Matches
33,Amath,sn SEN,"FW,DF",Valladolid,28,1996,4.2,26.7,25.2,1.43,0.24,0.24,0.48,1.67,1.19,0,0,0,0,20.5,0,1.67,Matches
34,Marcos André,br BRA,FW,Valladolid,27,1996,13.2,15.9,14,1.67,0.15,0.23,0.45,0.08,0.08,0,0,0,0,10.5,0.23,0.38,Matches
35,Leandro Antonetti,pr PUR,FW,Sevilla,21,2003,0.3,13.3,13.3,0,0,0,0,0,0,0,0,0,0,6.67,0,3.33,Matches
36,Antoniu,es ESP,"FW,MF",Espanyol,21,2002,11.4,19.4,18.8,0.35,0.09,0.35,0,1.75,0.26,0,0,0,0,13,0.26,1.32,Matches
37,Antony,br BRA,FW,Betis,24,2000,15.1,50.9,47.8,2.98,0.73,0.46,0.33,2.65,1.32,0.93,0.26,0.26,0,41.2,0.07,1.19,Matches
38,Anuar,ma MAR,"MF,FW",Valladolid,29,1995,19.1,26.4,24.4,2.04,0.52,0.05,0,1.15,1.31,0.05,0,0,0,21.5,0,0.31,Matches
39,Aritz Arambarri,es ESP,DF,Leganés,26,1998,2,33.5,32.5,1,1,0,0.5,0,0,0,0,0,0,24.5,0,0.5,Matches
40,Mauro Arambarri,uy URU,MF,Getafe,28,1995,29.6,27,26.2,0.71,0.44,0.07,0.3,0.47,0,0.03,0.03,0,0,19.8,0.14,0.47,Matches
41,Jon Aramburu,ve VEN,DF,Real Sociedad,22,2002,27.3,55.6,44.4,11.2,1.36,0,0.11,1.65,9.82,0,0,0,0,43.6,0.07,1.36,Matches
42,Ronald Araújo,uy URU,DF,Barcelona,25,1999,8.4,86.3,83,3.21,2.38,0,0.12,0,0.71,0,0,0,0,79.3,0.12,0,Matches
43,Adu Ares,es ESP,FW,Athletic Club,22,2001,0.2,45,45,0,0,0,0,5,0,0,0,0,0,25,0,5,Matches
44,Jesús Areso,es ESP,DF,Osasuna,25,1999,34.2,46,35.2,10.7,0.09,0,0.12,4.94,10.6,0.03,0,0,0,33.3,0.12,1.84,Matches
45,David Argüelles,es ESP,MF,Getafe,22,2002,0.1,50,50,0,0,0,0,0,0,0,0,0,0,30,0,0,Matches
46,José Arnaiz,es ESP,"FW,MF",Osasuna,29,1995,1.5,51.3,44,7.33,2,0,0.67,12,0.67,4.67,3.33,0.67,0,34.7,0,4,Matches
47,Sergio Arribas,es ESP,DF,Betis,21,2003,1,54,40,13,1,0,0,0,12,0,0,0,0,37,1,2,Matches
48,Takuma Asano,jp JPN,"FW,MF",Mallorca,29,1994,11.7,18.7,18.5,0.17,0.09,0,0.26,1.71,0,0,0,0,0,12.6,0,1.11,Matches
49,Raúl Asencio,es ESP,DF,Real Madrid,21,2003,18.6,53.1,49.8,3.28,1.77,0.05,0.43,0,0.43,0,0,0,0,49.8,0.05,0.11,Matches
50,Iago Aspas,es ESP,"FW,MF",Celta Vigo,36,1987,19.4,45.2,43.8,1.03,0.15,1.03,0.41,0.77,0.46,0.21,0,0.05,0,34.1,0.41,1.39,Matches
51,Yaser Asprilla,co COL,"FW,MF",Girona,20,2003,15.6,41.9,37.9,3.59,0.96,0.38,0.64,5.96,0.64,1.54,1.03,0.26,0,30.2,0.38,1.54,Matches
52,Ezequiel Ávila,ar ARG,FW,Betis,30,1994,7.5,31.7,28.7,2.8,0.4,0,0.27,3.87,1.33,0.27,0.13,0.13,0,22.1,0.27,1.2,Matches
53,Adam Aznou,ma MAR,DF,Valladolid,18,2006,9.7,35.4,27.1,7.84,0.93,0,0,1.24,6.7,0.21,0.21,0,0,25.3,0.41,1.24,Matches
54,César Azpilicueta,es ESP,DF,Atlético Madrid,34,1989,9.7,69.2,59.8,9.38,0.82,0.1,0.31,0.52,8.56,0,0,0,0,59.9,0,0.41,Matches
55,Papa Ba,es ESP,MF,Girona,19,2004,0.5,26,26,0,0,0,0,2,0,0,0,0,0,10,0,6,Matches
56,Loïc Bade,fr FRA,DF,Sevilla,24,2000,29.8,61.1,58.8,2.08,1.61,0.03,0.6,0.27,0.2,0,0,0,0,52.4,0.27,0.3,Matches
57,Alex Baena,es ESP,"MF,FW",Villarreal,23,2001,28.8,44.7,37.6,6.67,1.81,0.76,0.69,7.19,0.83,3.72,1.49,1.46,0,29.8,0.45,1.42,Matches
58,Juma Bah,sl SLE,DF,Valladolid,18,2006,9.6,42.4,40.9,1.25,1.15,0,0.1,0,0,0,0,0,0,34.4,0.21,0.31,Matches
59,Eric Bailly,ci CIV,DF,Villarreal,30,1994,6.9,46.4,43.5,2.75,1.59,0,0,0,0.29,0,0,0,0,40.6,0.14,0.14,Matches
60,Stefan Bajcetic,es ESP,"MF,DF",Las Palmas,19,2004,10.8,38.7,36.8,1.67,1.3,0,0.83,0.37,0.19,0.09,0.09,0,0,27.8,0.28,0.74,Matches
61,Cédric Bakambu,cd COD,FW,Betis,33,1991,7.9,15.9,15.2,0.63,0,0.13,0,0.25,0,0,0,0,0,10.6,0.13,0.89,Matches
62,Alejandro Balde,es ESP,DF,Barcelona,20,2003,25.4,58.4,50.7,7.6,1.26,0.12,0.08,2.64,6.34,0,0,0,0,51.4,0.16,1.1,Matches
63,Iván Balliu,al ALB,DF,Rayo Vallecano,32,1992,13.3,48.8,35.4,13.2,0.9,0,0.08,1.43,12.3,0,0,0,0,37,0.15,1.5,Matches
64,Jonathan Bamba,ci CIV,"FW,MF",Celta Vigo,28,1996,9,40.4,38.6,1.56,0.22,0.33,0.11,2.78,1.22,0.11,0,0,0,31.9,0.33,1.33,Matches
65,Adrian Baquerin,es ESP,FW,Valladolid,17,2007,0.5,20,18,2,2,0,0,0,0,0,0,0,0,18,0,0,Matches
66,Valentín Barco,ar ARG,"DF,FW",Sevilla,20,2004,3.2,59.7,44.1,15,2.81,0.63,0.63,7.5,9.38,2.81,0,1.56,0,43.4,0.63,1.56,Matches
67,Borna Barišić,hr CRO,DF,Leganés,31,1992,0.1,40,20,10,0,0,0,0,10,0,0,0,0,30,10,0,Matches
68,Kike Barja,es ESP,"FW,MF",Osasuna,27,1997,3.5,32.6,28.3,3.71,0.57,0,0.29,10.6,0.86,2.29,0,2,0,21.1,0.57,2.29,Matches
69,Enzo Barrenechea,ar ARG,MF,Valencia,23,2001,24.3,55.6,53.2,2.26,2.22,0.12,0.91,0.12,0.04,0,0,0,0,48.1,0.21,0.45,Matches
70,Ander Barrenetxea,es ESP,"MF,FW",Real Sociedad,22,2001,14,37.8,36.1,1.36,0.07,0.07,0.79,3.86,0.79,0.5,0.29,0,0,26.8,0.29,1.93,Matches
71,Pablo Barrios,es ESP,MF,Atlético Madrid,21,2003,25.9,58.3,57.1,1.16,0.89,0.19,0.42,1,0.19,0,0,0,0,50.2,0.12,1.08,Matches
72,Thierno Barry,fr FRA,FW,Villarreal,21,2002,25.8,13.1,12.7,0.35,0,0.16,0.04,0.19,0,0,0,0,0,8.1,0,0.31,Matches
73,Marc Bartra,es ESP,DF,Betis,33,1991,23.3,49.9,46.9,2.7,2.15,0.13,0.82,0.04,0.21,0,0,0,0,40.6,0.3,0.34,Matches
74,Aboubacar Bassinga,ci CIV,MF,Las Palmas,19,2005,0,4,4,0,0,1,0,0,0,0,0,0,0,2,0,0,Matches
75,Augusto Batalla,ar ARG,GK,Rayo Vallecano,28,1996,32,36.8,27.6,9.09,3.34,0,0.06,0,0,0,0,0,0,24.5,0.13,0.09,Matches
76,Rafael Bauza,es ESP,MF,Espanyol,19,2005,2,27,26,1,1,0.5,0.5,0,0,0,0,0,0,23,0,0.5,Matches
77,Sheraldo Becker,sr SUR,"FW,MF",Real Sociedad,29,1995,11.1,28.2,27.4,0.72,0,0,0.09,5.77,0.36,0.18,0,0,0,18,0.09,1.26,Matches
78,Donny van de Beek,nl NED,MF,Girona,27,1997,15.8,28.3,27.7,0.57,0,0.13,0.13,0.7,0,0,0,0,0,23.1,0,0.82,Matches
79,Luken Beitia,es ESP,DF,Real Sociedad,20,2004,0.1,50,50,0,0,0,0,0,0,0,0,0,0,50,0,0,Matches
80,Ismael Bekhoucha,ma MAR,"MF,DF",Getafe,19,2004,0.8,30,23.8,5,2.5,0,0,1.25,2.5,0,0,0,0,21.3,1.25,0,Matches
81,Héctor Bellerín,es ESP,DF,Betis,29,1995,6.4,51.3,43.3,7.97,0.94,0.31,0,1.56,7.03,0,0,0,0,42.2,0,0.94,Matches
82,Jude Bellingham,eng ENG,MF,Real Madrid,21,2003,27.6,56.1,54,1.74,0.76,0.8,0.69,0.65,0.4,0.04,0,0,0,48.3,0.36,0.98,Matches
83,Fran Beltrán,es ESP,MF,Celta Vigo,25,1999,26.9,55.1,53.1,1.86,1.71,0.26,0.52,0.19,0.07,0.04,0,0.04,0,48.8,0.15,0.59,Matches
84,Carlos Benavídez,uy URU,MF,Alavés,26,1998,5.4,43,41.7,0.93,0.37,0.93,0.19,0.19,0.19,0,0,0,0,29.8,0.37,0.93,Matches
85,Iker Benito,es ESP,"FW,MF",Osasuna,21,2002,0.4,32.5,32.5,0,0,0,0,5,0,0,0,0,0,22.5,0,0,Matches
86,Yuri Berchiche,es ESP,DF,Athletic Club,34,1990,22.7,61.6,50.6,10.8,1.19,0,0.84,1.85,9.65,0,0,0,0,51.7,0.13,0.84,Matches
87,Álex Berenguer,es ESP,"FW,MF",Athletic Club,29,1995,26,36.7,29.6,6.85,2.19,0.27,0.12,6.85,0.58,3.88,1.62,1.38,0.04,24.2,0.27,1.08,Matches
88,Marc Bernal,es ESP,MF,Barcelona,17,2007,2.7,59.3,57,2.22,2.22,0,0.37,0,0,0,0,0,0,54.8,0,0.74,Matches
89,Juan Bernat,es ESP,"DF,MF",Villarreal,31,1993,2.4,54.2,45.8,7.5,0.83,0,0,3.75,5.83,0.83,0.42,0.42,0,42.1,0.83,1.67,Matches
90,Juan Bernat,es ESP,"MF,DF",Getafe,31,1993,7.8,25.4,23.3,1.79,0,0,0,1.67,1.79,0,0,0,0,18.2,0.26,1.79,Matches
91,Juan Berrocal,es ESP,DF,Getafe,25,1999,11.8,31.9,30.3,1.61,1.44,0,0.25,0,0,0,0,0,0,24.3,0,0.08,Matches
92,Antonio Blanco,es ESP,MF,Alavés,24,2000,30.3,42.2,39.8,2.08,1.75,0.17,0.76,0.96,0.23,0,0,0,0,33.4,0.26,0.79,Matches
93,Daley Blind,nl NED,DF,Girona,34,1990,30.9,84.5,77.7,6.41,2.1,0.13,1.04,1.36,3.85,0.03,0,0,0,75,0.32,0.94,Matches
94,Adama Boiro,es ESP,"DF,FW",Athletic Club,22,2002,12.2,41.1,32.5,8.61,0.49,0,0,2.54,8.11,0,0,0,0,32.9,0,0.82,Matches
95,Enzo Boyomo,cm CMR,DF,Osasuna,22,2001,33.2,42.2,39.9,2.23,1.51,0.12,0.18,0.06,0.54,0,0,0,0,36.7,0.06,0.27,Matches
96,Enzo Boyomo,cm CMR,DF,Valladolid,22,2001,3,63.3,60.7,2.67,1.33,0,0.33,0,0,0,0,0,0,58,0,0,Matches
97,Darko Brašanac,rs SRB,MF,Leganés,32,1992,18,27.9,26.8,1.06,0.06,0.06,0.06,0.61,0.17,0,0,0,0,21.1,0.06,1.11,Matches
98,Tajon Buchanan,ca CAN,MF,Villarreal,25,1999,4.6,31.3,29.6,1.52,0.22,0,0,3.48,1.3,0,0,0,0,23,0.22,0.87,Matches
99,Ante Budimir,hr CRO,FW,Osasuna,33,1991,32.8,13,12.2,0.73,0.03,0.03,0,0.18,0.03,0,0,0,0,7.29,0.09,0.27,Matches
100,Manu Bueno,es ESP,"MF,FW",Sevilla,20,2004,1.6,46.3,45,1.25,1.25,0,0,0.63,0,0,0,0,0,41.9,0,0,Matches
101,Endika Buján,es ESP,FW,Athletic Club,21,2003,0.1,50,50,0,0,0,0,10,0,0,0,0,0,40,0,0,Matches
102,Pau Cabanes,es ESP,"MF,FW",Villarreal,19,2005,1.8,46.7,46.1,0.56,0,0.56,0,3.33,0,0.56,0,0,0,33.3,0,2.22,Matches
103,Pau Cabanes,es ESP,"MF,FW",Alavés,19,2005,2.1,40,37.6,1.9,0.48,0,0,5.71,1.43,0,0,0,0,28.1,0.48,1.9,Matches
104,Leandro Cabrera,uy URU,DF,Espanyol,33,1991,31.9,45.2,39.9,4.92,1.82,0.03,0.5,0.53,0.38,0,0,0,0,34,0.34,0.41,Matches
105,Fernando Calero,es ESP,"DF,MF",Espanyol,28,1995,7.9,48.2,45.8,2.28,1.14,0,0.51,0.25,0.51,0,0,0,0,41.1,0.13,0.25,Matches
106,Eduardo Camavinga,fr FRA,"MF,DF",Real Madrid,21,2002,12.2,65,61.1,3.44,1.39,0.33,0.33,0.16,2.05,0,0,0,0,57.4,0.41,0.9,Matches
107,Sergio Camello,es ESP,FW,Rayo Vallecano,23,2001,12.6,20.9,19.7,1.03,0,0.56,0.16,0.48,0.16,0,0,0,0,16.4,0.16,0.95,Matches
108,José Campaña,es ESP,MF,Las Palmas,31,1993,13.2,63.2,56.7,6.21,4.17,0.3,0.91,2.58,0.3,1.74,0.68,0.76,0,53.3,0.23,0.61,Matches
109,Peio Canales,es ESP,"MF,FW",Athletic Club,19,2005,2.9,38.6,33.1,5.52,1.03,0,0.34,5.52,0,3.79,0.34,3.1,0,30.7,0,0.34,Matches
110,Antonio Candela,it ITA,DF,Valladolid,24,2000,10.1,43.9,36.4,7.33,0.89,0.1,0.2,1.98,6.44,0,0,0,0,33.9,0.1,0.59,Matches
111,Sergi Canós,es ESP,"MF,FW",Valencia,27,1997,4.1,38.5,36.3,1.95,0.24,0,0.24,4.39,0.73,0.98,0,0.73,0,22.4,0.24,2.44,Matches
112,Dani Cárdenas,es ESP,GK,Rayo Vallecano,27,1997,6,29.8,18.5,11.2,3.5,0,0,0,0,0,0,0,0,15.7,0.17,0,Matches
113,Irvin Cardona,fr FRA,"FW,MF",Espanyol,26,1997,6.7,24,23,0.9,0,0.15,0.3,2.09,0.6,0,0,0,0,14.9,0.15,0.9,Matches
114,Marc Cardona,es ESP,"FW,DF",Las Palmas,29,1995,1.5,32,30,2,0,0.67,0.67,0.67,0,0.67,0,0,0,25.3,0,1.33,Matches
115,Sergi Cardona,es ESP,DF,Villarreal,25,1999,32.7,44.6,36.9,7.49,0.7,0.06,0.06,3.39,6.76,0.03,0,0,0,34.4,0.18,1.19,Matches
116,Johnny Cardoso,us USA,MF,Betis,22,2001,23.8,46.6,45.5,1.01,0.97,0.08,0.42,0.13,0.04,0,0,0,0,39.9,0.08,0.88,Matches
117,José Carlos González,es ESP,DF,Las Palmas,18,2006,0.1,90,90,0,0,0,0,0,0,0,0,0,0,80,0,10,Matches
118,Carmona,es ESP,DF,Sevilla,22,2002,32.7,55,43.8,11,1.47,0.03,0.43,1.25,9.57,0,0,0,0,44.3,0.15,1.13,Matches
119,Sergio Carreira,es ESP,"MF,DF",Celta Vigo,23,2000,18.4,48.6,40.5,7.99,0.16,0.11,0.22,2.23,7.77,0.05,0,0,0,37,0.16,1.63,Matches
120,Dani Carvajal,es ESP,DF,Real Madrid,32,1992,6.8,68.1,60.1,7.79,1.03,0,0,2.06,6.76,0,0,0,0,58.7,0.15,1.32,Matches
121,William Carvalho,pt POR,MF,Betis,32,1992,5.4,73.1,70.9,1.85,1.85,0,0.74,0.37,0,0,0,0,0,63.5,0.37,1.48,Matches
122,Marc Casado,es ESP,MF,Barcelona,20,2003,17.9,76.4,74.3,2.07,1.9,0.22,0.39,0.5,0.17,0,0,0,0,68.2,0,0.95,Matches
123,Catena,es ESP,DF,Osasuna,29,1994,34.2,44.5,41,3.27,2.92,0.03,0.53,0.06,0.06,0,0,0,0,37.3,0.2,0.2,Matches
124,Maximiliano Caufriez,be BEL,DF,Valencia,27,1997,1,14,13,1,1,0,0,0,0,0,0,0,0,11,0,0,Matches
125,Dani Ceballos,es ESP,MF,Real Madrid,27,1996,13.5,100.8,96.7,3.85,2.22,0.3,0.52,1.04,1.04,0.52,0.3,0.15,0,95.1,0.22,0.96,Matches
126,Franco Cervi,ar ARG,"FW,MF",Celta Vigo,30,1994,3,44,36,8,1.33,0.67,0,2,6,0.67,0.33,0.33,0,30.3,0,2.33,Matches
127,Raúl Chasco,es ESP,DF,Valladolid,20,2003,1.4,41.4,26.4,15,3.57,0.71,0.71,2.14,11.4,0,0,0,0,25,0,1.43,Matches
128,Pep Chavarría,es ESP,"DF,FW",Rayo Vallecano,26,1998,28.7,54.4,44.6,9.69,0.52,0,0.31,2.75,9.16,0,0,0,0,43.3,0.14,1.36,Matches
129,Walid Cheddira,ma MAR,FW,Espanyol,26,1998,7.1,14.5,13.2,1.27,0,0,0,0.28,0,0,0,0,0,10.3,0,0.42,Matches
130,Chema,es ESP,MF,Real Madrid,19,2005,0.1,10,10,0,0,0,0,0,0,0,0,0,0,10,0,0,Matches
131,Julián Chicco,ar ARG,"MF,DF",Leganés,26,1998,3.4,42.1,39.4,2.65,0.88,0,0.29,0.88,1.76,0,0,0,0,33.2,0,0.29,Matches
132,Chiquinho,pt POR,"MF,FW",Mallorca,24,2000,1.6,21.3,15.6,5.63,1.88,0.63,0,5.63,1.25,2.5,0.63,1.88,0,13.8,0,0.63,Matches
133,Andreas Christensen,dk DEN,DF,Barcelona,28,1996,2.8,78.6,77.9,0.71,0.71,0,0,0,0,0,0,0,0,72.1,0,0.71,Matches
134,Jasper Cillessen,nl NED,GK,Las Palmas,35,1989,25.9,38.7,28.1,10.5,3.59,0,0,0,0,0,0,0,0,26.4,0.12,0,Matches
135,Pathé Ciss,sn SEN,"MF,DF",Rayo Vallecano,30,1994,23.8,49.5,47.8,1.39,0.84,0.21,0.34,0.17,0.17,0,0,0,0,42,0.38,0.59,Matches
136,Seydouba Cissé,gn GUI,MF,Leganés,23,2001,27.1,42.4,41.1,1.14,0.48,0.07,0.37,0.37,0.3,0.11,0.04,0,0,35.9,0.15,0.48,Matches
137,Silvi Clúa,es ESP,MF,Girona,19,2005,1.8,52.8,50.6,1.11,1.11,0,0,0,0,0,0,0,0,41.7,1.11,1.11,Matches
138,Eray Cömert,ch SUI,"DF,MF",Valladolid,26,1998,19.8,46.4,43.2,3.08,2.53,0,0.66,0,0.1,0,0,0,0,40.7,0.1,0.3,Matches
139,Santi Comesaña,es ESP,MF,Villarreal,27,1996,28.4,48.4,47.2,0.92,0.77,0.25,0.35,0.49,0.07,0,0,0,0,41,0.28,0.77,Matches
140,Diego Conde,es ESP,GK,Villarreal,25,1998,21.8,29.4,22.9,6.38,1.47,0,0,0,0,0,0,0,0,23.8,0.05,0,Matches
141,Tomás Conechny,ar ARG,"FW,MF",Alavés,26,1998,9.4,35,33,1.7,0,0.21,0,3.3,1.28,0.32,0,0.32,0,22.3,0.32,1.38,Matches
142,Copete,es ESP,DF,Mallorca,24,1999,17,45.1,42.2,2.88,1.65,0.12,0,0.41,0,0,0,0,0,37.6,0.06,0.29,Matches
143,Iker Córdoba,es ESP,DF,Valencia,18,2005,0.2,55,55,0,0,0,0,5,0,0,0,0,0,45,0,5,Matches
144,Ángel Correa,ar ARG,"FW,MF",Atlético Madrid,29,1995,8.9,31.5,29.9,1.24,0,0.11,0.22,2.7,0.11,0.79,0.11,0.11,0,23.1,0.34,1.57,Matches
145,Thierry Correia,pt POR,DF,Valencia,25,1999,8.5,51.9,41.1,10.7,0.82,0,0.12,2.12,9.88,0,0,0,0,38.8,0.12,1.88,Matches
146,Coba da Costa,es ESP,"MF,FW",Getafe,22,2002,11.2,27.1,26.7,0.27,0,0.27,0,3.66,0.18,0.09,0,0,0,17.4,0.09,1.07,Matches
147,Logan Costa,cv CPV,DF,Villarreal,23,2001,28.7,53.8,50.5,3.28,1.5,0.03,0.63,0.17,0.28,0,0,0,0,47.2,0,0.28,Matches
148,Samu Costa,pt POR,MF,Mallorca,23,2000,29.4,49,47.8,1.09,0.85,0.14,0.65,0.68,0.24,0,0,0,0,39.6,0.14,1.22,Matches
149,Thibaut Courtois,be BEL,GK,Real Madrid,32,1992,30,34,28,5.93,1,0,0.07,0,0,0,0,0,0,28.3,0.03,0,Matches
150,Juan Cruz Armada,es ESP,DF,Osasuna,32,1992,16.6,40.5,30.5,9.94,1.27,0,0.12,0.66,8.67,0,0,0,0,31.6,0.06,0.66,Matches
151,Juan Cruz,es ESP,"FW,MF",Leganés,24,2000,25.1,28.5,24.5,3.71,0.64,0.36,0.08,3.67,2.35,0.68,0.4,0.16,0,19.4,0.28,1.08,Matches
152,Pau Cubarsí,es ESP,DF,Barcelona,17,2007,29.1,89.5,86.5,2.89,2.3,0.14,0.24,0.07,0.24,0,0,0,0,83.6,0.14,0.21,Matches
153,Cucho,co COL,FW,Betis,25,1999,12.7,24.4,22.1,2.2,0,0.08,0.39,0.94,0.08,0,0,0,0,17.6,0.08,0.79,Matches
154,Arnaut Danjuma,nl NED,FW,Villarreal,27,1997,2.2,13.6,12.7,0.91,0,0,0.45,0,0,0,0,0,0,10.5,0,0.45,Matches
155,Arnaut Danjuma,nl NED,"FW,MF",Girona,27,1997,14.8,29.6,26.4,2.97,0.14,0.07,0.14,5.14,0.41,2.03,1.42,0.41,0,21.5,0.2,1.55,Matches
156,Sergi Darder,es ESP,"MF,FW",Mallorca,30,1993,30.5,42.7,35.8,6.59,2.3,0.26,0.75,5.34,0.52,2.33,0.89,1.18,0.1,32.2,0.26,0.82,Matches
157,Rodrigo De Paul,ar ARG,MF,Atlético Madrid,30,1994,23.4,75.8,70.5,4.74,3.38,1.15,0.6,2.52,0.77,0.51,0.09,0.3,0,61.9,0.51,1.2,Matches
158,Mouctar Diakhaby,gn GUI,DF,Valencia,27,1996,7.3,46,43.8,1.92,1.23,0,0.41,0.14,0.27,0,0,0,0,38.6,0.27,0.55,Matches
159,Assane Diao,sn SEN,FW,Betis,18,2005,3.1,21.3,19.7,1.61,0,0,0,1.29,0.65,0,0,0,0,15.8,0,1.29,Matches
160,Moussa Diarra,ml MLI,DF,Alavés,23,2000,20.7,40.3,34.3,5.8,1.4,0,0.29,1.11,4.35,0,0,0,0,32.4,0.19,0.68,Matches
161,Brahim Díaz,ma MAR,"FW,MF",Real Madrid,24,1999,15.4,42.9,41.2,1.23,0.65,0.52,0.06,0.52,0.52,0,0,0,0,37.2,0.39,0.84,Matches
162,Daniel Díaz,es ESP,MF,Real Sociedad,18,2006,0.1,30,30,0,0,0,0,0,0,0,0,0,0,10,0,0,Matches
163,Pedro Díaz,es ESP,MF,Rayo Vallecano,26,1998,13.5,41.9,38.7,2.74,1.04,0.15,0.59,3.11,0,1.7,0.81,0.74,0,33,0.44,0.74,Matches
164,Diego,es ESP,FW,Leganés,24,2000,13.3,14.4,13.2,0.98,0,0,0.08,0.38,0.08,0,0,0,0,9.1,0.23,0.45,Matches
165,Stole Dimitrievski,mk MKD,GK,Valencia,30,1993,4,33.3,22,11.3,6.25,0,0,0,0,0,0,0,0,17,0,0,Matches
166,Yan Diomandé,ci CIV,"MF,FW",Leganés,17,2006,6.1,32.8,31,1.8,0.16,0.16,0,1.97,1.64,0,0,0,0,27.2,0,0.82,Matches
167,Álvaro djaló,es ESP,FW,Athletic Club,24,1999,7.3,17.5,16.8,0.55,0,0,0.55,1.92,0.14,0,0,0,0,11.6,0.14,0.41,Matches
168,Djené,tg TOG,"DF,MF",Getafe,32,1991,28.3,32.4,28.6,3.71,0.6,0,0.14,1.13,3.11,0,0,0,0,24.5,0.14,0.28,Matches
169,Marko Dmitrović,rs SRB,GK,Leganés,32,1992,32,32.9,19.4,13.3,3.81,0,0.03,0,0.03,0,0,0,0,14.7,0.19,0,Matches
170,Marc Domenech,es ESP,"FW,MF",Mallorca,18,2006,3.4,14.4,14.4,0,0,0,0,1.18,0,0,0,0,0,10,0,0.29,Matches
171,Carlos Dominguez,es ESP,DF,Celta Vigo,23,2001,13.1,73.8,71.5,2.14,1.98,0,0.46,0,0.15,0,0,0,0,65.3,0.23,0.38,Matches
172,Israel Domínguez,es ESP,FW,Sevilla,21,2003,0.2,10,5,5,0,0,0,0,5,0,0,0,0,10,0,0,Matches
173,Sergi Dominguez,es ESP,DF,Barcelona,19,2005,1.9,94.7,91.1,3.68,2.11,0,0,0,0.53,0,0,0,0,90,0,0,Matches
174,Anastasios Douvikas,gr GRE,FW,Celta Vigo,24,1999,7.8,13.7,10.9,2.69,0,0,0,0.13,0,0,0,0,0,9.74,0.13,0.77,Matches
175,Domingos Duarte,pt POR,DF,Getafe,29,1995,20.7,30.6,29.1,1.4,1.3,0.05,0.29,0,0.1,0,0,0,0,24,0.1,0.05,Matches
176,Duk,cv CPV,"MF,FW",Leganés,24,2000,2,26.5,24.5,2,0,0,0,4,2,0,0,0,0,16.5,0,2.5,Matches
177,Pablo Durán,es ESP,"FW,MF",Celta Vigo,23,2001,15.5,25.8,24.2,1.48,0,0.06,0.19,1.16,0.45,0.06,0,0.06,0,18.3,0.13,1.23,Matches
178,Hugo Duro,es ESP,FW,Valencia,24,1999,24.1,17.8,16,1.7,0.04,0,0.04,0.29,0.04,0,0,0,0,12.3,0.04,0.62,Matches
179,Chidera Ejuke,ng NGA,FW,Sevilla,26,1998,10.7,41.6,38.2,3.27,0,0.19,0.75,2.06,1.12,2.15,1.03,0.09,0,33.9,0.09,1.59,Matches
180,Aritz Elustondo,es ESP,DF,Real Sociedad,30,1994,16.2,56,52.1,3.64,1.79,0.19,0.31,0.25,1.73,0,0,0,0,47.8,0.25,0.56,Matches
181,Adri Embarba,es ESP,"FW,MF",Rayo Vallecano,32,1992,17.9,33.5,29.4,3.85,1.12,0.22,0.11,6.37,0.61,1.96,1.12,0.5,0,21.4,0.17,1.51,Matches
182,Endrick,br BRA,FW,Real Madrid,18,2006,4,18.8,17.3,1.5,0,0,0.25,0.5,0.5,0,0,0,0,14.8,0,0,Matches
183,Alfonso Espino,uy URU,DF,Rayo Vallecano,32,1992,9.3,52.8,43.3,9.03,0.97,0,0,2.58,8.06,0,0,0,0,39.2,0.43,1.29,Matches
184,Dario Essugo,pt POR,MF,Las Palmas,19,2005,21.5,44.2,43.4,0.7,0.56,0.19,0.47,0.05,0.05,0,0,0,0,37.8,0.09,0.33,Matches
185,Etienne Eto'o,cm CMR,FW,Rayo Vallecano,21,2002,0.4,12.5,12.5,0,0,0,0,0,0,0,0,0,0,2.5,0,0,Matches
186,Karl Etta,cm CMR,"MF,FW",Villarreal,20,2003,0.4,2.5,2.5,0,0,0,0,0,0,0,0,0,0,0,0,0,Matches
187,Edu Expósito,es ESP,MF,Espanyol,27,1996,11.6,41.8,35.1,6.29,3.28,1.12,0.43,5.69,0.09,2.84,0.78,1.64,0.09,27.4,0.43,0.69,Matches
188,Abde Ezzalzouli,ma MAR,"FW,MF",Betis,22,2001,22,34.4,33.3,1.05,0.27,0.09,0.18,2.23,0.68,0.05,0,0,0,24.6,0.09,1.23,Matches
189,Ansu Fati,es ESP,FW,Barcelona,21,2002,2.6,48.1,45.8,1.54,1.15,0.77,0,0,0,0.38,0,0,0,40,0.77,1.15,Matches
190,Nabil Fekir,fr FRA,MF,Betis,31,1993,2,41,35.5,5.5,1.5,0.5,0.5,5,0,4,1.5,1.5,0,33.5,0,2,Matches
191,Kiko Femenía,es ESP,DF,Villarreal,33,1991,24.7,61,50.6,10.3,2.02,0.04,0.32,1.9,8.22,0,0,0,0,54.2,0.08,0.57,Matches
192,Aitor Fernández,es ESP,GK,Osasuna,33,1991,1,45,27,18,7,0,0,0,0,0,0,0,0,29,0,0,Matches
193,Álvaro Fernández,es ESP,GK,Sevilla,26,1998,8.3,39,31.1,7.83,2.29,0,0,0,0,0,0,0,0,25.5,0.12,0,Matches
194,Pelayo Fernandez,es ESP,DF,Rayo Vallecano,21,2003,1.1,25.5,24.5,0.91,0.91,0,0,0,0,0,0,0,0,21.8,0,0,Matches
195,Roberto Férnandez,es ESP,FW,Espanyol,22,2002,16.6,15.6,14.2,1.39,0,0.12,0,0.12,0,0,0,0,0,11.3,0,0.72,Matches
196,Valery Fernández,es ESP,"MF,FW",Mallorca,24,1999,3.4,29.1,28.5,0.59,0,0,0,0.88,0.59,0,0,0,0,25.9,0,0.29,Matches
197,André Ferreira,pt POR,GK,Valladolid,28,1996,6,32.5,19.5,12.8,3.5,0,0,0,0,0,0,0,0,23,0.17,0,Matches
198,Mateo Flores,es ESP,MF,Betis,20,2004,1.7,40.6,39.4,1.18,1.18,0,0,0.59,0,0,0,0,0,32.9,0,1.18,Matches
199,Pablo Fornals,es ESP,"MF,FW",Betis,28,1996,20.3,54.6,51.8,2.71,0.99,0.49,0.49,2.66,0.59,1.13,0.34,0.3,0,43.7,0.15,1.28,Matches
200,Héctor Fort,es ESP,DF,Barcelona,17,2006,6.5,76.5,67.7,8.62,0.62,0,0.31,1.85,8,0,0,0,0,68.9,0.15,1.85,Matches
201,Dimitri Foulquier,fr FRA,DF,Valencia,31,1993,25.5,50,39.2,10.6,1.73,0.08,0.16,2.24,8.86,0,0,0,0,39.5,0.24,1.69,Matches
202,Juan Foyth,ar ARG,DF,Villarreal,26,1998,16.9,57,51.1,5.8,2.72,0.18,0.36,0.24,2.07,0,0,0,0,49.6,0.06,0.47,Matches
203,Fran,es ESP,GK,Real Madrid,19,2005,1,20,15,5,1,0,0,0,0,0,0,0,0,19,0,0,Matches
204,Alejandro Francés,es ESP,DF,Girona,21,2002,13,62.5,53.5,8.92,1.54,0.08,0.77,1.92,7.38,0,0,0,0,52.7,0.15,1.62,Matches
205,Enric Franquesa,es ESP,"DF,FW",Leganés,27,1997,6.8,33.1,26.3,6.32,0,0,0,2.35,6.32,0,0,0,0,23.2,0.44,1.32,Matches
206,Jorge de Frutos,es ESP,"FW,MF",Rayo Vallecano,27,1997,27.7,24,23.2,0.69,0.04,0.11,0.04,2.49,0.58,0,0,0,0,16.4,0.14,1.59,Matches
207,Darío Fuentes,es ESP,DF,Sevilla,21,2003,0.1,20,0,20,0,0,0,0,20,0,0,0,0,0,0,0,Matches
208,Manuel Fuster,es ESP,"FW,MF",Las Palmas,26,1997,11.1,56.2,50.4,5.5,2.25,0.27,0.9,6.04,1.17,1.98,0.63,0.9,0.09,43.1,0.36,1.53,Matches
209,Javi Galán,es ESP,DF,Atlético Madrid,29,1994,19.8,51.9,42.3,9.39,0.96,0.05,0.1,2.88,8.43,0,0,0,0,43,0.2,1.21,Matches
210,Iñigo Ruiz de Galarreta,es ESP,MF,Athletic Club,30,1993,16.4,51.5,49.1,2.07,1.59,0.37,0.49,1.77,0,0.37,0.06,0.3,0,41.6,0.3,1.1,Matches
211,Conor Gallagher,eng ENG,MF,Atlético Madrid,24,2000,18.1,46.4,45.2,0.88,0.33,0.17,0.06,0.72,0.44,0.06,0.06,0,0,39.4,0.33,0.99,Matches
212,Facundo Garcés,ar ARG,DF,Alavés,24,1999,7.5,26.3,24.7,1.6,1.47,0,0,0.13,0.13,0,0,0,0,20,0,0.27,Matches
213,Álvaro García,es ESP,"FW,MF",Rayo Vallecano,31,1992,28.4,29.6,28.8,0.63,0.04,0.07,0.21,3.84,0.25,0.04,0.04,0,0,19.1,0.18,1.51,Matches
214,Eric García,es ESP,"DF,MF",Barcelona,23,2001,17.4,77,72.9,3.97,1.38,0.23,0.17,0.4,2.53,0,0,0,0,70.9,0.11,0.69,Matches
215,Fran Garcia,es ESP,DF,Real Madrid,24,1999,24.1,64.4,56,8.26,1.24,0.04,0.21,2.74,7.01,0,0,0,0,55.8,0.08,1.58,Matches
216,Gonzalo García,es ESP,"FW,DF",Real Madrid,20,2004,0.6,33.3,33.3,0,0,0,0,0,0,0,0,0,0,31.7,0,0,Matches
217,Joan García,es ESP,GK,Espanyol,23,2001,38,33.1,24,9.03,3.34,0,0.13,0,0,0,0,0,0,23.7,0.08,0.03,Matches
218,Pablo Garcia,es ESP,FW,Betis,17,2006,0.4,35,32.5,2.5,0,0,2.5,5,2.5,0,0,0,0,25,0,2.5,Matches
219,Rubén García,es ESP,"FW,MF",Osasuna,31,1993,26.8,45.3,39.9,5.19,1.64,0.04,0.93,5.07,0.45,2.69,1.16,0.52,0.07,33.7,0.26,1.38,Matches
220,Unai García,es ESP,DF,Osasuna,32,1992,0.7,54.3,51.4,2.86,2.86,0,1.43,0,0,0,0,0,0,51.4,0,0,Matches
221,Yarek Gasiorowski,es ESP,DF,Valencia,19,2005,10.5,45.9,42.7,3.24,1.62,0.1,0.1,0.29,1.52,0,0,0,0,36.9,0,0.67,Matches
222,Gavi,es ESP,"MF,FW",Barcelona,19,2004,12.1,67.3,65.5,1.74,1.07,0.08,0.41,0.74,0.41,0.08,0,0,0,60.6,0.08,0.58,Matches
223,Paulo Gazzaniga,ar ARG,GK,Girona,32,1992,35.5,34.1,27.4,6.62,1.55,0,0.03,0,0,0,0,0,0,27.3,0.14,0.03,Matches
224,Bryan Gil,es ESP,"FW,MF",Girona,23,2001,19.1,39.7,38.3,1.2,0.05,0,0,4.08,0.42,0.73,0.31,0.31,0,32.5,0.26,1.2,Matches
225,Dani Gómez,es ESP,FW,Valencia,26,1998,5.9,14.1,12.2,1.86,0,0,0,0,0.34,0,0,0,0,10.5,0,1.02,Matches
226,Moi Gómez,es ESP,"MF,FW",Osasuna,30,1994,8.8,56.1,54.5,1.48,0.8,0,1.02,3.18,0.11,0.23,0.11,0.11,0,45.2,0.11,1.82,Matches
227,Sergi Gómez,es ESP,DF,Espanyol,32,1992,7.4,47.3,45.5,1.76,1.49,0,0,0.14,0,0,0,0,0,42,0,0.14,Matches
228,Sergio Gómez,es ESP,"MF,DF",Real Sociedad,23,2000,30.4,47.3,39,8.03,1.91,0.03,0.3,7.6,1.51,4.38,1.55,2.2,0,35.4,0.3,1.55,Matches
229,Unai Gómez,es ESP,"MF,FW",Athletic Club,21,2003,14.3,21.3,19.4,1.82,0.21,0.14,0,1.61,0.07,0.84,0.77,0,0,15.6,0.07,0.42,Matches
230,Fabio González,es ESP,MF,Las Palmas,27,1997,0.6,88.3,88.3,0,0,0,1.67,1.67,0,0,0,0,0,71.7,0,5,Matches
231,Peter González,do DOM,"MF,FW",Getafe,22,2002,5.3,24.7,22.1,2.26,0.38,0,0,2.64,1.7,0,0,0,0,16.2,0.38,1.13,Matches
232,Urko González,es ESP,MF,Espanyol,23,2001,15.3,28.2,27.8,0.39,0.26,0.13,0.07,0.2,0.07,0.07,0,0.07,0,21.9,0.07,0.92,Matches
233,Urko González,es ESP,MF,Real Sociedad,23,2001,0.5,34,34,0,0,0,2,2,0,0,0,0,0,20,0,2,Matches
234,Andoni Gorosabel,es ESP,DF,Athletic Club,27,1996,16.5,53.6,41.8,11.7,0.85,0,0,2.48,10.8,0,0,0,0,44.6,0.06,1.27,Matches
235,José Gragera,es ESP,MF,Espanyol,23,2000,6.3,34.4,32.7,1.59,1.59,0,0.16,0,0,0,0,0,0,30.2,0.16,0.32,Matches
236,Dominik Greif,sk SVK,GK,Mallorca,27,1997,31,33.8,24,9.52,3.29,0,0.06,0,0,0,0,0,0,23.7,0.23,0.03,Matches
237,Antoine Griezmann,fr FRA,"FW,MF",Atlético Madrid,33,1991,27.4,53.4,47.9,5.29,0.95,0.44,0.33,5.04,0.47,2.96,1.02,1.06,0,39.9,0.18,1.42,Matches
238,Florian Grillitsch,at AUT,MF,Valladolid,28,1995,6.9,50.6,47.4,3.19,1.74,0.43,1.01,0.87,0.14,0.58,0.43,0,0,41.9,0,0.58,Matches
239,Vicente Guaita,es ESP,GK,Celta Vigo,37,1987,34,28.6,20,8.53,1.76,0,0.03,0,0,0,0,0,0,23.5,0.06,0,Matches
240,Sergi Guardiola,es ESP,FW,Rayo Vallecano,33,1991,4,21,20.3,0.75,0,0,0,1,0,0,0,0,0,14,0,1.25,Matches
241,Nemanja Gudelj,rs SRB,"MF,DF",Sevilla,32,1991,27.7,49.5,45.5,3.83,2.24,0.04,0.32,1.12,0,0.83,0.54,0.11,0,43,0.18,0.22,Matches
242,Javier Guerra,es ESP,MF,Valencia,21,2003,28.7,45.8,43.5,1.92,0.98,0.28,0.38,1.57,0.21,0.52,0.24,0.1,0,35.6,0.38,1.39,Matches
243,Ander Guevara,es ESP,MF,Alavés,27,1997,21.6,46.1,44,1.71,1.02,0,0.28,0.23,0.09,0,0,0,0,35.3,0.37,0.88,Matches
244,Pape Gueye,sn SEN,MF,Villarreal,25,1999,24.7,46.3,44.2,1.66,1.34,0.32,0.81,0.81,0.04,0.08,0.04,0,0,36.9,0.49,0.85,Matches
245,Hugo Guillamón,es ESP,MF,Valencia,24,2000,4,47,44.5,2.25,2.25,0,0.75,0.25,0,0,0,0,0,38.5,0.25,0.25,Matches
246,Carlos Guirao,es ESP,MF,Betis,21,2003,1.2,38.3,35.8,2.5,1.67,0,0,0,0.83,0,0,0,0,30,0,3.33,Matches
247,Arda Güler,tr TUR,"MF,FW",Real Madrid,19,2005,13.9,63.7,57.9,5.76,1.29,0.72,0.58,4.1,0.94,3.38,2.16,0.5,0,54.9,0.07,0.94,Matches
248,Gerard Gumbau,es ESP,MF,Rayo Vallecano,29,1994,9.4,44.7,40.2,4.36,1.7,0,0.53,4.04,0.21,2.45,1.49,0.74,0,33.7,0.11,1.17,Matches
249,Jon Guridi,es ESP,"MF,FW",Alavés,29,1995,23.1,31.9,30.5,1.21,0.3,0.09,0,0.74,0.17,0.22,0.04,0.13,0,23.7,0.22,0.78,Matches
250,Gorka Guruzeta,es ESP,FW,Athletic Club,27,1996,20.4,20.1,18.8,1.23,0,0.05,0.2,0.25,0.15,0,0,0,0,14.6,0.15,0.64,Matches
251,Miguel Gutiérrez,es ESP,"DF,MF",Girona,23,2001,27.3,55,45.2,9.34,1.47,0.15,0.4,5.6,7.07,0.81,0.07,0.66,0,45.5,0.48,1.5,Matches
252,Munir El Haddadi,ma MAR,"FW,MF",Leganés,28,1995,9.6,27.9,26.1,1.46,0.52,0.1,0,1.35,0.31,0.21,0,0.1,0,20.9,0.31,0.63,Matches
253,Sébastien Haller,ci CIV,FW,Leganés,30,1994,4.5,20,18.9,1.11,0,0.44,0,0,0,0,0,0,0,12,0,0.22,Matches
254,Henrique,br BRA,DF,Valladolid,30,1994,3.9,50.5,43.6,6.92,1.54,0.26,0,0.77,5.13,0.26,0.26,0,0,43.3,0,1.28,Matches
255,Javi Hernández,es ESP,DF,Leganés,26,1998,26.5,40,31.5,8.38,1.4,0.04,0.15,1.96,6.83,0.15,0.04,0,0,30.1,0.11,0.79,Matches
256,Aridane Hernández,es ESP,DF,Rayo Vallecano,35,1989,11.4,46.2,42.5,3.68,1.32,0,0.44,0,0,0,0,0,0,40.6,0.09,0.18,Matches
257,Jorge Herrando,es ESP,DF,Osasuna,23,2001,15.2,48.2,45.7,2.37,1.45,0,0.39,0.13,0.53,0,0,0,0,41.1,0.13,0.33,Matches
258,Ander Herrera,es ESP,MF,Athletic Club,34,1989,3,66.7,64.7,2,1.67,0,0,0.33,0.33,0,0,0,0,60.3,0,0,Matches
259,Sergio Herrera,es ESP,GK,Osasuna,31,1993,37,33.7,23,10.6,3.08,0,0.08,0,0.03,0,0,0,0,23.5,0.11,0,Matches
260,Yangel Herrera,ve VEN,MF,Girona,26,1998,25.1,42.5,41.7,0.64,0.4,0.08,0.4,1.75,0.12,0,0,0,0,34.6,0.24,0.88,Matches
261,Juan Herzog,es ESP,DF,Las Palmas,21,2003,14.6,44.3,41,3.22,1.37,0,0.21,0,0.41,0,0,0,0,38.3,0.14,0.21,Matches
262,Omar El Hilali,ma MAR,DF,Espanyol,20,2003,35,45.1,34.9,10.1,1.74,0.03,0.46,1.63,8.37,0,0,0,0,35.6,0.09,0.71,Matches
263,Roger Hinojo,es ESP,DF,Espanyol,19,2005,0.1,100,90,10,0,0,0,20,10,0,0,0,0,50,0,10,Matches
264,Dinko Horkaš,hr CRO,GK,Las Palmas,25,1999,12.1,43.4,36.8,6.36,2.48,0,0.25,0,0,0,0,0,0,32.8,0.25,0,Matches
265,Pablo Ibáñez,es ESP,MF,Osasuna,25,1998,14.4,35.6,34.3,0.97,0.28,0.14,0.35,0.9,0.28,0.07,0,0,0,26.7,0.35,0.97,Matches
266,Stanis Idumbo,be BEL,"FW,MF",Sevilla,19,2005,3.2,23.8,22.5,0.94,0,0.31,0,0,0.94,0,0,0,0,19.7,0.31,0.94,Matches
267,Iglesias,es ESP,DF,Getafe,26,1998,32.1,37.4,26.3,10.9,0.81,0,0.44,2.62,10.1,0,0,0,0,21.4,0.31,1.31,Matches
268,Borja Iglesias,es ESP,FW,Celta Vigo,31,1993,21.7,22.5,19.6,2.58,0.05,0.37,0.37,0.28,0.09,0,0,0,0,15.9,0.37,0.97,Matches
269,Kelechi Iheanacho,ng NGA,FW,Sevilla,27,1996,4.4,18.2,17.3,0.91,0,0,0.45,0,0.23,0,0,0,0,13.6,0,0.23,Matches
270,Isco,es ESP,MF,Betis,32,1992,17.2,68.2,59.7,8.31,3.49,0.35,1.57,5.35,0.29,4.19,1.63,1.63,0,55.6,0.17,1.4,Matches
271,Diego Iturralde,es ESP,FW,Sevilla,21,2003,0.4,17.5,17.5,0,0,0,0,0,0,0,0,0,0,12.5,0,2.5,Matches
272,Ivan Jaime Pajuelo,es ESP,MF,Valencia,23,2000,3.3,32.1,29.7,1.82,0.61,0,0.61,1.82,0,1.21,0.3,0,0,24.2,0.61,1.21,Matches
273,Karl Jakob Hein,ee EST,GK,Valladolid,22,2002,31,37.6,27.1,10.5,3.23,0,0.03,0,0,0,0,0,0,27.6,0.06,0,Matches
274,Adnan Januzaj,be BEL,"MF,FW",Las Palmas,29,1995,6.6,53,43.6,9.24,1.97,1.21,1.21,9.85,1.67,4.55,2.27,0.91,0.15,36.7,0.15,2.88,Matches
275,Mikel Jauregizar,es ESP,MF,Athletic Club,20,2003,24.9,45,43.1,1.69,0.96,0.2,0.52,1.08,0,0.72,0.08,0.44,0,36.3,0.2,0.52,Matches
276,John Joe,ie IRL,"MF,FW",Getafe,20,2003,0.5,40,40,0,0,0,0,0,0,0,0,0,0,32,0,2,Matches
277,Jofre,es ESP,"MF,FW",Espanyol,23,2001,24.1,21.8,21.1,0.58,0.04,0.08,0.08,2.24,0.46,0.08,0,0.08,0,14.6,0.12,1.08,Matches
278,Frenkie de Jong,nl NED,MF,Barcelona,27,1997,12.7,90.4,88.2,2.05,1.89,0.31,0.16,0.47,0.16,0,0,0,0,85.4,0.16,0.87,Matches
279,Joan Jordán,es ESP,MF,Alavés,30,1994,15.7,58.3,48.5,9.62,4.2,0,1.15,6.75,0.19,4.01,1.66,1.97,0.06,43.6,0.19,1.02,Matches
280,Juanmi,es ESP,"FW,MF",Getafe,31,1993,7.7,17.8,17,0.78,0,0,0,0,0.39,0,0,0,0,13.6,0,1.3,Matches
281,Juanmi,es ESP,"FW,MF",Betis,31,1993,2.7,25.9,24.8,1.11,0.37,0,0,0.37,0.74,0,0,0,0,21.5,0,1.85,Matches
282,Juanpe,es ESP,DF,Girona,33,1991,8.1,71.7,67,4.57,3.7,0,1.36,0.12,0.62,0,0,0,0,62.6,0.12,0.62,Matches
283,Luiz Lúcio Reis Júnior,br BRA,GK,Villarreal,23,2001,16.2,30.3,21.7,8.58,2.47,0,0.06,0,0,0,0,0,0,22.2,0,0.06,Matches
284,Vinicius Júnior,br BRA,FW,Real Madrid,24,2000,25,36,34.5,1.16,0.36,0.6,0.64,2.24,0.4,0.32,0,0,0,26.9,0.4,1.8,Matches
285,Stanko Jurić,hr CRO,MF,Valladolid,27,1996,19.2,39.3,38.2,1.04,0.99,0.05,0.05,0,0.05,0,0,0,0,33.1,0.05,0.73,Matches
286,Willy Kambwala,fr FRA,DF,Villarreal,19,2004,12.4,47.9,43.4,4.19,1.94,0,0.16,0,1.05,0,0,0,0,42,0.32,0.4,Matches
287,Abdoulaye Keita,es ESP,"FW,MF",Getafe,21,2002,1.1,24.5,23.6,0.91,0,0,0.91,0.91,0.91,0,0,0,0,13.6,0,0.91,Matches
288,Kenedy,br BRA,"MF,FW",Valladolid,28,1996,0.1,20,20,0,0,0,0,0,0,0,0,0,0,10,0,0,Matches
289,Kiké,es ESP,FW,Alavés,34,1989,28.2,20.9,20.2,0.5,0.07,0.14,0.21,0.46,0.04,0,0,0,0,13.6,0.11,0.64,Matches
290,Koke,es ESP,MF,Atlético Madrid,32,1992,21.4,76.6,73.1,3.13,2.24,0.14,0.28,1.03,0.33,0.56,0.23,0.09,0,67.5,0.37,0.75,Matches
291,Jules Koundé,fr FRA,DF,Barcelona,25,1998,28.9,74,62.4,11.5,2.28,0.21,0.45,2.18,9.2,0,0,0,0,64.2,0.17,0.87,Matches
292,Alex Král,cz CZE,MF,Espanyol,26,1998,30.2,27.7,26.5,0.96,0.33,0.2,0.2,1.26,0.07,0.13,0,0.13,0,19.9,0.23,0.99,Matches
293,Ladislav Krejčí,cz CZE,DF,Girona,25,1999,27.1,78.8,75.3,3.39,2.1,0.11,0.3,0.41,0.44,0,0,0,0,71,0.07,0.26,Matches
294,Takefusa Kubo,jp JPN,"MF,FW",Real Sociedad,23,2001,26.4,36.4,34.4,1.82,0.42,0.27,0.08,3.22,0.3,1.06,0.49,0.3,0,26.3,0.27,1.63,Matches
295,Marash Kumbulla,al ALB,DF,Espanyol,24,2000,33,42.6,40.9,1.58,1.03,0,0.21,0.18,0.06,0,0,0,0,36,0.15,0.24,Matches
296,Luca de la Torre,us USA,MF,Celta Vigo,26,1998,0,5,5,0,0,0,0,0,0,0,0,0,0,4,0,0,Matches
297,Yoel Lago,es ESP,DF,Celta Vigo,20,2004,6.5,65.5,63.4,2.15,1.85,0.31,0.15,0,0.31,0,0,0,0,60.6,0,0.15,Matches
298,Cyle Larin,ca CAN,FW,Mallorca,29,1995,19.6,16.2,15.8,0.36,0,0,0,0.31,0.1,0,0,0,0,10.9,0.05,0.56,Matches
299,Juanmi Latasa,es ESP,FW,Valladolid,23,2001,15.5,16.8,15,1.68,0.19,0.06,0.19,0.32,0,0,0,0,0,9.94,0.13,0.06,Matches
300,Toni Lato,es ESP,DF,Mallorca,26,1997,6.9,45.5,37.1,8.12,0.14,0,0,3.33,7.97,0,0,0,0,34.2,0.29,0.72,Matches
301,Robin Le Normand,es ESP,DF,Atlético Madrid,27,1996,23.9,54.3,52.8,1.42,1.09,0,0.21,0.04,0.17,0,0,0,0,49.1,0.04,0.13,Matches
302,Florian Lejeune,fr FRA,DF,Rayo Vallecano,33,1991,36.9,55.9,53,2.85,2.3,0,0.95,0.22,0.16,0,0,0,0,46.8,0.05,0.51,Matches
303,Iñigo Lekue,es ESP,DF,Athletic Club,31,1993,8.6,51,40.5,10.3,1.16,0,0.12,1.86,9.19,0,0,0,0,40.1,0.23,0.7,Matches
304,Thomas Lemar,fr FRA,MF,Atlético Madrid,28,1995,0.9,75.6,67.8,7.78,4.44,0,0,3.33,1.11,2.22,0,0,0,63.3,0,1.11,Matches
305,Clément Lenglet,fr FRA,DF,Atlético Madrid,29,1995,21.9,62.3,60.2,2.05,1.6,0,0.59,0.18,0.14,0,0,0,0,54.5,0.05,0.59,Matches
306,Robert Lewandowski,pl POL,FW,Barcelona,35,1988,29.6,17.6,17,0.51,0.03,0.1,0.2,0.17,0,0,0,0,0,12.9,0.14,0.74,Matches
307,Samuel Lino,br BRA,"MF,DF",Atlético Madrid,24,1999,17.2,47.7,46,1.63,0.17,0.06,0.17,2.38,1.34,0.12,0,0,0,37.9,0.06,1.8,Matches
308,Javier Llabrés,es ESP,FW,Mallorca,21,2002,0.6,40,40,0,0,0,0,6.67,0,0,0,0,0,33.3,0,0,Matches
309,Diego Llorente,es ESP,DF,Betis,30,1993,28,57,54.8,2.11,1.89,0,0.39,0.04,0.18,0,0,0,0,49.4,0.11,0.32,Matches
310,Marcos Llorente,es ESP,"DF,MF",Atlético Madrid,29,1995,27.9,56,49.1,6.56,0.47,0.04,0.07,2.22,6.09,0,0,0,0,47.9,0.32,1.22,Matches
311,Giovani Lo Celso,ar ARG,"MF,FW",Betis,28,1996,16.2,59.9,50.1,9.69,4.51,0.93,0.49,5.86,0.68,4.14,2.22,1.36,0,47.3,0.06,1.3,Matches
312,Enzo Loiodice,fr FRA,MF,Las Palmas,23,2000,7.6,58.3,56.4,1.84,0.79,0,0.39,1.32,0.13,0.92,0.39,0.13,0.13,49.6,0,1.45,Matches
313,David López,es ESP,DF,Mallorca,21,2003,1.9,27.9,27.4,0,0,0,0,0,0,0,0,0,0,22.6,0.53,0.53,Matches
314,David López,es ESP,DF,Girona,34,1989,27,75.6,72.1,3.41,2.37,0,0.59,0.11,0.33,0,0,0,0,69.6,0.11,0.3,Matches
315,Diego López,es ESP,"MF,FW",Valencia,22,2002,30.4,31,29.7,1.18,0,0.16,0.1,2.2,1.09,0,0,0,0,22.4,0.1,1.55,Matches
316,Fer López,,"FW,MF",Celta Vigo,,,7.5,34.7,33.9,0.27,0,0.93,0.53,0.27,0,0.27,0.13,0.13,0,29.3,0.53,0.67,Matches
317,Fermin López,es ESP,"MF,FW",Barcelona,21,2003,13.9,48.6,44.9,3.45,0.43,0.58,0.36,3.38,0.29,2.01,0.86,0.14,0.07,39.7,0.22,0.86,Matches
318,Javi López,es ESP,DF,Real Sociedad,22,2002,21.5,48.3,36.4,11.8,0.98,0,0.37,2.79,10.8,0,0,0,0,37.9,0.05,1.26,Matches
319,Pau López,es ESP,GK,Girona,29,1994,0.5,48,32,16,2,0,0,0,0,0,0,0,0,36,0,0,Matches
320,Roberto López,es ESP,MF,Leganés,24,2000,4.4,47.3,40,6.36,2.95,0,0.68,5.45,0.23,2.73,1.59,0.68,0,34.5,0.91,1.36,Matches
321,Unai López,es ESP,MF,Rayo Vallecano,28,1995,19,65.1,61.7,3.26,1.16,0.26,0.42,1.74,0.63,1,0.53,0.26,0,54.8,0.11,1,Matches
322,Iker Losada,es ESP,"FW,MF",Celta Vigo,22,2001,4,32,31.8,0,0,0.75,0.5,1.25,0,0,0,0,0,24,0.25,1,Matches
323,Iker Losada,es ESP,"MF,FW",Betis,22,2001,3.7,38.4,38.1,0.27,0.27,0.54,0.27,1.08,0,0,0,0,0,28.9,0,1.62,Matches
324,Pol Lozano,es ESP,MF,Espanyol,24,1999,21.6,38.3,36,2.18,1.48,0.19,0.37,0.88,0.23,0.46,0.09,0.23,0,32.1,0.19,0.65,Matches
325,José Luis Gayà,es ESP,DF,Valencia,29,1995,20,49.8,41.1,8.5,0.65,0.05,0.25,4.2,7.85,0,0,0,0,38.8,0.15,1,Matches
326,Dodi Lukebakio,be BEL,FW,Sevilla,26,1997,34.4,30.6,27.5,2.94,0.7,0.2,0.35,3.6,0.23,1.86,1.25,0.35,0,22.7,0.17,0.87,Matches
327,Daniel Luna,co COL,MF,Mallorca,21,2003,0.2,65,55,10,0,0,0,15,5,5,5,0,0,40,0,0,Matches
328,Andriy Lunin,ua UKR,GK,Real Madrid,25,1999,7,28.9,21,7.57,1.14,0,0.14,0,0,0,0,0,0,24.9,0.29,0.14,Matches
329,Darwin Machís,ve VEN,"MF,FW",Valladolid,31,1993,7.1,37.7,31.3,6.34,1.97,0.14,0.56,9.58,0.99,3.38,1.97,0.7,0,22.5,0.14,0.99,Matches
330,Pablo Maffeo,es ESP,DF,Mallorca,27,1997,26.3,39.5,30.6,8.59,0.38,0.15,0.08,3.65,8.21,0,0,0,0,28,0.34,1.25,Matches
331,Jon Magunazelaia,es ESP,MF,Real Sociedad,23,2001,0.1,130,130,0,0,10,0,0,0,0,0,0,0,70,0,10,Matches
332,Giorgi Mamardashvili,ge GEO,GK,Valencia,23,2000,34,31.8,21.8,9.88,3.44,0,0.09,0,0,0,0,0,0,21.5,0.06,0.03,Matches
333,Reinildo Mandava,mz MOZ,DF,Atlético Madrid,30,1994,10.5,58.3,49.2,9.05,1.05,0,0.1,0.76,8,0,0,0,0,49,0,0.67,Matches
334,Javier Manquillo,es ESP,DF,Celta Vigo,30,1994,5.7,65.4,62.8,2.63,1.58,0.18,0,0.53,1.05,0,0,0,0,58.8,0,0.88,Matches
335,Marcão,br BRA,DF,Sevilla,28,1996,6.1,51.6,48.5,2.95,1.64,0,0,0,0,0,0,0,0,46.6,0.16,0.66,Matches
336,Óscar de Marcos,es ESP,DF,Athletic Club,35,1989,17.4,58,45.6,12.2,1.21,0.23,0.11,3.16,11,0,0,0,0,46,0.23,1.15,Matches
337,Alberto Marí,es ESP,FW,Valencia,23,2001,0.1,40,40,0,0,0,0,0,0,0,0,0,0,20,0,0,Matches
338,José María Giménez,uy URU,DF,Atlético Madrid,29,1995,22.2,61.4,57.8,3.51,2.43,0.05,0.81,0,0.23,0,0,0,0,56.3,0.05,0.18,Matches
339,Arkaitz Mariezkurrena,es ESP,"FW,MF",Real Sociedad,19,2005,2.7,25.2,24.1,1.11,0.37,0,0,1.85,0,0,0,0,0,17.4,0,1.85,Matches
340,Pablo Marín,es ESP,MF,Real Sociedad,21,2003,13.8,33.8,32.8,0.87,0.22,0.14,0,0.87,0,0,0,0,0,27.1,0.14,0.8,Matches
341,Mika Mármol,es ESP,DF,Las Palmas,23,2001,26.7,56,47.3,8.5,1.12,0,0.26,2.13,7.19,0,0,0,0,41.6,0.15,0.9,Matches
342,Mario Maroto,es ESP,MF,Valladolid,20,2003,0.7,58.6,55.7,2.86,0,0,0,2.86,0,2.86,2.86,0,0,44.3,0,1.43,Matches
343,Unai Marrero,es ESP,GK,Real Sociedad,22,2001,2,28.5,18.5,9.5,2,0,0,0,0,0,0,0,0,23,0.5,0,Matches
344,Carlos Martín,es ESP,"FW,MF",Alavés,22,2002,14.8,27,26.6,0.41,0.14,0.27,0.14,1.62,0.27,0,0,0,0,17.6,0,1.55,Matches
345,Diego Martín,es ESP,FW,Las Palmas,20,2003,0.4,37.5,37.5,0,0,0,0,10,0,0,0,0,0,20,0,7.5,Matches
346,Gerard Martín,es ESP,DF,Barcelona,22,2002,11.5,68.6,59.3,9.22,0.96,0.09,0.09,3.13,8.26,0,0,0,0,57,0.09,2,Matches
347,Iván Martín,es ESP,MF,Girona,25,1999,22.7,61.1,59.9,1.15,0.75,0.04,0.04,0.93,0.4,0,0,0,0,55.1,0.04,0.75,Matches
348,Jon Martin,es ESP,DF,Real Sociedad,18,2006,10,53.9,52.7,1.2,1.2,0,0.1,0,0,0,0,0,0,46.8,0,0.3,Matches
349,Mario Martín,es ESP,MF,Valladolid,20,2004,19.4,41.3,39.2,1.96,1.29,0.1,0.21,0.57,0.1,0.05,0.05,0,0,34.9,0.1,0.72,Matches
350,Arnau Martinez,es ESP,"DF,MF",Girona,21,2003,29.2,63.5,54.5,8.84,1.51,0.21,0.17,1.99,7.29,0.03,0,0.03,0,54.9,0.24,1.2,Matches
351,Iñigo Martínez,es ESP,DF,Barcelona,33,1991,27.7,87.9,83.6,4.19,3.39,0.11,1.23,0.29,0.25,0,0,0,0,80,0.11,0.54,Matches
352,Javi Martínez,es ESP,MF,Osasuna,24,1999,0.1,90,90,0,0,0,0,0,0,0,0,0,0,90,0,0,Matches
353,Ramón Martínez,es ESP,DF,Sevilla,21,2002,2.9,44.8,41.4,3.45,0.69,0,0,0,2.76,0,0,0,0,41,0,0,Matches
354,Toni Martínez,es ESP,FW,Alavés,27,1997,11.2,21.4,20.3,0.89,0,0.18,0.27,0.63,0.09,0,0,0,0,12.5,0.27,0.18,Matches
355,Javi Martón,es ESP,"FW,MF",Athletic Club,25,1999,0.6,11.7,11.7,0,0,0,0,0,0,0,0,0,0,10,0,0,Matches
356,Marvin,es ESP,"DF,FW",Las Palmas,24,2000,11.5,43.7,36.3,7.22,1.48,0,0,4.52,5.74,0,0,0,0,32.2,0.09,1.65,Matches
357,Omar Mascarell,gq EQG,MF,Mallorca,31,1993,22.1,43.6,42.8,0.63,0.63,0.05,0.41,0.23,0,0,0,0,0,36.6,0.18,0.45,Matches
358,Jaime Mata,es ESP,"FW,MF",Las Palmas,35,1988,7.3,25.6,24.9,0.55,0,0,0,1.23,0.14,0,0,0,0,17.4,0.14,0.82,Matches
359,Borja Mayoral,es ESP,FW,Getafe,27,1997,12.4,20.5,18.1,2.18,0.16,0,0.4,0.73,0.24,0,0,0,0,15.9,0.16,0.56,Matches
360,Kylian Mbappé,fr FRA,FW,Real Madrid,25,1998,32.3,35.4,33.3,2.04,0.09,0.19,0.59,1.08,0.34,0.19,0,0,0,29.4,0.15,1.02,Matches
361,Oliver McBurnie,sct SCO,FW,Las Palmas,28,1996,20.4,20.5,18.9,1.52,0.05,0,0,0.1,0.25,0,0,0,0,13.5,0.1,0.25,Matches
362,Scott McKenna,sct SCO,DF,Las Palmas,27,1996,27.4,53.7,51.5,2.12,1.31,0,0.22,0.07,0.18,0,0,0,0,46.6,0.07,0.18,Matches
363,Mateo Mejía,es ESP,FW,Sevilla,21,2003,0.1,10,10,0,0,0,0,0,0,0,0,0,0,0,0,0,Matches
364,Arthur Melo,br BRA,MF,Girona,27,1996,10.5,68.9,66.8,1.9,1.52,0,0,0.67,0.29,0.1,0.1,0,0,63.6,0.19,0.67,Matches
365,Brais Méndez,es ESP,MF,Real Sociedad,27,1997,17,47.6,42.9,4.29,1.88,0.18,0.71,3.06,0.41,1.71,0.47,0.94,0,37.1,0.41,1.29,Matches
366,Ferland Mendy,fr FRA,DF,Real Madrid,29,1995,11.2,59.9,51.9,7.86,1.7,0,0.18,0.09,6.16,0,0,0,0,56.3,0.18,0.71,Matches
367,Nobel Mendy,fr FRA,DF,Betis,19,2004,1.2,44.2,42.5,1.67,0.83,0,0,0,0,0,0,0,0,38.3,0,0,Matches
368,Víctor Meseguer,es ESP,MF,Valladolid,25,1999,4.6,41.1,39.8,1.3,0.65,0.22,0.22,0.65,0.22,0,0,0,0,32.2,0,1.3,Matches
369,Miguel,es ESP,FW,Leganés,24,1999,19.2,12.3,11.4,0.78,0,0.21,0.05,0.47,0.1,0,0,0,0,7.24,0.16,0.63,Matches
370,Éder Militão,br BRA,DF,Real Madrid,26,1998,10.4,68.5,65,3.27,1.83,0,1.44,0.19,0.19,0,0,0,0,61.2,0.19,0.29,Matches
371,Luis Milla,es ESP,MF,Getafe,29,1994,31.9,48.2,38.2,9.53,5.36,0.13,0.72,6.3,0.03,3.54,1.41,1.54,0.03,35.4,0.38,0.53,Matches
372,Pere Milla,es ESP,"MF,FW",Espanyol,31,1992,5.1,32.4,28.4,3.73,1.18,0.98,0.39,2.75,0.98,1.37,0.39,0.98,0,19,0.2,2.35,Matches
373,Óscar Mingueza,es ESP,"MF,DF",Celta Vigo,25,1999,30.3,72.5,59.9,12.3,2.28,0.5,0.46,4.59,8.91,1.16,0.46,0.53,0,55.8,0.3,1.32,Matches
374,Kim Minsu,kr KOR,"MF,FW",Girona,18,2006,0.2,50,50,0,0,0,0,0,0,0,0,0,0,45,0,0,Matches
375,Bojan Miovski,mk MKD,FW,Girona,25,1999,9.7,11.6,9.69,1.86,0,0,0,0.31,0,0,0,0,0,8.87,0.1,0.41,Matches
376,Rafa Mir,es ESP,"FW,MF",Valencia,27,1997,8.4,23.8,23.5,0.24,0,0,0.12,0.83,0,0,0,0,0,17.1,0.12,1.07,Matches
377,Luka Modrić,hr CRO,MF,Real Madrid,38,1985,20.3,97,87.6,9.26,4.04,0.54,1.18,5.52,0.39,4.83,2.36,1.23,0.05,84.9,0.15,0.74,Matches
378,Johan Mojica,co COL,DF,Mallorca,31,1992,30.6,53.6,42.4,10.8,0.92,0.07,0.29,4.67,9.9,0.03,0,0.03,0,39.8,0.39,1.67,Matches
379,Alberto Moleiro,es ESP,"FW,MF",Las Palmas,20,2003,30.2,34.4,33.3,0.99,0.36,0.3,0.03,1.06,0.36,0.07,0,0.03,0,28,0.1,0.79,Matches
380,Nahuel Molina,ar ARG,DF,Atlético Madrid,26,1998,17.7,66.8,56.4,10.1,0.85,0.11,0.34,3.11,8.7,0.51,0.17,0.34,0,53.4,0.34,2.09,Matches
381,Jon Moncayola,es ESP,MF,Osasuna,26,1998,23.3,42.6,38.1,4.29,1.72,0.04,0.39,4.59,0.21,2.02,0.6,0.82,0,31.7,0.21,0.9,Matches
382,Gonzalo Montiel,ar ARG,"DF,MF",Sevilla,27,1997,1.3,60,49.2,10.8,1.54,0,0,2.31,8.46,0.77,0,0,0,52.3,0,0.77,Matches
383,Gerard Moreno,es ESP,FW,Villarreal,32,1992,8,38.1,36.1,1.5,0.13,0.25,0.25,1.25,0,0,0,0,0,29.4,0.5,1.25,Matches
384,Xavier Moreno,es ESP,FW,Valladolid,19,2004,0.5,26,24,2,2,0,0,4,0,0,0,0,0,6,0,2,Matches
385,Mateu Morey,es ESP,DF,Mallorca,24,2000,8.2,47.6,40.4,6.95,0.37,0.12,0,1.95,6.59,0,0,0,0,36.7,0.24,1.1,Matches
386,Ilaix Moriba,gn GUI,MF,Celta Vigo,21,2003,23.7,41.5,40.2,1.14,0.93,0.13,0.46,0.25,0.17,0,0,0,0,35.6,0.17,0.3,Matches
387,Manu Morlanes,es ESP,MF,Mallorca,25,1999,14.9,47.6,45.8,1.61,1.28,0.13,0.34,0.54,0.2,0.07,0,0.07,0,42.3,0.13,0.2,Matches
388,Raúl Moro,es ESP,"MF,FW",Valladolid,21,2002,26,30.7,26.6,3.85,0.69,0.27,0.54,5.73,1.19,1.96,0.69,0.46,0.04,19.9,0.19,1.23,Matches
389,Cristhian Mosquera,es ESP,DF,Valencia,20,2004,36.9,55.6,52.3,3.17,1.54,0,0.16,0.05,1.33,0,0,0,0,50.4,0.14,0.24,Matches
390,Santiago Mouriño,uy URU,DF,Alavés,22,2002,20.5,33.7,31.1,2.44,1.12,0.1,0.15,0.2,1.12,0,0,0,0,26.3,0.15,0.39,Matches
391,Abdul Mumin,gh GHA,DF,Rayo Vallecano,26,1998,22.4,48.4,45.4,2.9,1.12,0,0.36,0.27,0.04,0,0,0,0,40.2,0.13,0.18,Matches
392,Aihen Muñoz,es ESP,DF,Real Sociedad,26,1997,12.2,51.7,40.2,11.2,0.41,0,0.08,2.87,10.8,0,0,0,0,36.7,0.33,1.39,Matches
393,Álex Muñoz,es ESP,DF,Las Palmas,30,1994,15.7,49.4,40.4,8.85,0.76,0,0.13,1.72,7.58,0,0,0,0,39.4,0.06,0.83,Matches
394,Iker Muñoz,es ESP,MF,Osasuna,21,2002,6.8,44.6,44,0.59,0.29,0.15,0,1.03,0.15,0,0,0,0,35.1,0,1.32,Matches
395,Javier Muñoz,es ESP,"MF,DF",Las Palmas,29,1995,28.8,40.9,37.8,2.95,0.76,0.1,0.63,1.77,1.7,0.1,0,0.03,0.03,31.9,0.1,1.01,Matches
396,Víctor Muñoz,es ESP,"FW,DF",Real Madrid,21,2003,0.4,30,30,0,0,0,0,5,0,0,0,0,0,27.5,0,2.5,Matches
397,Vedat Muriqi,xk KVX,FW,Mallorca,30,1994,22.9,21.3,20.7,0.35,0,0.13,0.09,0.44,0,0,0,0,0,12.9,0.17,0.83,Matches
398,Juan Musso,ar ARG,GK,Atlético Madrid,30,1994,2,30,20.5,9,2.5,0,0.5,0,0,0,0,0,0,25.5,0.5,0,Matches
399,Matija Nastasić,rs SRB,DF,Leganés,31,1993,23.4,36.4,34.8,1.5,1.32,0,0.09,0,0.09,0,0,0,0,30.1,0.13,0.17,Matches
400,Natan,br BRA,DF,Betis,23,2001,24.2,52.3,49.5,2.64,1.98,0,0.45,0.08,0.45,0,0,0,0,46.4,0.17,0,Matches
401,Pau Navarro,es ESP,DF,Villarreal,19,2005,10.2,56.6,48.7,7.65,1.86,0,0.2,0.2,5.78,0,0,0,0,50.7,0.2,0.2,Matches
402,Roberto Navarro,es ESP,"MF,FW",Mallorca,22,2002,14.2,33.3,31.8,1.2,0.35,0.35,0,2.04,0.35,0.49,0.14,0.14,0,25.1,0.35,0.92,Matches
403,Jesús Navas,es ESP,"FW,MF",Sevilla,38,1985,4.7,55.7,50.4,5.11,0.85,0,0.85,7.02,4.04,0.21,0,0,0,43.2,0.21,1.49,Matches
404,Yvan Neyou,cm CMR,MF,Leganés,27,1997,25.7,43.9,42.7,0.82,0.78,0.08,0.35,0.58,0.04,0,0,0,0,37.9,0.35,0.51,Matches
405,Tanguy Nianzou,fr FRA,DF,Sevilla,22,2002,5.8,54.1,51.7,2.41,1.9,0,0.17,0,0,0,0,0,0,49.1,0,0,Matches
406,Saúl Ñíguez,es ESP,MF,Sevilla,29,1994,17.3,38.1,37.2,0.75,0.35,0.17,0.23,1.1,0.17,0.06,0.06,0,0,29.8,0.12,0.87,Matches
407,Tamás Nikitscher,hu HUN,"MF,DF",Valladolid,24,1999,9.5,32.7,32.1,0.63,0.63,0,0.11,0.11,0,0,0,0,0,29.9,0,0.11,Matches
408,Adrian Niño,es ESP,FW,Atlético Madrid,20,2004,0.1,0,0,0,0,0,0,0,0,0,0,0,0,0,0,0,Matches
409,Hugo Novoa,es ESP,"DF,MF",Alavés,21,2003,2.6,26.5,22.7,3.85,0,0,0.38,2.69,3.85,0,0,0,0,20.4,0,1.15,Matches
410,Randy Nteka,ao ANG,FW,Rayo Vallecano,26,1997,12.5,17.8,16.7,1.04,0,0,0,0.32,0,0,0,0,0,11.5,0.08,0.72,Matches
411,Unai Núñez,es ESP,DF,Athletic Club,27,1997,7.2,45.1,43.1,2.08,1.81,0,0.97,0,0,0,0,0,0,39.3,0,0,Matches
412,Ørjan Nyland,no NOR,GK,Sevilla,33,1990,29.7,33.9,26.2,7.54,1.92,0,0,0,0.03,0,0,0,0,21.4,0.17,0,Matches
413,Allan Nyom,cm CMR,"DF,MF",Getafe,36,1988,9.9,35.6,28.2,7.27,0.61,0,0,1.52,6.67,0,0,0,0,28.3,0.1,0.1,Matches
414,Jan Oblak,si SVN,GK,Atlético Madrid,31,1993,36,26.3,16.9,9.42,1.72,0,0.03,0,0,0,0,0,0,21.2,0.03,0,Matches
415,Lucas Ocampos,ar ARG,FW,Sevilla,30,1994,1.9,47.9,44.7,2.63,0,0,1.05,2.11,2.11,0.53,0.53,0,0,34.2,0.53,2.11,Matches
416,Álvaro Odriozola,es ESP,DF,Real Sociedad,28,1995,0.5,60,50,10,0,0,0,2,10,0,0,0,0,44,0,0,Matches
417,Thiago Ojeda,ar ARG,MF,Villarreal,21,2003,0.1,80,80,0,0,0,0,10,0,0,0,0,0,70,0,0,Matches
418,Aingeru Olabarrieta,es ESP,FW,Athletic Club,18,2005,0.6,30,30,0,0,0,0,6.67,0,0,0,0,0,15,0,3.33,Matches
419,Olasagasti,es ESP,MF,Real Sociedad,23,2000,9.5,42.8,41.4,1.37,0.32,0,0.53,1.05,0.11,0.42,0,0.21,0,33.1,0.11,0.74,Matches
420,Brian Oliván,es ESP,DF,Espanyol,30,1994,11.3,40.5,32,8.41,1.15,0,0.27,4.87,6.46,0.8,0.09,0.53,0,28.1,0.09,1.15,Matches
421,Lucas Oliveira Rosa,br BRA,DF,Valladolid,24,2000,21,39.7,31.2,8.19,1.1,0.19,0.14,1.71,7.1,0,0,0,0,30.3,0.29,1.24,Matches
422,Dani Olmo,es ESP,"MF,FW",Barcelona,26,1998,13.5,47.5,45.3,2.07,0.74,0.81,0.44,1.56,0,0.81,0.44,0.15,0,38.5,0.15,1.33,Matches
423,Aimar Oroz,es ESP,MF,Osasuna,22,2001,33,34.2,32.6,1.33,0.27,0.27,0.21,0.88,0.18,0.15,0.03,0.06,0,28,0.21,0.91,Matches
424,Ángel Ortíz,es ESP,DF,Betis,20,2004,3.9,57.7,47.7,9.74,0.77,0,0,4.87,8.97,0,0,0,0,42.8,0.26,2.56,Matches
425,Gabriel Osei Misehouy,nl NED,"FW,MF",Girona,19,2005,2.9,35.5,33.4,2.07,0.34,0,0,2.07,0.69,1.03,0.69,0.34,0,31,0,0,Matches
426,David Otorbi,es ESP,MF,Valencia,16,2007,0.2,20,20,0,0,0,0,0,0,0,0,0,0,10,0,0,Matches
427,Jesús Owono,gq EQG,GK,Alavés,23,2001,5.4,30.2,20,10,3.33,0.19,0,0,0,0,0,0,0,18.3,0.19,0.19,Matches
428,Mikel Oyarzabal,es ESP,FW,Real Sociedad,27,1997,25,20.2,18.7,1.44,0,0.08,0.12,0.4,0.16,0,0,0,0,14.8,0.04,0.68,Matches
429,Cenk Özkacar,tr TUR,DF,Valladolid,23,2000,8.4,46.7,43.9,2.62,2.14,0,0.36,0,0,0,0,0,0,39.4,0.12,0.36,Matches
430,Jon Pacheco,es ESP,DF,Real Sociedad,23,2001,9.5,52,49.2,2.74,2,0.11,0.95,0,0.11,0,0,0,0,43.3,0.11,0.53,Matches
431,Alex Padilla,es ESP,GK,Athletic Club,20,2003,3.6,33.6,21.9,11.4,5.28,0,0,0,0,0,0,0,0,18.6,0.28,0,Matches
432,Isaac Palazón Camacho,es ESP,"MF,FW",Rayo Vallecano,29,1994,24,42.3,36.2,5.67,0.71,0.54,0.25,4.63,0.21,3.83,1.92,1.29,0,32.6,0.46,0.96,Matches
433,Aitor Paredes,es ESP,DF,Athletic Club,24,2000,20.1,47.1,45.2,1.79,1.44,0,0.3,0.05,0,0,0,0,0,39.3,0.1,0.25,Matches
434,Daniel Parejo,es ESP,MF,Villarreal,35,1989,25.3,61.2,57.2,3.79,2.37,0.12,0.55,1.46,0.04,1.38,0.63,0.32,0.08,53.5,0.16,0.47,Matches
435,Iago Parente,es ESP,DF,Valladolid,18,2006,0.8,46.3,45,1.25,1.25,0,0,1.25,0,0,0,0,0,33.8,0,2.5,Matches
436,Álvaro Pascual,es ESP,FW,Sevilla,22,2002,4.5,16.4,14.9,1.33,0,0.22,0,0.67,0,0,0,0,0,10.7,0.22,1.33,Matches
437,Alfonso Pedraza,es ESP,"DF,MF",Villarreal,28,1996,5.1,41.8,36.7,5.1,0.59,0.39,0.2,5.1,4.51,0,0,0,0,30.8,0,2.55,Matches
438,Pedri,es ESP,MF,Barcelona,21,2002,32,85.9,81.4,4.38,2.31,0.84,0.5,1.81,0.47,1.28,0.69,0.03,0,75.1,0.13,1.34,Matches
439,Adrià Pedrosa,es ESP,DF,Sevilla,26,1998,25.5,46.9,36.9,9.8,1.45,0.04,0.35,3.8,7.96,0.39,0.24,0.12,0,34.7,0.24,1.33,Matches
440,Pejiño,es ESP,FW,Las Palmas,28,1996,0.2,35,35,0,0,0,0,5,0,0,0,0,0,30,0,0,Matches
441,Andy Pelmard,fr FRA,DF,Las Palmas,24,2000,2.3,50,42.2,7.83,1.3,0,0,0.87,6.52,0,0,0,0,42.6,0,1.3,Matches
442,Iñaki Peña,es ESP,GK,Barcelona,25,1999,15.5,40.6,33.4,7.29,1.87,0,0,0,0,0,0,0,0,36.3,0,0,Matches
443,Rubén Peña,es ESP,"FW,DF",Osasuna,33,1991,8.6,35.9,32,3.84,0.23,0,0.12,6.05,3.14,0.47,0.23,0.12,0,21.3,0.12,2.21,Matches
444,Nicolas Pépé,ci CIV,"FW,MF",Villarreal,29,1995,16.7,37.8,34.4,3.05,0.78,0.3,0.12,2.63,0.48,1.2,0.72,0.12,0,29.9,0.3,1.44,Matches
445,Peque,es ESP,"MF,FW",Sevilla,21,2002,12.6,27.7,26.1,1.59,0,0.4,0,0.79,0,0.32,0.16,0,0,22.1,0,1.03,Matches
446,Ayoze Pérez,es ESP,FW,Villarreal,31,1993,21.9,18.9,16.8,1.87,0.09,0.37,0,0.68,0.05,0,0,0,0,14.3,0.18,0.55,Matches
447,Carles Pérez,es ESP,"MF,FW",Getafe,26,1998,15.9,21.1,19.9,1.07,0.57,0.13,0,2.64,0.06,0.44,0.25,0.06,0,14.2,0.13,0.69,Matches
448,Francisco Perez,es ESP,"FW,MF",Valencia,21,2002,6.3,36.5,35.2,1.27,0,0.16,0.32,4.29,1.11,0.16,0,0,0,26.8,0,2.54,Matches
449,Kike Pérez,es ESP,MF,Valladolid,27,1997,13.2,42.7,36.4,5.91,2.8,0.15,0.98,2.5,0.38,1.36,0.3,0.76,0,33.3,0.38,0.53,Matches
450,Luis Pérez,es ESP,DF,Valladolid,29,1995,28.4,42.1,33.6,8.31,0.95,0.07,0.21,3.7,7.36,0,0,0,0,31.9,0.18,1.02,Matches
451,Romain Perraud,fr FRA,DF,Betis,26,1997,22.2,52.1,41.3,10.6,1.4,0,0.23,3.2,9.23,0,0,0,0,41.5,0.23,2.03,Matches
452,Valentín Pezzolesi,es ESP,DF,Las Palmas,17,2007,0.1,50,50,0,0,0,0,0,0,0,0,0,0,20,0,0,Matches
453,Pica,es ESP,DF,Alavés,22,2002,5.5,36.5,34.2,2.18,0.73,0,0.18,0.36,0.18,0,0,0,0,28.2,0.18,0.36,Matches
454,Yeremi Pino,es ESP,"MF,FW",Villarreal,21,2002,21.5,32.9,32.5,0.42,0.05,0.28,0.05,2.19,0.33,0.05,0,0,0,24.3,0,2,Matches
455,Portu,es ESP,"FW,MF",Girona,32,1992,8.7,27.2,25.1,1.84,0.34,0.11,0,2.99,0.11,1.15,0.8,0.23,0,19.4,0.34,0.92,Matches
456,Beñat Prados,es ESP,MF,Athletic Club,23,2001,19.1,41.3,40.5,0.73,0.58,0.21,0.16,0.47,0.16,0,0,0,0,33.9,0.05,0.52,Matches
457,Abdón Prats,es ESP,"FW,MF",Mallorca,31,1992,5.1,17.1,16.1,0.98,0,0,0,0,0,0,0,0,0,11.4,0,0.2,Matches
458,Javi Puado,es ESP,"FW,MF",Espanyol,26,1998,33,20.5,19.7,0.7,0,0.18,0.18,0.82,0.21,0.03,0,0,0,15.8,0.12,0.58,Matches
459,Dani Raba,es ESP,"FW,MF",Leganés,28,1995,20.9,31,24.1,6.41,2.58,0.72,0.14,4.31,0.29,2.2,0.72,1.1,0,20.8,0.48,0.77,Matches
460,Arnau Rafús,es ESP,GK,Valladolid,21,2003,1,43,35,8,3,0,0,0,0,0,0,0,0,33,0,1,Matches
461,Antonio Raillo,es ESP,DF,Mallorca,32,1991,35.6,49.8,45.3,4.41,1.88,0.03,0.11,0.08,0.06,0,0,0,0,44.2,0.08,0.28,Matches
462,Benito Ramírez,es ESP,"DF,FW",Las Palmas,29,1995,5.3,61.5,52.5,8.87,1.51,0,0,7.36,6.42,0.94,0,0.75,0,48.9,0.19,2.45,Matches
463,Sandro Ramírez,es ESP,"FW,MF",Las Palmas,29,1995,22.6,30.2,25.7,4.16,1.15,0.13,0.13,5.4,0.35,2.65,0.75,1.59,0,19.4,0.35,1.15,Matches
464,Jacobo Ramón,es ESP,DF,Real Madrid,19,2005,2.3,39.1,37,2.17,2.17,0,0,0,0,0,0,0,0,36.5,0,0.87,Matches
465,Raphinha,br BRA,"FW,MF",Barcelona,27,1996,31.5,47.5,40,7.14,1.56,0.35,0.48,6.83,0.6,4.44,1.52,1.3,0,33.8,0.38,1.14,Matches
466,Andrei Ratiu,ro ROU,DF,Rayo Vallecano,26,1998,34.1,51.6,42.5,8.86,0.29,0.09,0.06,2.26,8.56,0,0,0,0,42.1,0.23,1.64,Matches
467,Raúl,es ESP,"FW,MF",Osasuna,23,2000,8.3,20.2,18.6,1.45,0.12,0,0.12,0.72,0.12,0,0,0,0,14,0.24,0.84,Matches
468,Abderrahman Rebbach,dz ALG,"FW,MF",Alavés,25,1998,4.3,27.4,25.1,2.33,0.23,0,0.23,3.95,0.47,1.63,0.93,0,0,17.2,0,1.4,Matches
469,Álex Remiro,es ESP,GK,Real Sociedad,29,1995,36,35.9,26.3,9.47,2.97,0,0.08,0,0,0,0,0,0,26.5,0.11,0.03,Matches
470,Daniel Requena,es ESP,MF,Villarreal,20,2004,0.1,50,50,0,0,0,0,0,0,0,0,0,0,40,0,10,Matches
471,Diego Rico,es ESP,DF,Getafe,31,1993,31.3,50,35,14.5,1.41,0,0.29,4.73,12.7,0.38,0,0.38,0,33.8,0.38,1.41,Matches
472,Luis Rioja,es ESP,FW,Alavés,30,1993,0.3,36.7,30,6.67,3.33,0,0,20,3.33,0,0,0,0,16.7,0,0,Matches
473,Luis Rioja,es ESP,"MF,FW",Valencia,30,1993,31.5,38.5,34.2,4.19,0.89,0.19,0.44,6.44,1.52,1.78,0.98,0.44,0,26.1,0.1,1.94,Matches
474,Rodrigo Riquelme,es ESP,"MF,DF",Atlético Madrid,24,2000,5.7,47.2,42.8,4.39,0.53,0.18,0,5.96,1.4,2.28,1.05,0.88,0,36.8,0,1.75,Matches
475,Alberto Risco,es ESP,"MF,FW",Getafe,18,2005,0.8,42.5,41.3,0,0,0,0,5,0,0,0,0,0,31.3,1.25,1.25,Matches
476,Mihailo Ristić,rs SRB,"DF,MF",Celta Vigo,28,1995,4.8,51.3,38.8,12.5,1.46,0,0,2.71,9.58,1.46,0.63,0.63,0.21,39.8,0,1.88,Matches
477,Gorka Rivera Alonso,es ESP,"DF,MF",Getafe,19,2004,0.2,55,30,25,0,0,0,0,25,0,0,0,0,25,0,0,Matches
478,Marc Roca,es ESP,MF,Betis,27,1996,10.1,53.3,50.5,2.57,2.38,0,0.4,0.99,0,0.1,0,0.1,0,46,0.2,0.99,Matches
479,Rodri,es ESP,FW,Betis,24,2000,1.3,50.8,46.9,3.85,0.77,0,0.77,4.62,0.77,2.31,1.54,0.77,0,43.1,0,2.31,Matches
480,Adrian Rodriguez,es ESP,GK,Alavés,23,2000,1.4,35.7,9.29,26.4,9.29,0,0,0,0,0,0,0,0,13.6,0,0.71,Matches
481,Álvaro Rodríguez,uy URU,FW,Getafe,20,2004,9.5,25.2,24.5,0.11,0,0.21,0.11,0.53,0,0,0,0,0,11.6,0.53,0.21,Matches
482,Óscar Rodríguez Arnaiz,es ESP,"MF,FW",Leganés,26,1998,14.8,37.5,33.1,4.05,1.49,0.27,0.88,3.72,0.27,1.96,0.81,1.01,0,27,0.34,0.88,Matches
483,Arturo Rodríguez,es ESP,FW,Las Palmas,17,2006,0.2,35,35,0,0,0,0,10,0,0,0,0,0,25,0,0,Matches
484,Damián Rodríguez,es ESP,MF,Celta Vigo,21,2003,10.3,79,72.4,6.41,3.3,0.19,0.58,2.91,0,3.01,0.49,1.55,0,70.5,0.19,0.97,Matches
485,Dani Rodríguez,es ESP,"MF,FW",Mallorca,36,1988,24,29.8,25.3,4.29,1.17,0.33,0.33,4.83,0.17,2.38,1.13,1.17,0,20.8,0.17,0.71,Matches
486,Daniel Rodriguez,es ESP,FW,Barcelona,18,2005,0.4,50,50,0,0,0,0,7.5,0,0,0,0,0,37.5,0,0,Matches
487,James Rodríguez,co COL,"MF,FW",Rayo Vallecano,33,1991,1.6,61.3,52.5,8.75,2.5,0.63,0,8.13,1.25,3.75,2.5,1.25,0,48.8,0,0,Matches
488,Javi Rodríguez,es ESP,DF,Celta Vigo,21,2003,27.9,61.5,57.6,3.91,1.25,0.07,0.32,0.14,2.65,0,0,0,0,53.3,0,0.65,Matches
489,Jesus Rodríguez,es ESP,FW,Betis,18,2005,12.3,26.9,26.2,0.65,0.08,0,0,1.46,0.33,0.24,0,0.08,0,19.6,0.08,1.3,Matches
490,Kirian Rodríguez,es ESP,MF,Las Palmas,28,1996,19.5,61.7,59.2,2.21,1.74,0.41,0.21,0.92,0.1,0.31,0.1,0.15,0,52.6,0.36,0.77,Matches
491,Ricardo Rodríguez,ch SUI,DF,Betis,31,1992,14.2,52.4,43,9.15,1.2,0,0.21,1.06,7.96,0,0,0,0,43,0.21,0.56,Matches
492,Rodrygo,br BRA,"FW,MF",Real Madrid,23,2001,21.4,51.1,46.1,4.77,1.07,0.05,0.14,3.79,0.79,2.66,1.12,1.03,0,43.9,0.23,0.7,Matches
493,Leo Román,es ESP,GK,Mallorca,24,2000,7,34.3,23.9,10.4,3,0,0,0,0,0,0,0,0,19.6,0,0,Matches
494,Carlos Romero,es ESP,DF,Espanyol,22,2001,28.4,35.5,28.5,6.87,0.7,0.04,0.18,3.24,5.42,0.74,0.18,0.21,0,25.3,0.11,1.2,Matches
495,Isaac Romero,es ESP,FW,Sevilla,24,2000,24,18.4,16.2,2,0,0.04,0.04,0.75,0.13,0,0,0,0,12.9,0.21,0.71,Matches
496,Luka Romero,ar ARG,"FW,MF",Alavés,19,2004,2.2,22.3,19.5,2.73,0.45,0,0,4.55,0,1.82,0,1.36,0,15.5,0,0.45,Matches
497,Oriol Romeu,es ESP,MF,Girona,32,1991,15.1,58.5,57.7,0.79,0.79,0.13,0.46,0.53,0,0,0,0,0,52.8,0,0.73,Matches
498,Vitor Roque,br BRA,FW,Betis,19,2005,13.7,14.2,11.9,2.34,0,0.07,0,0.44,0.07,0.07,0,0,0,10.4,0,0.51,Matches
499,Valentin Rosier,fr FRA,DF,Leganés,27,1996,28.8,41.9,33.9,7.78,0.59,0,0.07,1.35,7.19,0,0,0,0,33.2,0.17,0.94,Matches
500,Antonio Rüdiger,de GER,DF,Real Madrid,31,1993,25.5,72.9,69.8,2.82,1.88,0.12,0.71,0.16,0.35,0,0,0,0,66.9,0.24,0.2,Matches
501,Aitor Ruibal,es ESP,"DF,FW",Betis,28,1996,14.6,41.9,35.3,6.23,0.34,0.07,0.07,2.19,5.55,0.14,0.07,0.07,0,33.9,0.34,0.96,Matches
502,Abel Ruiz,es ESP,FW,Girona,24,2000,15,18.1,15.9,2.2,0,0.07,0.07,0.27,0.13,0,0,0,0,15.9,0.07,0.33,Matches
503,Ferrán Ruiz,es ESP,MF,Girona,21,2003,0.2,30,30,0,0,0,0,0,0,0,0,0,0,15,0,0,Matches
504,Youssouf Sabaly,sn SEN,DF,Betis,31,1993,17.6,56.5,45.3,11.1,1.14,0.11,0.17,1.76,10,0,0,0,0,49,0,1.14,Matches
505,Umar Sadiq,ng NGA,FW,Valencia,27,1997,9.2,18.8,16.8,1.85,0,0,0.33,0,0.11,0,0,0,0,13.6,0.11,0.54,Matches
506,Umar Sadiq,ng NGA,FW,Real Sociedad,27,1997,2.5,19.2,18.4,0.4,0,0,0,0.8,0,0,0,0,0,10,0.4,0.8,Matches
507,Jorge Sáenz,es ESP,DF,Leganés,27,1996,18.8,47.8,45.9,1.76,1.49,0,0.37,0,0.11,0,0,0,0,40,0.11,0.11,Matches
508,Jan Salas,es ESP,"MF,FW",Mallorca,18,2005,0.5,52,52,0,0,0,0,2,0,0,0,0,0,40,0,0,Matches
509,Kike Salas,es ESP,DF,Sevilla,22,2002,24.9,56.7,51.4,5.18,1.89,0.04,0.52,0.36,2.77,0,0,0,0,44.5,0.12,0.64,Matches
510,Albert Sambi Lokonga,be BEL,MF,Sevilla,24,1999,16.3,54.8,53.2,1.6,1.23,0.31,0.61,0.12,0.31,0,0,0,0,49,0.06,0.31,Matches
511,Chuky san jose,es ESP,MF,Valladolid,20,2004,8.1,20.1,17.7,2.35,0.86,0,0.12,2.96,0,1.11,0.86,0.25,0,13.8,0.12,1.11,Matches
512,Oihan Sancet,es ESP,MF,Athletic Club,24,2000,18,31.6,30.4,1,0.11,0.28,0.22,1,0.17,0,0,0,0,25.6,0.22,0.78,Matches
513,Antonio Sánchez,es ESP,"MF,DF",Mallorca,27,1997,15.5,34.6,31.9,2.45,0.26,0.06,0.13,2.13,1.81,0.19,0,0.13,0,25.2,0.26,0.84,Matches
514,Iván Sánchez,es ESP,"MF,FW",Valladolid,31,1992,15.6,37.9,33.7,4.04,1.22,0.13,0.83,7.31,1.15,1.6,1.35,0.06,0.06,27.1,0.19,0.96,Matches
515,Javi Sánchez,es ESP,DF,Valladolid,27,1997,22.5,51.7,48.7,2.67,1.51,0,0.49,0,0.27,0,0,0,0,45.1,0.36,0.27,Matches
516,Juanlu Sánchez,es ESP,"MF,DF",Sevilla,20,2003,19.1,36.5,33.2,3.14,0.1,0,0.1,2.09,2.88,0,0,0,0,29.7,0.1,1.62,Matches
517,Manu Sánchez,es ESP,DF,Alavés,23,2000,29.3,38.1,28.1,9.73,0.65,0.03,0.1,2.66,8.94,0.14,0.03,0.07,0,27.5,0.27,1.47,Matches
518,Maroan Sannadi,es ESP,FW,Athletic Club,23,2001,8.4,18.9,18.6,0.36,0,0.12,0,0.71,0,0,0,0,0,13.7,0,1.07,Matches
519,Jesús Santiago,es ESP,MF,Getafe,20,2004,4.1,33.2,32.7,0.49,0,0,0,0.73,0.49,0,0,0,0,24.1,0,0.73,Matches
520,Aleksandar Sedlar,rs SRB,DF,Alavés,32,1991,6.6,35.8,33.9,1.82,1.06,0,0.15,0,0.45,0,0,0,0,29.5,0,0.15,Matches
521,Sergi,es ESP,DF,Leganés,32,1992,32.9,46.1,44.3,1.64,1.58,0,0.21,0.03,0.03,0,0,0,0,38.6,0.21,0.24,Matches
522,Nicolás Serrano,es ESP,FW,Athletic Club,21,2003,1.2,36.7,30.8,5.83,1.67,0,0,10.8,0,4.17,3.33,0,0,20.8,0,0,Matches
523,Fábio Silva,pt POR,FW,Las Palmas,22,2002,20.7,22.5,20.3,2.13,0.05,0.14,0.14,1.01,0.24,0,0,0,0,14.9,0.05,1.16,Matches
524,Rui Silva,pt POR,GK,Betis,30,1994,15,34.9,26.9,7.87,2.8,0,0,0,0,0,0,0,0,27.5,0.13,0,Matches
525,Giuliano Simeone,ar ARG,MF,Atlético Madrid,21,2002,21.4,37.1,35.7,1.36,0,0.09,0,2.29,1.31,0.05,0,0,0,28,0.05,1.87,Matches
526,Unai Simón,es ESP,GK,Athletic Club,27,1997,21,31.1,23,7.9,2.33,0,0,0,0,0,0,0,0,21.7,0.19,0,Matches
527,Daley Sinkgraven,nl NED,DF,Las Palmas,29,1995,1,66,59,7,2,0,0,4,5,0,0,0,0,50,0,1,Matches
528,Jailson Siqueira,br BRA,"DF,MF",Celta Vigo,28,1995,6.8,70.7,69.6,1.18,0.88,0,0.29,0.15,0.15,0,0,0,0,64,0,0.74,Matches
529,Antonio Sivera,es ESP,GK,Alavés,27,1996,31.2,31,18.8,12.1,4.81,0,0,0,0,0,0,0,0,16.7,0.1,0.03,Matches
530,Justin Smith,ca CAN,MF,Espanyol,21,2003,2.3,26.5,25.2,0.87,0.87,0,0,0.43,0,0,0,0,0,17.4,0.43,0.43,Matches
531,Alex Sola,es ESP,"MF,FW",Getafe,25,1999,11.4,21.2,20.9,0.18,0.09,0,0.18,1.58,0.09,0,0,0,0,13.6,0.18,0.88,Matches
532,Arnau Solà,es ESP,MF,Villarreal,21,2003,0.1,20,20,0,0,0,0,0,0,0,0,0,0,10,0,0,Matches
533,Jhon Solis,co COL,MF,Girona,19,2004,5.9,50,49.3,0.34,0.34,0.17,0,0.51,0,0,0,0,0,44.7,0.34,0.17,Matches
534,David Soria,es ESP,GK,Getafe,31,1993,38,27.1,14.8,12.2,4.16,0,0.11,0,0,0,0,0,0,13.5,0.16,0,Matches
535,Juan Soriano,es ESP,GK,Leganés,26,1997,6,30.8,18,12.8,3.83,0,0,0,0,0,0,0,0,16.3,0,0,Matches
536,Hugo Sotelo,es ESP,MF,Celta Vigo,20,2003,13.9,73.2,67.7,5.54,2.66,0.22,1.37,3.6,0.07,2.81,1.01,1.29,0,62.8,0,0.72,Matches
537,Djibril Sow,ch SUI,MF,Sevilla,27,1997,22.9,43.4,42.4,0.96,0.74,0,0.22,0.39,0.04,0.09,0,0,0,38.6,0.09,0.48,Matches
538,Carl Starfelt,se SWE,DF,Celta Vigo,29,1995,25.2,65.2,64,1.15,0.87,0.04,0.2,0,0,0,0,0,0,61.1,0,0.16,Matches
539,Orri Steinn Óskarsson,is ISL,FW,Real Sociedad,19,2004,10.5,18.8,17.9,0.38,0,0,0,0.67,0,0,0,0,0,9.9,0.48,0.86,Matches
540,Stoichkov,es ESP,"MF,FW",Alavés,30,1993,7.8,27.4,26.2,1.15,0,0.77,0.13,1.67,0,0,0,0,0,16.9,0.13,1.67,Matches
541,Cristhian Stuani,uy URU,FW,Girona,37,1986,12,12.8,11.1,1.75,0,0.08,0,0.17,0.08,0,0,0,0,8.92,0,0.25,Matches
542,Álex Suárez,es ESP,DF,Las Palmas,31,1993,27.3,49.7,44.3,5.35,2.6,0.04,0.33,0.04,1.25,0,0,0,0,42.7,0.04,0.48,Matches
543,Denis Suárez,es ESP,MF,Villarreal,30,1994,6.8,42.8,39,3.24,1.03,0,0.74,3.68,0.44,1.62,0.29,1.03,0,33.5,0.59,1.18,Matches
544,Luka Sučić,hr CRO,MF,Real Sociedad,21,2002,19.9,44.3,42.8,1.21,0.35,0.25,0.35,0.9,0.05,0.05,0,0.05,0,36.5,0.3,0.75,Matches
545,Suso,es ESP,"FW,MF",Sevilla,30,1993,6.7,57.5,49.7,7.31,1.64,0.3,0.75,8.81,0.75,4.48,2.69,1.04,0.15,42.5,0.45,1.64,Matches
546,Williot Swedberg,se SWE,"FW,MF",Celta Vigo,20,2004,15,24.2,24,0.13,0,0.27,0.07,1.2,0.13,0,0,0,0,17.7,0.07,1.2,Matches
547,Mamadou Sylla,sn SEN,"FW,MF",Valladolid,30,1994,17.6,16,14,1.87,0.06,0,0.06,0.51,0.23,0,0,0,0,10.1,0.17,0.68,Matches
548,Wojciech Szczęsny,pl POL,GK,Barcelona,34,1990,15,30.3,25.1,5,1.4,0,0.07,0,0,0,0,0,0,26.8,0.13,0,Matches
549,Alexander Sørloth,no NOR,FW,Atlético Madrid,28,1995,17.4,20.6,19.6,0.69,0,0.06,0,0.29,0,0,0,0,0,13.2,0.34,0.29,Matches
550,Renato Tapia,pe PER,"MF,DF",Leganés,29,1995,26.9,39.8,37.8,1.86,1.34,0.15,0.74,0.45,0.52,0,0,0,0,31.2,0.11,0.93,Matches
551,César Tárrega,es ESP,DF,Valencia,22,2002,33.6,50.4,47.9,2.35,1.4,0,0.3,0.03,0.03,0,0,0,0,42.5,0.15,0.42,Matches
552,Aurélien Tchouaméni,fr FRA,"DF,MF",Real Madrid,24,2000,29.9,67.7,64.7,2.88,1.91,0,0.3,0.4,0.2,0,0,0,0,62.5,0.1,0.33,Matches
553,Álvaro Tejero,es ESP,"MF,DF",Espanyol,28,1996,13.8,45.4,34.2,11,2.54,0.07,0.29,8.19,4.64,3.84,1.09,2.03,0.07,32.8,0.14,1.09,Matches
554,Martín Tejón,es ESP,"MF,DF",Valencia,20,2004,0.5,52,52,0,0,0,0,2,0,0,0,0,0,40,0,0,Matches
555,Nahuel Tenaglia,ar ARG,DF,Alavés,28,1996,32.5,43.4,32.1,11,0.34,0,0.12,2.62,10.6,0,0,0,0,31.3,0.25,1.08,Matches
556,Marc-André ter Stegen,de GER,GK,Barcelona,32,1992,7.5,33.5,28.4,5.07,1.47,0,0,0,0,0,0,0,0,31.1,0,0,Matches
557,Ramón Terrats,es ESP,"MF,FW",Villarreal,23,2000,1.5,52.7,51.3,1.33,0.67,0.67,1.33,3.33,0,0,0,0,0,42.7,0,1.33,Matches
558,Ramón Terrats,es ESP,"MF,FW",Getafe,23,2000,13.5,26.1,23.6,2.3,1.11,0.37,0.22,2.59,0.3,0.89,0.3,0.52,0,16.9,0.22,0.81,Matches
559,Raúl de Tomás,es ESP,"DF,FW",Rayo Vallecano,29,1994,0.2,30,25,5,0,0,0,0,0,0,0,0,0,25,0,0,Matches
560,Pablo Torre,es ESP,"MF,FW",Barcelona,21,2003,3.4,64.7,58.2,6.18,1.47,0.88,0,3.82,0,4.12,2.65,0.29,0,52.9,0.29,1.18,Matches
561,David Torres,es ESP,DF,Valladolid,21,2003,15.4,46.4,42.1,4.09,1.1,0,0.19,0.19,0.71,0,0,0,0,38.2,0.13,0.65,Matches
562,Ferrán Torres,es ESP,"FW,MF",Barcelona,24,2000,12.3,29.3,26.7,2.28,0.41,0.16,0.16,1.38,0.08,0.73,0.16,0,0,21.7,0.24,1.14,Matches
563,Lucas Torró,es ESP,MF,Osasuna,30,1994,32.9,41.4,40.6,0.67,0.67,0.03,0.82,0.03,0,0,0,0,0,31.2,0.18,0.3,Matches
564,Hamari Traoré,ml MLI,DF,Real Sociedad,32,1992,7.8,59,47.6,11.4,1.54,0,0.13,1.15,9.87,0,0,0,0,48.8,0,1.03,Matches
565,Óscar Trejo,ar ARG,MF,Rayo Vallecano,36,1988,5.5,56.7,52.5,3.45,0.36,0.18,0,1.27,1.09,0.55,0.18,0.18,0,47.5,0.73,0.73,Matches
566,Viktor Tsyhankov,ua UKR,"FW,MF",Girona,26,1997,21.3,40.9,35.3,5.45,1.08,0.14,0.05,5.82,0.56,3.76,1.69,1.36,0.05,30.3,0.19,1.08,Matches
567,Beñat Turrientes,es ESP,MF,Real Sociedad,22,2002,10.5,43,40.3,2.76,1.62,0,0.57,1.81,0.1,0.95,0.48,0.1,0,38.6,0,0.19,Matches
568,Christantus Uche,ng NGA,"FW,MF",Getafe,21,2003,27.6,21.4,20.9,0.4,0,0.04,0.07,0.8,0,0,0,0,0,14,0.11,0.83,Matches
569,Naci Ünüvar,nl NED,"MF,DF",Espanyol,21,2003,0.3,60,60,0,0,0,0,6.67,0,0,0,0,0,43.3,0,6.67,Matches
570,Óscar Valentín,es ESP,MF,Rayo Vallecano,29,1994,20.4,40.7,39.7,0.93,0.93,0,0.2,0.1,0,0,0,0,0,33.7,0.1,0.93,Matches
571,Germán Valera,es ESP,MF,Valencia,22,2002,1.6,29.4,28.8,0.63,0,0,0,3.75,0.63,0,0,0,0,21.3,0,0.63,Matches
572,Martin Valjent,sk SVK,DF,Mallorca,28,1995,30.7,45.3,42.1,3,1.37,0.03,0.13,0.36,1.6,0,0,0,0,38.9,0.16,0.42,Matches
573,Jesús Vallejo,es ESP,DF,Real Madrid,27,1997,1.5,44.7,44,0.67,0.67,0,0,0,0,0,0,0,0,40,0,0,Matches
574,Federico Valverde,uy URU,"MF,DF",Real Madrid,26,1998,33.7,66.4,63.6,2.4,1.1,0.09,1.48,0.77,1.13,0.09,0.09,0,0,59.6,0.33,0.68,Matches
575,Siebe Van Der Heyden,be BEL,"DF,MF",Mallorca,26,1998,1.1,66.4,59.1,7.27,0,0,0.91,1.82,7.27,0,0,0,0,59.1,0,0,Matches
576,Ruben Vargas,ch SUI,"FW,MF",Sevilla,25,1998,7.5,32.9,29.2,3.73,0.4,0,0,4.93,1.2,2.13,1.6,0.27,0,22.1,0,1.73,Matches
577,José Luis García Vayá,es ESP,MF,Valencia,25,1998,19.4,63.8,56,7.37,3.61,0.21,1.29,5.62,0,3.71,1.13,1.86,0.15,50,0.41,0.62,Matches
578,Jesus Vazquez,es ESP,DF,Valencia,21,2003,10.2,43.8,32.5,11,0.78,0,0,2.25,10.1,0,0,0,0,33.8,0.29,2.16,Matches
579,Lucas Vázquez,es ESP,DF,Real Madrid,33,1991,24.3,66.8,58.2,8.4,1.52,0.04,0.29,2.59,6.21,0.66,0.16,0.29,0,58.2,0.21,1.11,Matches
580,Alejo Véliz,ar ARG,FW,Espanyol,20,2003,12.5,15,12.9,2.08,0,0,0,0,0.16,0,0,0,0,9.76,0,0.16,Matches
581,Mikel Vesga,es ESP,MF,Athletic Club,31,1993,11,49,47.5,1.27,0.82,0.27,0.36,0.73,0.36,0,0,0,0,39,0.18,0.36,Matches
582,Carlos Vicente,es ESP,"FW,MF",Alavés,25,1999,34.4,33.1,27.6,5.26,1.34,0.09,0.06,7.82,1.45,2.47,0.7,1.25,0.15,20.9,0.26,1.95,Matches
583,Pau Victor,es ESP,FW,Barcelona,22,2001,3.5,34.6,33.4,1.14,0.29,0,0,0.86,0.29,0,0,0,0,28,0,0.57,Matches
584,Nacho Vidal,es ESP,DF,Osasuna,29,1995,1.4,35,26.4,8.57,0,0,0,1.43,8.57,0,0,0,0,26.4,0,1.43,Matches
585,Fran Vieites,es ESP,GK,Betis,25,1999,4,29.8,17.8,12,4.75,0,0.25,0,0,0,0,0,0,19,0,0,Matches
586,Sergio Viera,es ESP,MF,Las Palmas,19,2005,1.1,46.4,45.5,0.91,0,0,0.91,0,0,0,0,0,0,40.9,0,0.91,Matches
587,Asier Villalibre,es ESP,FW,Alavés,26,1997,3.7,18.6,17.3,1.35,0,0.27,0,0.54,0,0,0,0,0,11.9,0,0.27,Matches
588,Iván Villar,es ESP,GK,Celta Vigo,27,1997,4,29.3,19,10.3,1.5,0,0,0,0,0,0,0,0,23.8,0,0,Matches
589,Viti,es ESP,DF,Las Palmas,26,1997,22,42.5,32.8,9.5,0.73,0.05,0.14,2.05,8.77,0,0,0,0,34.4,0.14,0.82,Matches
590,Daniel Vivian,es ESP,DF,Athletic Club,25,1999,29,60.4,58.1,2.24,2,0.07,0.38,0.28,0.07,0,0,0,0,52.6,0.1,0.45,Matches
591,Krapyvtsov Vladyslav,ua UKR,GK,Girona,19,2005,2,35,29.5,5.5,2,0,0,0,0,0,0,0,0,26.5,0,0,Matches
592,Iñaki Williams,gh GHA,FW,Athletic Club,30,1994,29.5,28.1,27.1,0.88,0,0.24,0.24,3.9,0.71,0,0,0,0,17.8,0.2,1.19,Matches
593,Nico Williams,es ESP,FW,Athletic Club,22,2002,22.2,31.8,28.8,2.7,0.36,0,0.14,4.82,0.54,1.8,0.54,0.9,0,22.4,0.23,1.62,Matches
594,Axel Witsel,be BEL,DF,Atlético Madrid,35,1989,9.5,57.4,55.3,2,1.58,0,0.21,0,0.11,0,0,0,0,52,0.11,0.11,Matches
595,Lamine Yamal,es ESP,FW,Barcelona,17,2007,31.7,49,47.2,1.51,0.16,1.04,0.13,3.41,0.73,0.63,0.16,0,0,36.6,0.25,1.8,Matches
596,Daniel Yáñez,es ESP,FW,Real Madrid,17,2007,0,0,0,0,0,0,0,0,0,0,0,0,0,0,0,0,Matches
597,Bertuğ Yıldırım,tr TUR,FW,Getafe,22,2002,12,15.5,14.7,0.75,0,0,0,0.58,0,0,0,0,0,8.42,0.08,0.33,Matches
598,Arsen Zakharyan,ru RUS,"MF,FW",Real Sociedad,21,2003,0.8,41.3,40,1.25,0,2.5,1.25,1.25,0,1.25,1.25,0,0,35,0,0,Matches
599,Bryan Zaragoza,es ESP,"FW,MF",Osasuna,23,2001,20.4,27.2,23.7,3.28,0.83,0.2,0.25,5.1,0.78,1.37,0.49,0.25,0,17.5,0.15,0.93,Matches
600,Igor Zubeldia,es ESP,DF,Real Sociedad,27,1997,25.2,58.8,56.8,1.75,1.63,0.12,0.48,0.04,0.04,0,0,0,0,50.8,0.32,0.2,Matches
601,Martín Zubimendi,es ESP,MF,Real Sociedad,25,1999,32.9,53.9,51.9,1.73,1.67,0.06,0.33,0.36,0.03,0.03,0,0,0,45,0.21,0.73,Matches