Rk,Player,Nation,Pos,Squad,Age,Born,MP,Starts,Min,90s,Gls,Ast,G+A,G-PK,PK,PKatt,CrdY,CrdR,xG,npxG,xAG,npxG+xAG,PrgC,PrgP,PrgR,Gls,Ast,G+A,G-PK,G+A-PK,xG,xAG,xG+xAG,npxG,npxG+xAG,Matches
1,Max Aarons,eng ENG,"DF,MF",Valencia,24,2000,4,1,120,1.3,0,0,0,0,0,0,1.54,0,0,0,0,0,0,4.62,7.69,0,0,0,0,0,0,0.02,0.02,0,0.02,Matches
2,Rodrigo Abajas,es ESP,DF,Valencia,21,2003,1,1,65,0.7,0,0,0,0,0,0,1.43,0,0.14,0.14,0,0.14,4.29,2.86,4.29,0,0,0,0,0,0.1,0,0.1,0.1,0.1,Matches
3,Abel,es ESP,DF,Osasuna,23,2000,35,20,"2,074",23,0.09,0,0.09,0.09,0,0,0.13,0,0.02,0.02,0.04,0.07,2.17,3.35,4,0.09,0,0.09,0.09,0.09,0.02,0.05,0.07,0.02,0.07,Matches
4,Nabil Aberdin,fr FRA,MF,Getafe,21,2002,7,4,263,2.9,0,0,0,0,0,0,0.34,0,0,0,0,0.03,0.69,2.07,0.69,0,0,0,0,0,0.01,0.01,0.02,0.01,0.02,Matches
5,Abdel Abqar,ma MAR,DF,Alavés,25,1999,29,29,"2,463",27.4,0,0.04,0.04,0,0,0,0.47,0,0.03,0.03,0.01,0.04,0.58,2.88,0.15,0,0.04,0.04,0,0.04,0.03,0.01,0.04,0.03,0.04,Matches
6,Akor Adams,ng NGA,FW,Sevilla,24,2000,4,1,134,1.5,0,0,0,0,0,0,0,0,0.27,0.27,0,0.27,0,3.33,3.33,0,0,0,0,0,0.29,0,0.29,0.29,0.29,Matches
7,Adrián,es ESP,GK,Betis,37,1987,19,19,"1,710",19,0,0,0,0,0,0,0.16,0,0,0,0,0,0,0,0,0,0,0,0,0,0,0,0,0,0,Matches
8,Julen Agirrezabala,es ESP,GK,Athletic Club,23,2000,14,14,"1,206",13.4,0,0,0,0,0,0,0.07,0.07,0,0,0,0,0,0,0,0,0,0,0,0,0,0,0,0,0,Matches
9,Lucien Agoume,fr FRA,MF,Sevilla,22,2002,35,24,"2,114",23.5,0.04,0.13,0.17,0.04,0,0,0.21,0.04,0.04,0.04,0.11,0.14,1.23,5.74,0.98,0.04,0.13,0.17,0.04,0.17,0.04,0.11,0.14,0.04,0.14,Matches
10,Álvaro Aguado,es ESP,MF,Espanyol,28,1996,16,4,443,4.9,0,0.2,0.2,0,0,0,0.61,0,0.12,0.12,0.12,0.24,3.06,7.55,0.82,0,0.2,0.2,0,0.2,0.12,0.12,0.24,0.12,0.24,Matches
11,Lorenzo Aguado,es ESP,DF,Real Madrid,21,2002,2,0,5,0.1,0,0,0,0,0,0,0,0,0,0,0,0,0,0,0,0,0,0,0,0,0,0,0,0,0,Matches
12,Nayef Aguerd,ma MAR,DF,Real Sociedad,28,1996,21,21,"1,760",19.6,0,0,0,0,0,0,0.26,0,0.12,0.12,0.01,0.13,1.33,3.83,0.05,0,0,0,0,0,0.12,0.01,0.13,0.12,0.13,Matches
13,Joseph Aidoo,gh GHA,DF,Valladolid,28,1995,8,6,583,6.5,0,0,0,0,0,0,0,0,0,0,0,0,0.15,2.15,0,0,0,0,0,0,0.01,0,0.01,0.01,0.01,Matches
14,Joseph Aidoo,gh GHA,DF,Celta Vigo,28,1995,1,0,2,0,0,0,0,0,0,0,0,0,0,0,0,0,0,1,0,0,0,0,0,0,0,0,0,0,0,Matches
15,Ilias Akhomach,ma MAR,"MF,FW",Villarreal,20,2004,11,7,584,6.5,0.15,0,0.15,0.15,0,0,0.15,0,0.09,0.09,0.15,0.25,4.62,1.85,9.85,0.15,0,0.15,0.15,0.15,0.09,0.15,0.23,0.09,0.23,Matches
16,David Alaba,at AUT,DF,Real Madrid,32,1992,7,4,317,3.5,0,0,0,0,0,0,0.29,0,0,0,0.03,0.03,0.57,2,1.14,0,0,0,0,0,0,0.02,0.02,0,0.02,Matches
17,Ibrahim Alani,ng NGA,MF,Valladolid,18,2006,3,1,160,1.8,0,0,0,0,0,0,0,0,0,0,0,0,1.11,2.78,0.56,0,0,0,0,0,0.01,0,0.01,0.01,0.01,Matches
18,Raúl Albiol,es ESP,DF,Villarreal,38,1985,15,14,"1,188",13.2,0,0,0,0,0,0,0.38,0,0.01,0.01,0,0.01,0.23,2.58,0,0,0,0,0,0,0.01,0,0.01,0.01,0.01,Matches
19,Omar Alderete,py PAR,DF,Getafe,27,1996,34,34,"2,971",33,0.03,0,0.03,0.03,0,0,0.24,0,0.05,0.05,0.03,0.08,0.76,3.39,0.21,0.03,0,0.03,0.03,0.03,0.05,0.03,0.08,0.05,0.08,Matches
20,Carles Aleñá,es ESP,"MF,FW",Getafe,26,1998,10,5,452,5,0,0,0,0,0,0,0.2,0,0.18,0.18,0.02,0.2,0.6,2.4,2,0,0,0,0,0,0.18,0.02,0.2,0.18,0.2,Matches
21,Carles Aleñá,es ESP,"MF,FW",Alavés,26,1998,14,13,"1,090",12.1,0,0.17,0.17,0,0,0,0.08,0,0.06,0.06,0.11,0.17,1.49,4.79,3.55,0,0.17,0.17,0,0.17,0.06,0.11,0.17,0.06,0.17,Matches
22,Alfon,es ESP,"FW,MF",Celta Vigo,25,1999,26,14,"1,371",15.2,0.33,0.13,0.46,0.33,0,0,0.07,0.07,0.3,0.3,0.17,0.47,5.86,1.45,11.2,0.33,0.13,0.46,0.33,0.46,0.3,0.17,0.47,0.3,0.47,Matches
23,Tadeo Allende,ar ARG,FW,Celta Vigo,25,1999,1,0,2,0,0,0,0,0,0,0,1,0,0,0,0,0,0,0,0,0,0,0,0,0,0,0,0,0,0,Matches
24,Domingos André Ribeiro Almeida,pt POR,"MF,FW",Valencia,24,2000,34,24,"1,977",22,0,0.18,0.18,0,0,0,0.09,0,0.05,0.05,0.15,0.2,2.05,6.45,3.5,0,0.18,0.18,0,0.18,0.05,0.14,0.2,0.05,0.2,Matches
25,Iker Almena,es ESP,"FW,DF",Girona,20,2004,2,0,48,0.5,0,2,2,0,0,0,0,0,0,0,1.4,1.4,12,4,20,0,1.87,1.87,0,1.87,0.06,1.27,1.33,0.06,1.33,Matches
26,Marcos Alonso,es ESP,DF,Celta Vigo,33,1990,31,29,"2,647",29.4,0.1,0,0.1,0,0.1,0.1,0.34,0.07,0.14,0.05,0.04,0.1,2.18,7.31,1.67,0.1,0,0.1,0,0,0.14,0.04,0.18,0.05,0.1,Matches
27,Adrià Altimira,es ESP,"DF,FW",Leganés,23,2001,22,19,"1,630",18.1,0,0,0,0,0,0,0.33,0,0.02,0.02,0.03,0.04,1.27,2.32,3.81,0,0,0,0,0,0.02,0.03,0.04,0.02,0.04,Matches
28,Sergi Altimira,es ESP,MF,Betis,22,2001,32,22,"1,972",21.9,0,0.05,0.05,0,0,0,0.18,0,0.08,0.07,0.08,0.15,1.14,4.52,1.37,0,0.05,0.05,0,0.05,0.08,0.08,0.16,0.07,0.15,Matches
29,Hugo Álvarez,es ESP,"MF,DF",Celta Vigo,21,2003,26,16,"1,572",17.5,0.23,0.17,0.4,0.23,0,0,0.34,0,0.14,0.14,0.06,0.21,4.23,3.43,9.77,0.23,0.17,0.4,0.23,0.4,0.14,0.07,0.21,0.14,0.21,Matches
30,Julián Álvarez,ar ARG,FW,Atlético Madrid,24,2000,37,30,"2,509",27.9,0.61,0.14,0.75,0.47,0.14,0.14,0.18,0,0.51,0.39,0.19,0.58,2.83,3.3,5.81,0.61,0.14,0.75,0.47,0.61,0.51,0.19,0.7,0.39,0.59,Matches
31,Yeray Álvarez,es ESP,DF,Athletic Club,29,1995,21,20,"1,781",19.8,0.05,0,0.05,0.05,0,0,0.2,0,0.03,0.03,0.01,0.04,0.96,5.3,0,0.05,0,0.05,0.05,0.05,0.02,0.01,0.04,0.02,0.04,Matches
32,Selim Amallah,ma MAR,MF,Valladolid,27,1996,24,18,"1,376",15.3,0.2,0.07,0.26,0.13,0.07,0.07,0.39,0,0.23,0.18,0.07,0.25,1.57,3.73,1.76,0.2,0.07,0.26,0.13,0.2,0.23,0.07,0.3,0.18,0.25,Matches
33,Amath,sn SEN,"FW,DF",Valladolid,28,1996,13,5,375,4.2,0,0.24,0.24,0,0,0,0.24,0,0.1,0.1,0.12,0.21,2.38,2.86,6.9,0,0.24,0.24,0,0.24,0.09,0.13,0.21,0.09,0.21,Matches
34,Marcos André,br BRA,FW,Valladolid,27,1996,22,14,"1,188",13.2,0.08,0.15,0.23,0.08,0,0,0.38,0,0.2,0.2,0.06,0.27,0.83,1.21,2.95,0.08,0.15,0.23,0.08,0.23,0.2,0.06,0.27,0.2,0.27,Matches
35,Leandro Antonetti,pr PUR,FW,Sevilla,21,2003,2,0,28,0.3,0,0,0,0,0,0,0,0,0.33,0.33,0,0.67,3.33,0,10,0,0,0,0,0,0.45,0.09,0.54,0.45,0.54,Matches
36,Antoniu,es ESP,"FW,MF",Espanyol,21,2002,26,13,"1,022",11.4,0,0.09,0.09,0,0,0,0.26,0,0.08,0.08,0.1,0.17,3.07,2.46,5.53,0,0.09,0.09,0,0.09,0.08,0.1,0.17,0.08,0.17,Matches
37,Antony,br BRA,FW,Betis,24,2000,17,15,"1,362",15.1,0.33,0.13,0.46,0.33,0,0,0.13,0.07,0.19,0.19,0.23,0.42,6.23,4.44,10.4,0.33,0.13,0.46,0.33,0.46,0.19,0.23,0.42,0.19,0.42,Matches
38,Anuar,ma MAR,"MF,FW",Valladolid,29,1995,26,21,"1,720",19.1,0.1,0,0.1,0.1,0,0,0.37,0,0.09,0.09,0.06,0.15,1.26,1.57,3.56,0.1,0,0.1,0.1,0.1,0.09,0.06,0.15,0.09,0.15,Matches
39,Aritz Arambarri,es ESP,DF,Leganés,26,1998,2,2,177,2,0,0,0,0,0,0,0,0,0,0,0,0,0,1,0,0,0,0,0,0,0.01,0,0.01,0.01,0.01,Matches
40,Mauro Arambarri,uy URU,MF,Getafe,28,1995,35,31,"2,661",29.6,0.34,0,0.34,0.24,0.1,0.1,0.34,0,0.28,0.2,0.02,0.22,0.57,2.53,1.86,0.34,0,0.34,0.24,0.24,0.28,0.02,0.3,0.2,0.22,Matches
41,Jon Aramburu,ve VEN,DF,Real Sociedad,22,2002,35,28,"2,460",27.3,0.04,0.04,0.07,0.04,0,0,0.29,0,0.01,0.01,0.04,0.06,0.95,3.55,1.94,0.04,0.04,0.07,0.04,0.07,0.02,0.04,0.06,0.02,0.06,Matches
42,Ronald Araújo,uy URU,DF,Barcelona,25,1999,12,11,754,8.4,0.12,0.12,0.24,0.12,0,0,0.36,0,0.12,0.12,0.05,0.17,0.71,5.83,0.36,0.12,0.12,0.24,0.12,0.24,0.11,0.05,0.17,0.11,0.17,Matches
43,Adu Ares,es ESP,FW,Athletic Club,22,2001,1,0,19,0.2,0,0,0,0,0,0,0,0,0,0,0,0,5,15,10,0,0,0,0,0,0,0,0,0,0,Matches
44,Jesús Areso,es ESP,DF,Osasuna,25,1999,36,35,"3,079",34.2,0,0.09,0.09,0,0,0,0.26,0,0.01,0.01,0.1,0.11,2.95,3.1,5.94,0,0.09,0.09,0,0.09,0.01,0.1,0.11,0.01,0.11,Matches
45,David Argüelles,es ESP,MF,Getafe,22,2002,1,0,7,0.1,0,0,0,0,0,0,0,0,0,0,0,0,10,0,0,0,0,0,0,0,0,0,0,0,0,Matches
46,José Arnaiz,es ESP,"FW,MF",Osasuna,29,1995,15,1,133,1.5,0,0,0,0,0,0,0,0,0.2,0.2,0.07,0.33,4,2.67,13.3,0,0,0,0,0,0.22,0.1,0.32,0.22,0.32,Matches
47,Sergio Arribas,es ESP,DF,Betis,21,2003,1,1,90,1,0,0,0,0,0,0,0,0,0,0,0,0,0,1,4,0,0,0,0,0,0,0,0,0,0,Matches
48,Takuma Asano,jp JPN,"FW,MF",Mallorca,29,1994,21,13,"1,054",11.7,0.17,0.09,0.26,0.17,0,0,0,0,0.23,0.23,0.06,0.29,2.39,1.71,6.5,0.17,0.09,0.26,0.17,0.26,0.23,0.06,0.29,0.23,0.29,Matches
49,Raúl Asencio,es ESP,DF,Real Madrid,21,2003,23,18,"1,670",18.6,0,0.05,0.05,0,0,0,0.16,0,0.01,0.01,0.03,0.04,0.27,1.45,0.22,0,0.05,0.05,0,0.05,0.01,0.03,0.04,0.01,0.04,Matches
50,Iago Aspas,es ESP,"FW,MF",Celta Vigo,36,1987,30,19,"1,745",19.4,0.52,0.26,0.77,0.26,0.26,0.31,0.31,0.05,0.45,0.21,0.24,0.44,2.58,6.8,7.37,0.52,0.26,0.77,0.26,0.52,0.45,0.24,0.69,0.21,0.44,Matches
51,Yaser Asprilla,co COL,"FW,MF",Girona,20,2003,27,15,"1,405",15.6,0.19,0.06,0.26,0.19,0,0,0.13,0,0.13,0.13,0.18,0.31,4.62,4.94,8.97,0.19,0.06,0.26,0.19,0.26,0.13,0.18,0.31,0.13,0.31,Matches
52,Ezequiel Ávila,ar ARG,FW,Betis,30,1994,19,6,677,7.5,0.27,0,0.27,0.27,0,0,0.67,0.13,0.2,0.2,0.13,0.33,1.6,2.4,6.4,0.27,0,0.27,0.27,0.27,0.2,0.14,0.34,0.2,0.34,Matches
53,Adam Aznou,ma MAR,DF,Valladolid,18,2006,13,10,876,9.7,0,0,0,0,0,0,0.1,0,0.03,0.03,0.03,0.06,1.65,2.58,2.68,0,0,0,0,0,0.03,0.03,0.06,0.03,0.06,Matches
54,César Azpilicueta,es ESP,DF,Atlético Madrid,34,1989,14,10,875,9.7,0.1,0,0.1,0.1,0,0,0.1,0,0.02,0.02,0.01,0.03,1.34,6.8,2.06,0.1,0,0.1,0.1,0.1,0.02,0.01,0.03,0.02,0.03,Matches
55,Papa Ba,es ESP,MF,Girona,19,2004,1,0,48,0.5,0,0,0,0,0,0,0,0,0,0,0,0,2,0,4,0,0,0,0,0,0.06,0,0.06,0.06,0.06,Matches
56,Loïc Bade,fr FRA,DF,Sevilla,24,2000,32,31,"2,686",29.8,0.03,0.03,0.07,0.03,0,0,0.23,0.03,0.02,0.02,0.02,0.04,0.37,2.08,0.2,0.03,0.03,0.07,0.03,0.07,0.02,0.02,0.04,0.02,0.04,Matches
57,Alex Baena,es ESP,"MF,FW",Villarreal,23,2001,32,30,"2,595",28.8,0.24,0.31,0.56,0.24,0,0.03,0.31,0,0.25,0.22,0.41,0.63,3.16,6.56,5.35,0.24,0.31,0.55,0.24,0.55,0.25,0.41,0.65,0.22,0.63,Matches
58,Juma Bah,sl SLE,DF,Valladolid,18,2006,12,10,864,9.6,0,0,0,0,0,0,0.1,0,0.03,0.03,0,0.03,0,1.35,0.1,0,0,0,0,0,0.03,0,0.03,0.03,0.03,Matches
59,Eric Bailly,ci CIV,DF,Villarreal,30,1994,12,8,617,6.9,0,0,0,0,0,0,0.29,0.14,0.04,0.04,0,0.04,0.14,2.61,0,0,0,0,0,0,0.05,0,0.05,0.05,0.05,Matches
60,Stefan Bajcetic,es ESP,"MF,DF",Las Palmas,19,2004,14,12,969,10.8,0.09,0,0.09,0.09,0,0,0.37,0,0.03,0.03,0.02,0.05,0.74,3.61,0.83,0.09,0,0.09,0.09,0.09,0.03,0.02,0.05,0.03,0.05,Matches
61,Cédric Bakambu,cd COD,FW,Betis,33,1991,25,6,710,7.9,0.25,0.25,0.51,0.25,0,0,0.51,0,0.41,0.41,0.08,0.47,1.14,1.77,5.44,0.25,0.25,0.51,0.25,0.51,0.4,0.07,0.47,0.4,0.47,Matches
62,Alejandro Balde,es ESP,DF,Barcelona,20,2003,32,26,"2,284",25.4,0,0.16,0.16,0,0,0,0.08,0,0.02,0.02,0.13,0.15,4.21,3.66,9.69,0,0.16,0.16,0,0.16,0.02,0.13,0.15,0.02,0.15,Matches
63,Iván Balliu,al ALB,DF,Rayo Vallecano,32,1992,25,12,"1,200",13.3,0,0,0,0,0,0,0.23,0,0,0,0.04,0.04,0.6,3.46,1.58,0,0,0,0,0,0,0.04,0.04,0,0.04,Matches
64,Jonathan Bamba,ci CIV,"FW,MF",Celta Vigo,28,1996,12,10,811,9,0,0.11,0.11,0,0,0,0.11,0,0.09,0.09,0.2,0.29,3.44,3.33,7.89,0,0.11,0.11,0,0.11,0.09,0.2,0.29,0.09,0.29,Matches
65,Adrian Baquerin,es ESP,FW,Valladolid,17,2007,5,0,49,0.5,0,0,0,0,0,0,0,0,0.8,0.8,0,0.8,0,2,0,0,0,0,0,0,0.71,0,0.71,0.71,0.71,Matches
66,Valentín Barco,ar ARG,"DF,FW",Sevilla,20,2004,7,3,288,3.2,0,0,0,0,0,0,0,0,0.09,0.09,0.19,0.28,1.25,4.06,4.06,0,0,0,0,0,0.09,0.2,0.28,0.09,0.28,Matches
67,Borna Barišić,hr CRO,DF,Leganés,31,1992,1,1,9,0.1,0,0,0,0,0,0,0,0,0,0,0,0,0,0,0,0,0,0,0,0,0,0,0,0,0,Matches
68,Kike Barja,es ESP,"FW,MF",Osasuna,27,1997,15,3,315,3.5,0,0.29,0.29,0,0,0,0.86,0,0.06,0.06,0.34,0.4,6.29,1.14,11.1,0,0.29,0.29,0,0.29,0.05,0.34,0.39,0.05,0.39,Matches
69,Enzo Barrenechea,ar ARG,MF,Valencia,23,2001,30,26,"2,191",24.3,0.04,0.08,0.12,0.04,0,0,0.25,0,0.05,0.05,0.04,0.09,0.86,5.19,0.66,0.04,0.08,0.12,0.04,0.12,0.05,0.04,0.09,0.05,0.09,Matches
70,Ander Barrenetxea,es ESP,"MF,FW",Real Sociedad,22,2001,30,14,"1,263",14,0.07,0.21,0.29,0.07,0,0,0.43,0,0.11,0.11,0.14,0.26,3.07,3.43,10.9,0.07,0.21,0.29,0.07,0.29,0.12,0.14,0.26,0.12,0.26,Matches
71,Pablo Barrios,es ESP,MF,Atlético Madrid,21,2003,31,28,"2,330",25.9,0.04,0.15,0.19,0.04,0,0,0.15,0.04,0.05,0.05,0.09,0.14,1.12,5.48,2.66,0.04,0.15,0.19,0.04,0.19,0.05,0.09,0.14,0.05,0.14,Matches
72,Thierno Barry,fr FRA,FW,Villarreal,21,2002,35,25,"2,323",25.8,0.43,0.16,0.58,0.39,0.04,0.04,0.16,0,0.48,0.45,0.11,0.57,1.71,1.05,4.81,0.43,0.15,0.58,0.39,0.54,0.48,0.11,0.6,0.45,0.57,Matches
73,Marc Bartra,es ESP,DF,Betis,33,1991,25,23,"2,099",23.3,0.09,0.04,0.13,0.09,0,0,0.09,0,0.05,0.05,0.01,0.06,0.3,2.92,0.04,0.09,0.04,0.13,0.09,0.13,0.05,0.01,0.06,0.05,0.06,Matches
74,Aboubacar Bassinga,ci CIV,MF,Las Palmas,19,2005,1,0,4,0,0,0,0,0,0,0,0,0,0,0,0,0,0,0,0,0,0,0,0,0,0,0,0,0,0,Matches
75,Augusto Batalla,ar ARG,GK,Rayo Vallecano,28,1996,32,32,"2,880",32,0,0,0,0,0,0,0.19,0,0,0,0,0,0,0.06,0,0,0,0,0,0,0,0,0,0,0,Matches
76,Rafael Bauza,es ESP,MF,Espanyol,19,2005,5,2,183,2,0,0,0,0,0,0,0.5,0,0.05,0.05,0,0.05,0.5,3.5,1.5,0,0,0,0,0,0.04,0,0.04,0.04,0.04,Matches
77,Sheraldo Becker,sr SUR,"FW,MF",Real Sociedad,29,1995,22,11,995,11.1,0.18,0.09,0.27,0.18,0,0,0.09,0.09,0.18,0.18,0.18,0.36,4.59,2.07,9.91,0.18,0.09,0.27,0.18,0.27,0.18,0.18,0.36,0.18,0.36,Matches
78,Donny van de Beek,nl NED,MF,Girona,27,1997,26,16,"1,421",15.8,0.13,0.13,0.25,0.13,0,0,0.32,0,0.09,0.09,0.2,0.3,1.08,2.85,5.38,0.13,0.13,0.25,0.13,0.25,0.1,0.21,0.3,0.09,0.3,Matches
79,Luken Beitia,es ESP,DF,Real Sociedad,20,2004,1,0,8,0.1,0,0,0,0,0,0,0,0,0,0,0,0,0,0,0,0,0,0,0,0,0,0,0,0,0,Matches
80,Ismael Bekhoucha,ma MAR,"MF,DF",Getafe,19,2004,5,0,69,0.8,0,0,0,0,0,0,2.5,0,0,0,0,0,1.25,1.25,1.25,0,0,0,0,0,0,0,0,0,0,Matches
81,Héctor Bellerín,es ESP,DF,Betis,29,1995,9,6,580,6.4,0,0.31,0.31,0,0,0,0.16,0,0.03,0.03,0.31,0.34,0.47,3.75,3.44,0,0.31,0.31,0,0.31,0.03,0.32,0.35,0.03,0.35,Matches
82,Jude Bellingham,eng ENG,MF,Real Madrid,21,2003,31,29,"2,488",27.6,0.33,0.29,0.62,0.29,0.04,0.07,0.18,0.04,0.41,0.36,0.14,0.5,2.68,7.21,5.18,0.33,0.29,0.61,0.29,0.58,0.41,0.14,0.55,0.36,0.5,Matches
83,Fran Beltrán,es ESP,MF,Celta Vigo,25,1999,34,29,"2,421",26.9,0.07,0.04,0.11,0.07,0,0,0.11,0,0.04,0.04,0.07,0.1,1.04,5.65,1.08,0.07,0.04,0.11,0.07,0.11,0.04,0.07,0.1,0.04,0.1,Matches
84,Carlos Benavídez,uy URU,MF,Alavés,26,1998,18,6,487,5.4,0.19,0.19,0.37,0.19,0,0,0.56,0,0.06,0.06,0.11,0.17,0.74,4.81,0.93,0.18,0.18,0.37,0.18,0.37,0.05,0.11,0.16,0.05,0.16,Matches
85,Iker Benito,es ESP,"FW,MF",Osasuna,21,2002,2,0,37,0.4,0,0,0,0,0,0,0,0,0,0,0,0,5,0,10,0,0,0,0,0,0,0.09,0.09,0,0.09,Matches
86,Yuri Berchiche,es ESP,DF,Athletic Club,34,1990,30,22,"2,044",22.7,0,0.09,0.09,0,0,0,0.22,0,0.03,0.03,0.1,0.12,1.89,7.09,2.91,0,0.09,0.09,0,0.09,0.02,0.1,0.12,0.02,0.12,Matches
87,Álex Berenguer,es ESP,"FW,MF",Athletic Club,29,1995,36,28,"2,339",26,0.23,0.27,0.5,0.23,0,0.04,0.19,0,0.26,0.23,0.19,0.42,2.5,3,8.31,0.23,0.27,0.5,0.23,0.5,0.26,0.19,0.45,0.23,0.42,Matches
88,Marc Bernal,es ESP,MF,Barcelona,17,2007,3,3,242,2.7,0,0,0,0,0,0,0.74,0,0.04,0.04,0,0.04,0,2.96,0.74,0,0,0,0,0,0.03,0.01,0.03,0.03,0.03,Matches
89,Juan Bernat,es ESP,"DF,MF",Villarreal,31,1993,10,1,212,2.4,0,0.42,0.42,0,0,0,0,0,0.13,0.13,0.17,0.29,1.67,3.33,9.58,0,0.42,0.42,0,0.42,0.12,0.17,0.29,0.12,0.29,Matches
90,Juan Bernat,es ESP,"MF,DF",Getafe,31,1993,14,9,699,7.8,0,0.13,0.13,0,0,0,0,0,0.01,0.01,0.09,0.1,0.26,1.79,4.62,0,0.13,0.13,0,0.13,0.02,0.09,0.11,0.02,0.11,Matches
91,Juan Berrocal,es ESP,DF,Getafe,25,1999,19,11,"1,063",11.8,0,0,0,0,0,0,0.68,0.08,0.03,0.03,0,0.03,0.08,2.12,0.08,0,0,0,0,0,0.03,0,0.03,0.03,0.03,Matches
92,Antonio Blanco,es ESP,MF,Alavés,24,2000,35,32,"2,727",30.3,0,0.03,0.03,0,0,0,0.36,0.03,0.03,0.03,0.05,0.08,0.43,4.82,0.63,0,0.03,0.03,0,0.03,0.03,0.05,0.08,0.03,0.08,Matches
93,Daley Blind,nl NED,DF,Girona,34,1990,34,31,"2,780",30.9,0,0.06,0.06,0,0,0,0.06,0,0.02,0.02,0.05,0.07,2.3,8.8,1.97,0,0.06,0.06,0,0.06,0.02,0.05,0.07,0.02,0.07,Matches
94,Adama Boiro,es ESP,"DF,FW",Athletic Club,22,2002,18,13,"1,101",12.2,0,0,0,0,0,0,0.25,0,0.02,0.02,0.04,0.06,2.05,3.77,2.95,0,0,0,0,0,0.02,0.04,0.06,0.02,0.06,Matches
95,Enzo Boyomo,cm CMR,DF,Osasuna,22,2001,34,33,"2,987",33.2,0.06,0,0.06,0.06,0,0,0.15,0,0.05,0.05,0.03,0.07,0.48,3.34,0.21,0.06,0,0.06,0.06,0.06,0.05,0.03,0.07,0.05,0.07,Matches
96,Enzo Boyomo,cm CMR,DF,Valladolid,22,2001,3,3,270,3,0,0,0,0,0,0,0,0,0.03,0.03,0,0.03,0.33,2.33,0,0,0,0,0,0,0.02,0,0.02,0.02,0.02,Matches
97,Darko Brašanac,rs SRB,MF,Leganés,32,1992,30,15,"1,617",18,0.06,0.11,0.17,0.06,0,0,0.22,0,0.1,0.1,0.02,0.12,0.33,2.39,2.94,0.06,0.11,0.17,0.06,0.17,0.1,0.02,0.12,0.1,0.12,Matches
98,Tajon Buchanan,ca CAN,MF,Villarreal,25,1999,13,4,416,4.6,0.22,0.43,0.65,0.22,0,0,0.43,0,0.2,0.2,0.11,0.3,4.13,1.09,9.78,0.22,0.43,0.65,0.22,0.65,0.19,0.12,0.31,0.19,0.31,Matches
99,Ante Budimir,hr CRO,FW,Osasuna,33,1991,38,34,"2,952",32.8,0.64,0.12,0.76,0.4,0.24,0.24,0.12,0,0.56,0.38,0.05,0.42,0.7,0.73,4.09,0.64,0.12,0.76,0.4,0.52,0.56,0.05,0.61,0.37,0.42,Matches
100,Manu Bueno,es ESP,"MF,FW",Sevilla,20,2004,9,1,140,1.6,0.63,0,0.63,0.63,0,0,0,0,0.06,0.06,0,0.06,1.25,3.13,3.13,0.64,0,0.64,0.64,0.64,0.08,0,0.08,0.08,0.08,Matches
101,Endika Buján,es ESP,FW,Athletic Club,21,2003,1,0,7,0.1,0,0,0,0,0,0,0,0,0,0,0,0,10,0,0,0,0,0,0,0,0,0,0,0,0,Matches
102,Pau Cabanes,es ESP,"MF,FW",Villarreal,19,2005,10,0,163,1.8,0.56,0,0.56,0.56,0,0,0,0,0.28,0.28,0.22,0.5,5.56,6.11,18.3,0.55,0,0.55,0.55,0.55,0.26,0.22,0.47,0.26,0.47,Matches
103,Pau Cabanes,es ESP,"MF,FW",Alavés,19,2005,6,2,188,2.1,0,0,0,0,0,0,0.48,0,0,0,0,0.05,7.14,2.38,7.14,0,0,0,0,0,0.02,0.01,0.03,0.02,0.03,Matches
104,Leandro Cabrera,uy URU,DF,Espanyol,33,1991,33,32,"2,869",31.9,0.13,0.06,0.19,0.13,0,0,0.13,0.03,0.03,0.03,0.03,0.07,0.28,2.16,0.19,0.13,0.06,0.19,0.13,0.19,0.03,0.03,0.06,0.03,0.06,Matches
105,Fernando Calero,es ESP,"DF,MF",Espanyol,28,1995,21,6,715,7.9,0.13,0,0.13,0.13,0,0,0.13,0,0.04,0.04,0,0.04,0,2.15,0.25,0.13,0,0.13,0.13,0.13,0.03,0.01,0.04,0.03,0.04,Matches
106,Eduardo Camavinga,fr FRA,"MF,DF",Real Madrid,21,2002,19,11,"1,102",12.2,0.08,0.16,0.25,0.08,0,0,0.16,0,0.03,0.03,0.07,0.1,2.13,5,2.54,0.08,0.16,0.25,0.08,0.25,0.04,0.06,0.1,0.04,0.1,Matches
107,Sergio Camello,es ESP,FW,Rayo Vallecano,23,2001,23,14,"1,134",12.6,0.24,0.16,0.4,0.24,0,0,0.16,0,0.33,0.33,0.16,0.48,1.59,2.14,5.4,0.24,0.16,0.4,0.24,0.4,0.32,0.16,0.48,0.32,0.48,Matches
108,José Campaña,es ESP,MF,Las Palmas,31,1993,25,15,"1,189",13.2,0,0.23,0.23,0,0,0,0.38,0,0.01,0.01,0.07,0.08,0.83,6.59,1.14,0,0.23,0.23,0,0.23,0.01,0.07,0.08,0.01,0.08,Matches
109,Peio Canales,es ESP,"MF,FW",Athletic Club,19,2005,8,2,259,2.9,0,0,0,0,0,0,0,0,0.07,0.07,0.07,0.14,2.07,2.07,3.79,0,0,0,0,0,0.07,0.08,0.15,0.07,0.15,Matches
110,Antonio Candela,it ITA,DF,Valladolid,24,2000,12,12,906,10.1,0,0,0,0,0,0,0.1,0,0,0,0.08,0.09,1.58,2.18,2.87,0,0,0,0,0,0,0.08,0.08,0,0.08,Matches
111,Sergi Canós,es ESP,"MF,FW",Valencia,27,1997,17,2,370,4.1,0,0.24,0.24,0,0,0,0.73,0,0.12,0.12,0.05,0.17,1.71,2.2,11.5,0,0.24,0.24,0,0.24,0.13,0.05,0.17,0.13,0.17,Matches
112,Dani Cárdenas,es ESP,GK,Rayo Vallecano,27,1997,6,6,540,6,0,0,0,0,0,0,0,0,0,0,0,0,0,0,0,0,0,0,0,0,0,0,0,0,0,Matches
113,Irvin Cardona,fr FRA,"FW,MF",Espanyol,26,1997,16,5,606,6.7,0.15,0.15,0.3,0.15,0,0,0.15,0,0.16,0.16,0.09,0.25,2.09,2.24,6.42,0.15,0.15,0.3,0.15,0.3,0.16,0.09,0.25,0.16,0.25,Matches
114,Marc Cardona,es ESP,"FW,DF",Las Palmas,29,1995,11,0,132,1.5,0,0,0,0,0,0,1.33,0,0.27,0.27,0,0.27,1.33,2,8,0,0,0,0,0,0.26,0,0.26,0.26,0.26,Matches
115,Sergi Cardona,es ESP,DF,Villarreal,25,1999,35,34,"2,945",32.7,0.03,0.21,0.24,0.03,0,0,0.34,0,0.07,0.07,0.18,0.25,1.59,2.35,6.06,0.03,0.21,0.24,0.03,0.24,0.07,0.18,0.25,0.07,0.25,Matches
116,Johnny Cardoso,us USA,MF,Betis,22,2001,28,24,"2,144",23.8,0.13,0.04,0.17,0.13,0,0,0.17,0,0.08,0.08,0.04,0.13,0.8,2.98,1.18,0.13,0.04,0.17,0.13,0.17,0.09,0.04,0.12,0.09,0.12,Matches
117,José Carlos González,es ESP,DF,Las Palmas,18,2006,1,0,11,0.1,0,0,0,0,0,0,0,0,0,0,0,0,0,0,10,0,0,0,0,0,0,0,0,0,0,Matches
118,Carmona,es ESP,DF,Sevilla,22,2002,35,35,"2,942",32.7,0,0,0,0,0,0,0.34,0,0.02,0.02,0.06,0.08,1.38,3.33,1.74,0,0,0,0,0,0.02,0.06,0.08,0.02,0.08,Matches
119,Sergio Carreira,es ESP,"MF,DF",Celta Vigo,23,2000,23,19,"1,656",18.4,0,0.22,0.22,0,0,0,0.05,0,0.03,0.03,0.17,0.2,2.12,2.88,7.61,0,0.22,0.22,0,0.22,0.03,0.17,0.2,0.03,0.2,Matches
120,Dani Carvajal,es ESP,DF,Real Madrid,32,1992,8,7,609,6.8,0.15,0,0.15,0.15,0,0,0.15,0,0.19,0.19,0.03,0.22,1.91,3.97,7.06,0.15,0,0.15,0.15,0.15,0.19,0.03,0.22,0.19,0.22,Matches
121,William Carvalho,pt POR,MF,Betis,32,1992,14,6,484,5.4,0,0,0,0,0,0,0.19,0,0.04,0.04,0.04,0.07,0.93,8.33,1.85,0,0,0,0,0,0.04,0.05,0.08,0.04,0.08,Matches
122,Marc Casado,es ESP,MF,Barcelona,20,2003,23,20,"1,611",17.9,0.06,0.17,0.22,0.06,0,0,0.22,0.06,0.06,0.06,0.08,0.13,0.67,5.98,1.34,0.06,0.17,0.22,0.06,0.22,0.06,0.08,0.13,0.06,0.13,Matches
123,Catena,es ESP,DF,Osasuna,29,1994,35,35,"3,074",34.2,0.03,0.09,0.12,0.03,0,0,0.32,0,0.06,0.06,0.07,0.13,0.26,2.6,0.12,0.03,0.09,0.12,0.03,0.12,0.07,0.07,0.13,0.07,0.13,Matches
124,Maximiliano Caufriez,be BEL,DF,Valencia,27,1997,1,1,90,1,0,0,0,0,0,0,0,0,0,0,0,0,0,1,0,0,0,0,0,0,0,0,0,0,0,Matches
125,Dani Ceballos,es ESP,MF,Real Madrid,27,1996,23,15,"1,215",13.5,0,0,0,0,0,0,0.3,0,0.03,0.03,0.12,0.15,3.11,11.1,1.26,0,0,0,0,0,0.03,0.12,0.15,0.03,0.15,Matches
126,Franco Cervi,ar ARG,"FW,MF",Celta Vigo,30,1994,7,4,273,3,0,0,0,0,0,0,0.33,0,0,0,0.1,0.1,1,4.67,7,0,0,0,0,0,0,0.11,0.11,0,0.11,Matches
127,Raúl Chasco,es ESP,DF,Valladolid,20,2003,2,1,130,1.4,0,0,0,0,0,0,0,0,0,0,0,0,0.71,2.14,1.43,0,0,0,0,0,0,0.02,0.02,0,0.02,Matches
128,Pep Chavarría,es ESP,"DF,FW",Rayo Vallecano,26,1998,34,28,"2,585",28.7,0,0.03,0.03,0,0,0,0.1,0,0.04,0.04,0.07,0.11,2.06,3.97,4.63,0,0.03,0.03,0,0.03,0.04,0.07,0.11,0.04,0.11,Matches
129,Walid Cheddira,ma MAR,FW,Espanyol,26,1998,22,5,640,7.1,0.14,0.14,0.28,0.14,0,0,0.42,0,0.14,0.14,0.17,0.31,1.13,1.69,4.79,0.14,0.14,0.28,0.14,0.28,0.14,0.17,0.31,0.14,0.31,Matches
130,Chema,es ESP,MF,Real Madrid,19,2005,2,0,12,0.1,0,0,0,0,0,0,0,0,0,0,0,0,0,0,0,0,0,0,0,0,0,0,0,0,0,Matches
131,Julián Chicco,ar ARG,"MF,DF",Leganés,26,1998,14,2,302,3.4,0,0.29,0.29,0,0,0,0,0,0.15,0.15,0.06,0.18,2.35,4.71,2.06,0,0.3,0.3,0,0.3,0.14,0.05,0.19,0.14,0.19,Matches
132,Chiquinho,pt POR,"MF,FW",Mallorca,24,2000,8,1,146,1.6,0,0,0,0,0,0,1.25,0,0.19,0.19,0,0.19,2.5,0.63,7.5,0,0,0,0,0,0.19,0.02,0.21,0.19,0.21,Matches
133,Andreas Christensen,dk DEN,DF,Barcelona,28,1996,5,2,254,2.8,0,0,0,0,0,0,1.07,0,0,0,0,0.04,0.36,5.36,0.36,0,0,0,0,0,0.01,0.01,0.02,0.01,0.02,Matches
134,Jasper Cillessen,nl NED,GK,Las Palmas,35,1989,27,27,"2,335",25.9,0,0,0,0,0,0,0.04,0,0,0,0,0,0,0,0,0,0,0,0,0,0,0,0,0,0,Matches
135,Pathé Ciss,sn SEN,"MF,DF",Rayo Vallecano,30,1994,33,25,"2,140",23.8,0.17,0.04,0.21,0.17,0,0,0.5,0,0.08,0.07,0.05,0.12,0.8,5.38,0.5,0.17,0.04,0.21,0.17,0.21,0.08,0.05,0.12,0.07,0.12,Matches
136,Seydouba Cissé,gn GUI,MF,Leganés,23,2001,34,31,"2,435",27.1,0.11,0.04,0.15,0.11,0,0,0.11,0.04,0.11,0.11,0.04,0.15,0.96,4.06,1.55,0.11,0.04,0.15,0.11,0.15,0.11,0.04,0.15,0.11,0.15,Matches
137,Silvi Clúa,es ESP,MF,Girona,19,2005,4,2,163,1.8,0,0,0,0,0,0,0,0,0,0,0,0.06,2.22,1.67,1.67,0,0,0,0,0,0.02,0.02,0.04,0.02,0.04,Matches
138,Eray Cömert,ch SUI,"DF,MF",Valladolid,26,1998,25,21,"1,779",19.8,0,0,0,0,0,0,0.3,0,0.05,0.05,0,0.05,0.45,2.42,0.25,0,0,0,0,0,0.04,0,0.04,0.04,0.04,Matches
139,Santi Comesaña,es ESP,MF,Villarreal,27,1996,35,30,"2,560",28.4,0.14,0.07,0.21,0.14,0,0,0.25,0,0.16,0.16,0.07,0.23,1.37,5.42,2.04,0.14,0.07,0.21,0.14,0.21,0.16,0.07,0.23,0.16,0.23,Matches
140,Diego Conde,es ESP,GK,Villarreal,25,1998,22,22,"1,962",21.8,0,0.05,0.05,0,0,0,0.09,0,0,0,0.01,0.01,0,0,0,0,0.05,0.05,0,0.05,0,0.01,0.01,0,0.01,Matches
141,Tomás Conechny,ar ARG,"FW,MF",Alavés,26,1998,22,9,847,9.4,0.11,0,0.11,0.11,0,0,0.85,0,0.26,0.26,0.03,0.29,1.49,2.45,6.49,0.11,0,0.11,0.11,0.11,0.26,0.03,0.29,0.26,0.29,Matches
142,Copete,es ESP,DF,Mallorca,24,1999,25,16,"1,528",17,0,0,0,0,0,0,0.35,0,0.03,0.03,0,0.03,0.59,2.76,0.12,0,0,0,0,0,0.03,0,0.03,0.03,0.03,Matches
143,Iker Córdoba,es ESP,DF,Valencia,18,2005,2,0,15,0.2,0,0,0,0,0,0,0,0,0,0,0.5,0.5,0,5,5,0,0,0,0,0,0,0.45,0.45,0,0.45,Matches
144,Ángel Correa,ar ARG,"FW,MF",Atlético Madrid,29,1995,31,3,805,8.9,0.45,0.11,0.56,0.45,0,0,0.34,0.11,0.51,0.51,0.24,0.74,3.37,2.81,9.55,0.45,0.11,0.56,0.45,0.56,0.51,0.23,0.74,0.51,0.74,Matches
145,Thierry Correia,pt POR,DF,Valencia,25,1999,11,9,768,8.5,0,0,0,0,0,0,0.12,0,0.04,0.04,0.04,0.07,1.88,5.18,5.65,0,0,0,0,0,0.04,0.04,0.08,0.04,0.08,Matches
146,Coba da Costa,es ESP,"MF,FW",Getafe,22,2002,19,12,"1,006",11.2,0.09,0.09,0.18,0.09,0,0,0.36,0,0.1,0.1,0.13,0.23,4.11,1.43,7.41,0.09,0.09,0.18,0.09,0.18,0.1,0.13,0.23,0.1,0.23,Matches
147,Logan Costa,cv CPV,DF,Villarreal,23,2001,32,28,"2,587",28.7,0.07,0.03,0.1,0.07,0,0,0.1,0,0.02,0.02,0.02,0.05,0.87,4.04,0.35,0.07,0.03,0.1,0.07,0.1,0.02,0.02,0.05,0.02,0.05,Matches
148,Samu Costa,pt POR,MF,Mallorca,23,2000,32,31,"2,649",29.4,0,0.07,0.07,0,0,0,0.34,0.03,0.06,0.06,0.04,0.1,0.82,3.95,2.35,0,0.07,0.07,0,0.07,0.06,0.04,0.1,0.06,0.1,Matches
149,Thibaut Courtois,be BEL,GK,Real Madrid,32,1992,30,30,"2,700",30,0,0,0,0,0,0,0.03,0,0,0,0,0,0,0,0,0,0,0,0,0,0,0,0,0,0,Matches
150,Juan Cruz Armada,es ESP,DF,Osasuna,32,1992,25,19,"1,492",16.6,0,0,0,0,0,0,0.24,0,0.01,0.01,0,0.01,0.54,3.19,0.72,0,0,0,0,0,0.01,0,0.01,0.01,0.01,Matches
151,Juan Cruz,es ESP,"FW,MF",Leganés,24,2000,34,26,"2,257",25.1,0.2,0.16,0.36,0.2,0,0,0.08,0,0.11,0.11,0.16,0.27,2.35,2.63,5.22,0.2,0.16,0.36,0.2,0.36,0.11,0.17,0.27,0.11,0.27,Matches
152,Pau Cubarsí,es ESP,DF,Barcelona,17,2007,35,29,"2,618",29.1,0,0.1,0.1,0,0,0,0.1,0,0.03,0.03,0.05,0.09,0.89,6.56,0.21,0,0.1,0.1,0,0.1,0.03,0.06,0.08,0.03,0.08,Matches
153,Cucho,co COL,FW,Betis,25,1999,15,14,"1,139",12.7,0.39,0.08,0.47,0.39,0,0,0,0,0.3,0.3,0.12,0.42,2.13,2.68,6.46,0.4,0.08,0.47,0.4,0.47,0.3,0.12,0.42,0.3,0.42,Matches
154,Arnaut Danjuma,nl NED,FW,Villarreal,27,1997,3,3,200,2.2,0.91,0,0.91,0.91,0,0,0.45,0,0.36,0.36,0,0.36,1.82,0.45,7.73,0.9,0,0.9,0.9,0.9,0.37,0.01,0.38,0.37,0.38,Matches
155,Arnaut Danjuma,nl NED,"FW,MF",Girona,27,1997,25,15,"1,335",14.8,0.14,0,0.14,0.14,0,0,0.14,0,0.24,0.24,0.11,0.36,6.15,2.77,12.5,0.13,0,0.13,0.13,0.13,0.24,0.11,0.35,0.24,0.35,Matches
156,Sergi Darder,es ESP,"MF,FW",Mallorca,30,1993,38,34,"2,744",30.5,0.07,0.2,0.26,0.07,0,0,0.13,0,0.07,0.07,0.12,0.19,1.21,4.66,2.72,0.07,0.2,0.26,0.07,0.26,0.07,0.12,0.19,0.07,0.19,Matches
157,Rodrigo De Paul,ar ARG,MF,Atlético Madrid,30,1994,34,23,"2,106",23.4,0.13,0.21,0.34,0.13,0,0,0.3,0,0.06,0.06,0.24,0.29,3.63,9.87,2.74,0.13,0.21,0.34,0.13,0.34,0.06,0.24,0.29,0.06,0.29,Matches
158,Mouctar Diakhaby,gn GUI,DF,Valencia,27,1996,13,7,653,7.3,0.27,0,0.27,0.27,0,0,0,0,0.21,0.21,0,0.21,0.68,1.92,0.27,0.28,0,0.28,0.28,0.28,0.2,0,0.21,0.2,0.21,Matches
159,Assane Diao,sn SEN,FW,Betis,18,2005,10,2,277,3.1,0.32,0.65,0.97,0.32,0,0,0,0,0.26,0.26,0.48,0.74,2.9,0.32,8.71,0.32,0.65,0.97,0.32,0.97,0.26,0.5,0.75,0.26,0.75,Matches
160,Moussa Diarra,ml MLI,DF,Alavés,23,2000,26,20,"1,866",20.7,0,0,0,0,0,0,0.29,0,0,0,0,0.01,0.58,3.38,1.5,0,0,0,0,0,0,0.01,0.01,0,0.01,Matches
161,Brahim Díaz,ma MAR,"FW,MF",Real Madrid,24,1999,31,16,"1,385",15.4,0.26,0.13,0.39,0.26,0,0,0,0,0.34,0.34,0.21,0.56,2.53,4.81,7.14,0.26,0.13,0.39,0.26,0.39,0.34,0.22,0.56,0.34,0.56,Matches
162,Daniel Díaz,es ESP,MF,Real Sociedad,18,2006,1,0,10,0.1,0,0,0,0,0,0,0,0,0,0,0,0,0,0,0,0,0,0,0,0,0,0,0,0,0,Matches
163,Pedro Díaz,es ESP,MF,Rayo Vallecano,26,1998,26,12,"1,211",13.5,0.22,0,0.22,0.22,0,0.07,0.15,0,0.18,0.12,0.16,0.27,2,4.59,3.63,0.22,0,0.22,0.22,0.22,0.18,0.16,0.33,0.12,0.27,Matches
164,Diego,es ESP,FW,Leganés,24,2000,28,13,"1,195",13.3,0.23,0,0.23,0.23,0,0,0.15,0,0.29,0.29,0.02,0.3,0.68,1.2,3.68,0.23,0,0.23,0.23,0.23,0.28,0.02,0.3,0.28,0.3,Matches
165,Stole Dimitrievski,mk MKD,GK,Valencia,30,1993,4,4,360,4,0,0,0,0,0,0,0.25,0,0,0,0,0,0,0,0,0,0,0,0,0,0,0,0,0,0,Matches
166,Yan Diomandé,ci CIV,"MF,FW",Leganés,17,2006,10,6,545,6.1,0.33,0.16,0.49,0.33,0,0,0.16,0,0.23,0.23,0.15,0.38,6.07,2.62,10.5,0.33,0.17,0.5,0.33,0.5,0.24,0.14,0.38,0.24,0.38,Matches
167,Álvaro djaló,es ESP,FW,Athletic Club,24,1999,17,7,659,7.3,0.14,0,0.14,0.14,0,0,0.27,0,0.11,0.11,0.12,0.23,3.01,1.78,8.22,0.14,0,0.14,0.14,0.14,0.11,0.12,0.23,0.11,0.23,Matches
168,Djené,tg TOG,"DF,MF",Getafe,32,1991,31,31,"2,548",28.3,0,0,0,0,0,0,0.35,0.04,0.01,0.01,0.02,0.03,0.64,2.61,0.74,0,0,0,0,0,0.01,0.02,0.03,0.01,0.03,Matches
169,Marko Dmitrović,rs SRB,GK,Leganés,32,1992,32,32,"2,880",32,0,0,0,0,0,0,0,0,0,0,0.01,0.01,0,0.03,0,0,0,0,0,0,0,0.01,0.01,0,0.01,Matches
170,Marc Domenech,es ESP,"FW,MF",Mallorca,18,2006,10,3,303,3.4,0,0,0,0,0,0,0,0,0.21,0.21,0.06,0.26,0.29,1.18,6.18,0,0,0,0,0,0.22,0.06,0.27,0.22,0.27,Matches
171,Carlos Dominguez,es ESP,DF,Celta Vigo,23,2001,19,13,"1,181",13.1,0,0,0,0,0,0,0.08,0,0.02,0.02,0.01,0.02,1.15,5.04,0.31,0,0,0,0,0,0.02,0,0.02,0.02,0.02,Matches
172,Israel Domínguez,es ESP,FW,Sevilla,21,2003,1,0,18,0.2,0,0,0,0,0,0,0,0,0,0,0,0,0,0,0,0,0,0,0,0,0,0,0,0,0,Matches
173,Sergi Dominguez,es ESP,DF,Barcelona,19,2005,3,2,172,1.9,0,0,0,0,0,0,0.53,0,0,0,0,0,0,6.84,0.53,0,0,0,0,0,0,0,0,0,0,Matches
174,Anastasios Douvikas,gr GRE,FW,Celta Vigo,24,1999,20,6,700,7.8,0.38,0.13,0.51,0.38,0,0,0.26,0,0.56,0.56,0.03,0.6,0.77,0.77,5.51,0.39,0.13,0.51,0.39,0.51,0.57,0.03,0.6,0.57,0.6,Matches
175,Domingos Duarte,pt POR,DF,Getafe,29,1995,22,21,"1,859",20.7,0.05,0,0.05,0.05,0,0,0.19,0.1,0.01,0.01,0,0.01,0.14,2.27,0.14,0.05,0,0.05,0.05,0.05,0.01,0,0.01,0.01,0.01,Matches
176,Duk,cv CPV,"MF,FW",Leganés,24,2000,10,1,179,2,0,0,0,0,0,0,0.5,0,0,0,0.35,0.35,5,1.5,10.5,0,0,0,0,0,0.01,0.33,0.34,0.01,0.34,Matches
177,Pablo Durán,es ESP,"FW,MF",Celta Vigo,23,2001,27,15,"1,394",15.5,0.26,0.26,0.52,0.26,0,0,0.19,0,0.23,0.23,0.18,0.42,1.55,1.94,8,0.26,0.26,0.52,0.26,0.52,0.24,0.18,0.42,0.24,0.42,Matches
178,Hugo Duro,es ESP,FW,Valencia,24,1999,31,25,"2,166",24.1,0.46,0.08,0.54,0.41,0.04,0.04,0.21,0,0.39,0.36,0.05,0.41,0.54,1.16,3.65,0.46,0.08,0.54,0.42,0.5,0.39,0.05,0.44,0.36,0.41,Matches
179,Chidera Ejuke,ng NGA,FW,Sevilla,26,1998,25,9,966,10.7,0.19,0.09,0.28,0.19,0,0,0,0,0.1,0.1,0.18,0.28,7.01,3.55,9.44,0.19,0.09,0.28,0.19,0.28,0.1,0.17,0.28,0.1,0.28,Matches
180,Aritz Elustondo,es ESP,DF,Real Sociedad,30,1994,22,16,"1,457",16.2,0,0,0,0,0,0,0.12,0.06,0.02,0.02,0.01,0.04,1.05,3.15,0.25,0,0,0,0,0,0.03,0.01,0.04,0.03,0.04,Matches
181,Adri Embarba,es ESP,"FW,MF",Rayo Vallecano,32,1992,35,18,"1,607",17.9,0.06,0.06,0.11,0.06,0,0,0.22,0,0.12,0.12,0.15,0.27,2.63,2.51,6.37,0.06,0.06,0.11,0.06,0.11,0.12,0.15,0.27,0.12,0.27,Matches
182,Endrick,br BRA,FW,Real Madrid,18,2006,22,3,363,4,0.25,0,0.25,0.25,0,0,0.25,0,0.63,0.63,0.13,0.75,3,2,8,0.25,0,0.25,0.25,0.25,0.61,0.12,0.73,0.61,0.73,Matches
183,Alfonso Espino,uy URU,DF,Rayo Vallecano,32,1992,16,9,833,9.3,0,0.11,0.11,0,0,0,0.43,0,0.04,0.04,0.06,0.12,1.08,4.19,3.12,0,0.11,0.11,0,0.11,0.05,0.07,0.12,0.05,0.12,Matches
184,Dario Essugo,pt POR,MF,Las Palmas,19,2005,27,25,"1,938",21.5,0.05,0,0.05,0.05,0,0,0.51,0.09,0.03,0.03,0.02,0.05,0.84,3.53,0.37,0.05,0,0.05,0.05,0.05,0.03,0.02,0.05,0.03,0.05,Matches
185,Etienne Eto'o,cm CMR,FW,Rayo Vallecano,21,2002,2,0,40,0.4,0,0,0,0,0,0,0,0,0,0,0,0,0,0,2.5,0,0,0,0,0,0,0,0,0,0,Matches
186,Karl Etta,cm CMR,"MF,FW",Villarreal,20,2003,4,0,37,0.4,2.5,0,2.5,2.5,0,0,0,0,1,1,0,1,0,0,0,2.43,0,2.43,2.43,2.43,0.88,0,0.88,0.88,0.88,Matches
187,Edu Expósito,es ESP,MF,Espanyol,27,1996,19,12,"1,045",11.6,0,0.17,0.17,0,0,0,0.26,0,0.09,0.09,0.28,0.36,1.98,5.52,3.53,0,0.17,0.17,0,0.17,0.09,0.27,0.36,0.09,0.36,Matches
188,Abde Ezzalzouli,ma MAR,"FW,MF",Betis,22,2001,32,23,"1,984",22,0.09,0.09,0.18,0.09,0,0.05,0.09,0,0.36,0.33,0.09,0.42,5.32,3.09,9.77,0.09,0.09,0.18,0.09,0.18,0.36,0.09,0.46,0.33,0.42,Matches
189,Ansu Fati,es ESP,FW,Barcelona,21,2002,6,3,233,2.6,0,0,0,0,0,0,0.38,0,0.38,0.38,0.08,0.42,2.69,2.31,12.3,0,0,0,0,0,0.38,0.06,0.44,0.38,0.44,Matches
190,Nabil Fekir,fr FRA,MF,Betis,31,1993,2,2,180,2,0,0.5,0.5,0,0,0,0,0,0.35,0.35,0.25,0.6,4.5,5,9,0,0.5,0.5,0,0.5,0.34,0.26,0.61,0.34,0.61,Matches
191,Kiko Femenía,es ESP,DF,Villarreal,33,1991,28,27,"2,227",24.7,0,0.04,0.04,0,0,0,0.28,0,0.02,0.02,0.05,0.07,2.11,4.53,1.78,0,0.04,0.04,0,0.04,0.01,0.05,0.07,0.01,0.07,Matches
192,Aitor Fernández,es ESP,GK,Osasuna,33,1991,1,1,90,1,0,0,0,0,0,0,0,0,0,0,0,0,0,0,0,0,0,0,0,0,0,0,0,0,0,Matches
193,Álvaro Fernández,es ESP,GK,Sevilla,26,1998,9,8,747,8.3,0,0,0,0,0,0,0.24,0,0,0,0.01,0.01,0,0,0,0,0,0,0,0,0,0.02,0.02,0,0.02,Matches
194,Pelayo Fernandez,es ESP,DF,Rayo Vallecano,21,2003,2,1,98,1.1,0,0,0,0,0,0,0.91,0,0,0,0,0,0,0.91,0,0,0,0,0,0,0,0,0,0,0,Matches
195,Roberto Férnandez,es ESP,FW,Espanyol,22,2002,19,18,"1,497",16.6,0.36,0,0.36,0.36,0,0,0.06,0,0.22,0.22,0.04,0.25,0.42,1.02,3.01,0.36,0,0.36,0.36,0.36,0.21,0.04,0.25,0.21,0.25,Matches
196,Valery Fernández,es ESP,"MF,FW",Mallorca,24,1999,18,1,309,3.4,0.59,0,0.59,0.59,0,0,0.29,0,0.24,0.24,0,0.26,0.59,1.47,4.12,0.58,0,0.58,0.58,0.58,0.24,0.01,0.25,0.24,0.25,Matches
197,André Ferreira,pt POR,GK,Valladolid,28,1996,6,6,540,6,0,0,0,0,0,0,0,0,0,0,0,0,0,0,0,0,0,0,0,0,0,0,0,0,0,Matches
198,Mateo Flores,es ESP,MF,Betis,20,2004,6,1,153,1.7,0,0,0,0,0,0,0.59,0,0,0,0,0,0,5.29,1.18,0,0,0,0,0,0,0,0,0,0,Matches
199,Pablo Fornals,es ESP,"MF,FW",Betis,28,1996,26,22,"1,827",20.3,0.1,0,0.1,0.1,0,0,0.1,0,0.09,0.09,0.16,0.25,1.58,7.19,4.19,0.1,0,0.1,0.1,0.1,0.09,0.16,0.25,0.09,0.25,Matches
200,Héctor Fort,es ESP,DF,Barcelona,17,2006,17,5,585,6.5,0,0,0,0,0,0,0.31,0,0.03,0.03,0.14,0.17,2.15,4,5.08,0,0,0,0,0,0.04,0.13,0.17,0.04,0.17,Matches
201,Dimitri Foulquier,fr FRA,DF,Valencia,31,1993,32,25,"2,299",25.5,0,0.04,0.04,0,0,0,0.24,0,0.02,0.02,0.05,0.07,1.88,3.8,2.59,0,0.04,0.04,0,0.04,0.02,0.05,0.07,0.02,0.07,Matches
202,Juan Foyth,ar ARG,DF,Villarreal,26,1998,19,17,"1,517",16.9,0.06,0,0.06,0.06,0,0,0.24,0,0.14,0.14,0.02,0.17,0.77,3.85,0.65,0.06,0,0.06,0.06,0.06,0.14,0.02,0.16,0.14,0.16,Matches
203,Fran,es ESP,GK,Real Madrid,19,2005,1,1,90,1,0,0,0,0,0,0,0,0,0,0,0,0,0,0,0,0,0,0,0,0,0,0,0,0,0,Matches
204,Alejandro Francés,es ESP,DF,Girona,21,2002,18,13,"1,173",13,0,0,0,0,0,0,0.15,0,0.02,0.02,0.02,0.05,1.38,4.85,1.62,0,0,0,0,0,0.02,0.03,0.04,0.02,0.04,Matches
205,Enric Franquesa,es ESP,"DF,FW",Leganés,27,1997,12,7,616,6.8,0.15,0,0.15,0.15,0,0,0.15,0,0.04,0.04,0.01,0.06,1.62,1.76,4.41,0.15,0,0.15,0.15,0.15,0.04,0.02,0.06,0.04,0.06,Matches
206,Jorge de Frutos,es ESP,"FW,MF",Rayo Vallecano,27,1997,36,30,"2,495",27.7,0.22,0.11,0.32,0.22,0,0,0.11,0.04,0.23,0.23,0.12,0.35,2.78,1.59,7.26,0.22,0.11,0.32,0.22,0.32,0.23,0.12,0.35,0.23,0.35,Matches
207,Darío Fuentes,es ESP,DF,Sevilla,21,2003,1,0,5,0.1,0,0,0,0,0,0,10,0,0,0,0,0,0,0,0,0,0,0,0,0,0,0,0,0,0,Matches
208,Manuel Fuster,es ESP,"FW,MF",Las Palmas,26,1997,28,8,"1,003",11.1,0.18,0.09,0.27,0.18,0,0,0.18,0,0.06,0.06,0.16,0.23,2.07,6.4,6.76,0.18,0.09,0.27,0.18,0.27,0.07,0.16,0.23,0.07,0.23,Matches
209,Javi Galán,es ESP,DF,Atlético Madrid,29,1994,25,21,"1,784",19.8,0,0.15,0.15,0,0,0,0.4,0,0.01,0.01,0.2,0.21,2.63,2.73,5.4,0,0.15,0.15,0,0.15,0.01,0.19,0.2,0.01,0.2,Matches
210,Iñigo Ruiz de Galarreta,es ESP,MF,Athletic Club,30,1993,26,18,"1,477",16.4,0,0.24,0.24,0,0,0,0.3,0,0.03,0.03,0.18,0.21,1.65,8.35,2.38,0,0.24,0.24,0,0.24,0.03,0.18,0.21,0.03,0.21,Matches
211,Conor Gallagher,eng ENG,MF,Atlético Madrid,24,2000,32,19,"1,633",18.1,0.17,0.17,0.33,0.17,0,0,0.11,0,0.15,0.15,0.07,0.22,1.33,3.54,3.54,0.17,0.17,0.33,0.17,0.33,0.15,0.06,0.22,0.15,0.22,Matches
212,Facundo Garcés,ar ARG,DF,Alavés,24,1999,10,7,678,7.5,0,0,0,0,0,0,0.27,0,0.01,0.01,0.11,0.12,0.4,1.6,0.4,0,0,0,0,0,0.01,0.11,0.12,0.01,0.12,Matches
213,Álvaro García,es ESP,"FW,MF",Rayo Vallecano,31,1992,36,28,"2,559",28.4,0.14,0.18,0.32,0.14,0,0,0.14,0,0.27,0.27,0.18,0.44,2.39,2.5,8.63,0.14,0.18,0.32,0.14,0.32,0.27,0.18,0.44,0.27,0.44,Matches
214,Eric García,es ESP,"DF,MF",Barcelona,23,2001,29,14,"1,566",17.4,0.11,0.17,0.29,0.11,0,0,0.23,0,0.13,0.13,0.05,0.18,1.03,6.26,1.26,0.11,0.17,0.29,0.11,0.29,0.13,0.05,0.18,0.13,0.18,Matches
215,Fran Garcia,es ESP,DF,Real Madrid,24,1999,31,24,"2,171",24.1,0,0.08,0.08,0,0,0,0,0,0.04,0.04,0.07,0.11,3.24,4.94,7.34,0,0.08,0.08,0,0.08,0.04,0.08,0.11,0.04,0.11,Matches
216,Gonzalo García,es ESP,"FW,DF",Real Madrid,20,2004,3,0,56,0.6,0,1.67,1.67,0,0,0,0,0,0.83,0.83,1.67,2.5,0,0,5,0,1.61,1.61,0,1.61,0.79,1.56,2.35,0.79,2.35,Matches
217,Joan García,es ESP,GK,Espanyol,23,2001,38,38,"3,420",38,0,0,0,0,0,0,0.05,0,0,0,0,0,0,0.03,0,0,0,0,0,0,0,0,0,0,0,Matches
218,Pablo Garcia,es ESP,FW,Betis,17,2006,3,0,38,0.4,0,0,0,0,0,0,0,0,0,0,0,0,5,0,20,0,0,0,0,0,0,0,0,0,0,Matches
219,Rubén García,es ESP,"FW,MF",Osasuna,31,1993,36,30,"2,413",26.8,0.19,0.19,0.37,0.19,0,0,0.07,0,0.12,0.12,0.13,0.25,1.38,4.18,5.86,0.19,0.19,0.37,0.19,0.37,0.12,0.13,0.25,0.12,0.25,Matches
220,Unai García,es ESP,DF,Osasuna,32,1992,3,1,65,0.7,0,0,0,0,0,0,0,0,0,0,0,0,0,4.29,0,0,0,0,0,0,0,0,0,0,0,Matches
221,Yarek Gasiorowski,es ESP,DF,Valencia,19,2005,15,9,947,10.5,0,0,0,0,0,0,0.1,0,0.1,0.1,0.01,0.11,0.86,3.62,0,0,0,0,0,0,0.11,0.01,0.12,0.11,0.12,Matches
222,Gavi,es ESP,"MF,FW",Barcelona,19,2004,26,14,"1,085",12.1,0.08,0.08,0.17,0.08,0,0,0.33,0,0.07,0.07,0.13,0.2,1.07,6.36,3.47,0.08,0.08,0.17,0.08,0.17,0.07,0.13,0.2,0.07,0.2,Matches
223,Paulo Gazzaniga,ar ARG,GK,Girona,32,1992,36,36,"3,195",35.5,0,0,0,0,0,0,0.11,0,0,0,0,0,0,0,0,0,0,0,0,0,0,0,0,0,0,Matches
224,Bryan Gil,es ESP,"FW,MF",Girona,23,2001,25,21,"1,721",19.1,0.16,0.16,0.31,0.16,0,0,0.21,0,0.12,0.12,0.15,0.27,3.98,3.87,11,0.16,0.16,0.31,0.16,0.31,0.12,0.15,0.27,0.12,0.27,Matches
225,Dani Gómez,es ESP,FW,Valencia,26,1998,14,5,532,5.9,0.34,0,0.34,0.34,0,0,0,0,0.46,0.46,0,0.46,0.51,1.02,4.07,0.34,0,0.34,0.34,0.34,0.46,0.01,0.46,0.46,0.46,Matches
226,Moi Gómez,es ESP,"MF,FW",Osasuna,30,1994,26,6,796,8.8,0,0,0,0,0,0,0.11,0,0.06,0.06,0.09,0.14,1.48,5.57,1.82,0,0,0,0,0,0.05,0.08,0.14,0.05,0.14,Matches
227,Sergi Gómez,es ESP,DF,Espanyol,32,1992,12,6,664,7.4,0,0,0,0,0,0,0.14,0,0.04,0.04,0,0.04,0,1.08,0.14,0,0,0,0,0,0.04,0,0.04,0.04,0.04,Matches
228,Sergio Gómez,es ESP,"MF,DF",Real Sociedad,23,2000,37,31,"2,738",30.4,0.07,0.16,0.23,0.07,0,0,0.13,0,0.06,0.06,0.29,0.36,1.41,3.06,5.07,0.07,0.16,0.23,0.07,0.23,0.06,0.29,0.35,0.06,0.35,Matches
229,Unai Gómez,es ESP,"MF,FW",Athletic Club,21,2003,32,14,"1,284",14.3,0.07,0.21,0.28,0.07,0,0,0.07,0,0.13,0.13,0.06,0.19,1.33,1.61,3.43,0.07,0.21,0.28,0.07,0.28,0.13,0.06,0.19,0.13,0.19,Matches
230,Fabio González,es ESP,MF,Las Palmas,27,1997,2,0,53,0.6,0,0,0,0,0,0,0,0,0.17,0.17,0,0.17,0,10,0,0,0,0,0,0,0.12,0,0.12,0.12,0.12,Matches
231,Peter González,do DOM,"MF,FW",Getafe,22,2002,17,2,477,5.3,0,0,0,0,0,0,0.19,0,0.25,0.25,0.02,0.26,1.51,1.13,6.23,0,0,0,0,0,0.24,0.02,0.26,0.24,0.26,Matches
232,Urko González,es ESP,MF,Espanyol,23,2001,17,16,"1,374",15.3,0,0.13,0.13,0,0,0,0.13,0,0.03,0.03,0.05,0.08,1.18,4.05,0.52,0,0.13,0.13,0,0.13,0.04,0.05,0.08,0.04,0.08,Matches
233,Urko González,es ESP,MF,Real Sociedad,23,2001,1,1,45,0.5,0,0,0,0,0,0,2,0,0,0,0,0,0,2,0,0,0,0,0,0,0,0,0,0,0,Matches
234,Andoni Gorosabel,es ESP,DF,Athletic Club,27,1996,20,17,"1,485",16.5,0,0.12,0.12,0,0,0,0.3,0,0.02,0.02,0.11,0.13,1.03,3.09,3.58,0,0.12,0.12,0,0.12,0.02,0.11,0.13,0.02,0.13,Matches
235,José Gragera,es ESP,MF,Espanyol,23,2000,10,7,569,6.3,0,0,0,0,0,0,0,0,0,0,0,0.02,0.16,2.22,0.48,0,0,0,0,0,0.01,0,0.01,0.01,0.01,Matches
236,Dominik Greif,sk SVK,GK,Mallorca,27,1997,31,31,"2,790",31,0,0,0,0,0,0,0.03,0,0,0,0,0,0,0,0,0,0,0,0,0,0,0,0,0,0,Matches
237,Antoine Griezmann,fr FRA,"FW,MF",Atlético Madrid,33,1991,38,29,"2,469",27.4,0.29,0.26,0.55,0.26,0.04,0.07,0.07,0,0.27,0.22,0.26,0.47,1.68,5.22,6.46,0.29,0.26,0.55,0.26,0.51,0.27,0.26,0.53,0.21,0.47,Matches
238,Florian Grillitsch,at AUT,MF,Valladolid,28,1995,13,7,623,6.9,0,0,0,0,0,0,0.14,0,0.01,0.01,0.1,0.12,1.3,5.51,1.01,0,0,0,0,0,0.01,0.1,0.11,0.01,0.11,Matches
239,Vicente Guaita,es ESP,GK,Celta Vigo,37,1987,34,34,"3,060",34,0,0,0,0,0,0,0,0,0,0,0,0,0,0.03,0,0,0,0,0,0,0,0,0,0,0,Matches
240,Sergi Guardiola,es ESP,FW,Rayo Vallecano,33,1991,16,1,362,4,0,0,0,0,0,0,0.25,0,0.6,0.6,0.03,0.63,0.5,0.75,5.5,0,0,0,0,0,0.59,0.03,0.62,0.59,0.62,Matches
241,Nemanja Gudelj,rs SRB,"MF,DF",Sevilla,32,1991,31,27,"2,493",27.7,0.04,0.04,0.07,0,0.04,0.04,0.22,0,0.06,0.03,0.02,0.05,0.51,2.31,0.18,0.04,0.04,0.07,0,0.04,0.06,0.02,0.08,0.03,0.05,Matches
242,Javier Guerra,es ESP,MF,Valencia,21,2003,36,31,"2,581",28.7,0.1,0.1,0.21,0.1,0,0,0.17,0,0.08,0.08,0.11,0.19,1.74,4.77,2.93,0.1,0.1,0.21,0.1,0.21,0.08,0.11,0.19,0.08,0.19,Matches
243,Ander Guevara,es ESP,MF,Alavés,27,1997,33,20,"1,947",21.6,0,0.05,0.05,0,0,0,0.14,0,0.04,0.04,0.03,0.07,0.65,5.19,0.88,0,0.05,0.05,0,0.05,0.04,0.03,0.07,0.04,0.07,Matches
244,Pape Gueye,sn SEN,MF,Villarreal,25,1999,34,26,"2,224",24.7,0.16,0,0.16,0.16,0,0,0.24,0.08,0.14,0.14,0.04,0.18,1.46,6.32,2.79,0.16,0,0.16,0.16,0.16,0.14,0.04,0.18,0.14,0.18,Matches
245,Hugo Guillamón,es ESP,MF,Valencia,24,2000,12,4,364,4,0,0,0,0,0,0,0.5,0,0.03,0.03,0,0.03,0,3.75,1.25,0,0,0,0,0,0.02,0.01,0.03,0.02,0.03,Matches
246,Carlos Guirao,es ESP,MF,Betis,21,2003,2,2,110,1.2,0,0,0,0,0,0,0,0,0,0,0,0,0.83,1.67,1.67,0,0,0,0,0,0,0,0,0,0,Matches
247,Arda Güler,tr TUR,"MF,FW",Real Madrid,19,2005,28,14,"1,250",13.9,0.22,0.29,0.5,0.22,0,0,0.07,0,0.24,0.24,0.32,0.55,2.45,6.69,6.19,0.22,0.29,0.5,0.22,0.5,0.24,0.32,0.56,0.24,0.56,Matches
248,Gerard Gumbau,es ESP,MF,Rayo Vallecano,29,1994,22,7,849,9.4,0,0.11,0.11,0,0,0,0.43,0,0.12,0.12,0.14,0.26,0.21,4.36,2.23,0,0.11,0.11,0,0.11,0.11,0.14,0.26,0.11,0.26,Matches
249,Jon Guridi,es ESP,"MF,FW",Alavés,29,1995,33,27,"2,080",23.1,0.13,0.04,0.17,0.09,0.04,0.04,0.26,0,0.18,0.15,0.05,0.2,1.17,3.42,3.9,0.13,0.04,0.17,0.09,0.13,0.18,0.05,0.23,0.15,0.2,Matches
250,Gorka Guruzeta,es ESP,FW,Athletic Club,27,1996,36,21,"1,840",20.4,0.34,0.1,0.44,0.34,0,0,0.1,0,0.33,0.32,0.07,0.4,0.39,1.52,3.14,0.34,0.1,0.44,0.34,0.44,0.33,0.07,0.4,0.32,0.4,Matches
251,Miguel Gutiérrez,es ESP,"DF,MF",Girona,23,2001,29,29,"2,458",27.3,0.04,0.18,0.22,0.04,0,0,0.15,0,0.06,0.06,0.15,0.21,2.31,3.77,7.29,0.04,0.18,0.22,0.04,0.22,0.06,0.15,0.21,0.06,0.21,Matches
252,Munir El Haddadi,ma MAR,"FW,MF",Leganés,28,1995,25,10,862,9.6,0.42,0,0.42,0.42,0,0,0.1,0.1,0.17,0.17,0.08,0.24,1.15,3.02,4.38,0.42,0,0.42,0.42,0.42,0.16,0.08,0.24,0.16,0.24,Matches
253,Sébastien Haller,ci CIV,FW,Leganés,30,1994,8,5,404,4.5,0,0,0,0,0,0,0,0,0.09,0.09,0.04,0.13,0.67,0.89,3.11,0,0,0,0,0,0.09,0.05,0.13,0.09,0.13,Matches
254,Henrique,br BRA,DF,Valladolid,30,1994,5,4,352,3.9,0,0,0,0,0,0,0,0,0,0,0,0.03,0.51,3.08,1.03,0,0,0,0,0,0.01,0.01,0.01,0.01,0.01,Matches
255,Javi Hernández,es ESP,DF,Leganés,26,1998,31,27,"2,389",26.5,0.08,0.04,0.11,0.08,0,0,0.23,0,0.03,0.03,0.06,0.08,1.51,3.02,3.4,0.08,0.04,0.11,0.08,0.11,0.03,0.06,0.08,0.03,0.08,Matches
256,Aridane Hernández,es ESP,DF,Rayo Vallecano,35,1989,14,11,"1,025",11.4,0,0,0,0,0,0,0.09,0,0.08,0.08,0,0.09,0.18,3.33,0,0,0,0,0,0,0.08,0,0.08,0.08,0.08,Matches
257,Jorge Herrando,es ESP,DF,Osasuna,23,2001,18,15,"1,366",15.2,0.07,0,0.07,0.07,0,0,0.2,0,0.08,0.08,0,0.08,0.46,2.5,0.07,0.07,0,0.07,0.07,0.07,0.08,0,0.08,0.08,0.08,Matches
258,Ander Herrera,es ESP,MF,Athletic Club,34,1989,8,2,273,3,0,0,0,0,0,0.33,0.67,0,0.57,0.3,0.03,0.37,0.67,5.33,1.67,0,0,0,0,0,0.57,0.04,0.61,0.31,0.35,Matches
259,Sergio Herrera,es ESP,GK,Osasuna,31,1993,37,37,"3,330",37,0,0,0,0,0,0,0.14,0,0,0,0,0,0,0.05,0,0,0,0,0,0,0,0,0,0,0,Matches
260,Yangel Herrera,ve VEN,MF,Girona,26,1998,29,27,"2,257",25.1,0.16,0.12,0.28,0.16,0,0,0.4,0.04,0.14,0.14,0.06,0.2,1.24,4.38,3.94,0.16,0.12,0.28,0.16,0.28,0.14,0.06,0.2,0.14,0.2,Matches
261,Juan Herzog,es ESP,DF,Las Palmas,21,2003,19,15,"1,315",14.6,0,0,0,0,0,0,0.07,0,0.06,0.06,0,0.06,0,1.85,0.07,0,0,0,0,0,0.06,0,0.06,0.06,0.06,Matches
262,Omar El Hilali,ma MAR,DF,Espanyol,20,2003,36,36,"3,153",35,0,0.06,0.06,0,0,0,0.31,0,0,0,0.02,0.03,1,2.4,1.74,0,0.06,0.06,0,0.06,0,0.02,0.02,0,0.02,Matches
263,Roger Hinojo,es ESP,DF,Espanyol,19,2005,1,0,9,0.1,0,0,0,0,0,0,0,0,0,0,0,0,10,0,20,0,0,0,0,0,0,0,0,0,0,Matches
264,Dinko Horkaš,hr CRO,GK,Las Palmas,25,1999,13,11,"1,085",12.1,0,0,0,0,0,0,0.08,0,0,0,0,0,0,0.17,0,0,0,0,0,0,0,0,0,0,0,Matches
265,Pablo Ibáñez,es ESP,MF,Osasuna,25,1998,28,13,"1,294",14.4,0.07,0.07,0.14,0.07,0,0,0.28,0,0.11,0.11,0.11,0.22,1.46,3.54,2.15,0.07,0.07,0.14,0.07,0.14,0.11,0.11,0.22,0.11,0.22,Matches
266,Stanis Idumbo,be BEL,"FW,MF",Sevilla,19,2005,14,3,284,3.2,0.31,0.31,0.63,0.31,0,0,0,0,0.19,0.19,0.22,0.41,3.13,2.5,6.25,0.32,0.32,0.63,0.32,0.63,0.2,0.23,0.42,0.2,0.42,Matches
267,Iglesias,es ESP,DF,Getafe,26,1998,37,32,"2,888",32.1,0,0.03,0.03,0,0,0,0.12,0,0.05,0.05,0.07,0.12,1,2.62,2.09,0,0.03,0.03,0,0.03,0.05,0.07,0.12,0.05,0.12,Matches
268,Borja Iglesias,es ESP,FW,Celta Vigo,31,1993,37,24,"1,952",21.7,0.51,0.14,0.65,0.51,0,0,0.09,0,0.43,0.43,0.15,0.58,1.01,1.29,4.98,0.51,0.14,0.65,0.51,0.65,0.43,0.15,0.58,0.43,0.58,Matches
269,Kelechi Iheanacho,ng NGA,FW,Sevilla,27,1996,9,5,400,4.4,0,0,0,0,0,0,0,0,0.34,0.34,0.07,0.41,1.36,1.14,3.86,0,0,0,0,0,0.33,0.07,0.41,0.33,0.41,Matches
270,Isco,es ESP,MF,Betis,32,1992,22,17,"1,547",17.2,0.52,0.47,0.99,0.23,0.29,0.35,0.29,0,0.5,0.23,0.26,0.48,2.21,8.84,6.51,0.52,0.47,0.99,0.23,0.7,0.5,0.25,0.76,0.22,0.48,Matches
271,Diego Iturralde,es ESP,FW,Sevilla,21,2003,1,1,37,0.4,0,0,0,0,0,0,0,0,0.25,0.25,0,0.25,0,0,2.5,0,0,0,0,0,0.21,0,0.21,0.21,0.21,Matches
272,Ivan Jaime Pajuelo,es ESP,MF,Valencia,23,2000,9,2,297,3.3,0,0,0,0,0,0,0,0,0.18,0.18,0.09,0.3,2.42,4.55,4.24,0,0,0,0,0,0.19,0.1,0.3,0.19,0.3,Matches
273,Karl Jakob Hein,ee EST,GK,Valladolid,22,2002,31,31,"2,790",31,0,0,0,0,0,0,0,0,0,0,0,0,0,0,0,0,0,0,0,0,0,0,0,0,0,Matches
274,Adnan Januzaj,be BEL,"MF,FW",Las Palmas,29,1995,18,5,598,6.6,0.3,0.15,0.45,0.3,0,0,0.76,0,0.12,0.12,0.17,0.29,3.64,6.21,8.79,0.3,0.15,0.45,0.3,0.45,0.13,0.16,0.29,0.13,0.29,Matches
275,Mikel Jauregizar,es ESP,MF,Athletic Club,20,2003,34,25,"2,244",24.9,0.08,0.04,0.12,0.08,0,0,0.16,0.04,0.04,0.04,0.06,0.1,0.56,4.74,1.24,0.08,0.04,0.12,0.08,0.12,0.04,0.06,0.1,0.04,0.1,Matches
276,John Joe,ie IRL,"MF,FW",Getafe,20,2003,4,0,48,0.5,0,0,0,0,0,0,2,0,0.2,0.2,0,0.2,2,0,12,0,0,0,0,0,0.26,0,0.26,0.26,0.26,Matches
277,Jofre,es ESP,"MF,FW",Espanyol,23,2001,37,26,"2,165",24.1,0.12,0.12,0.25,0.12,0,0,0.21,0,0.1,0.1,0.1,0.21,2.7,1.99,6.47,0.12,0.12,0.25,0.12,0.25,0.11,0.1,0.21,0.11,0.21,Matches
278,Frenkie de Jong,nl NED,MF,Barcelona,27,1997,26,9,"1,143",12.7,0.16,0.16,0.31,0.16,0,0,0.24,0,0.06,0.06,0.16,0.2,2.83,9.45,1.89,0.16,0.16,0.31,0.16,0.31,0.05,0.16,0.21,0.05,0.21,Matches
279,Joan Jordán,es ESP,MF,Alavés,30,1994,25,15,"1,414",15.7,0.32,0.13,0.45,0.13,0.19,0.25,0.25,0,0.31,0.1,0.15,0.25,0.45,6.62,2.23,0.32,0.13,0.45,0.13,0.25,0.3,0.15,0.45,0.1,0.25,Matches
280,Juanmi,es ESP,"FW,MF",Getafe,31,1993,13,8,696,7.7,0,0,0,0,0,0,0.26,0,0.38,0.38,0.04,0.42,0.78,1.04,3.64,0,0,0,0,0,0.37,0.04,0.41,0.37,0.41,Matches
281,Juanmi,es ESP,"FW,MF",Betis,31,1993,11,2,244,2.7,0,0,0,0,0,0,0.74,0,0.26,0.26,0.15,0.37,1.48,1.48,6.67,0,0,0,0,0,0.25,0.14,0.39,0.25,0.39,Matches
282,Juanpe,es ESP,DF,Girona,33,1991,12,8,727,8.1,0,0,0,0,0,0,0.25,0,0.01,0.01,0.02,0.02,0.25,3.21,0,0,0,0,0,0,0.01,0.02,0.03,0.01,0.03,Matches
283,Luiz Lúcio Reis Júnior,br BRA,GK,Villarreal,23,2001,17,16,"1,458",16.2,0,0,0,0,0,0,0.12,0,0,0,0,0,0,0,0,0,0,0,0,0,0,0,0,0,0,Matches
284,Vinicius Júnior,br BRA,FW,Real Madrid,24,2000,30,24,"2,253",25,0.44,0.32,0.76,0.36,0.08,0.12,0.32,0.04,0.42,0.33,0.32,0.65,6.76,3.4,10.2,0.44,0.32,0.76,0.36,0.68,0.41,0.32,0.73,0.33,0.65,Matches
285,Stanko Jurić,hr CRO,MF,Valladolid,27,1996,26,19,"1,729",19.2,0,0,0,0,0,0,0.36,0.05,0.04,0.04,0.03,0.07,0.26,2.97,0.42,0,0,0,0,0,0.04,0.02,0.07,0.04,0.07,Matches
286,Willy Kambwala,fr FRA,DF,Villarreal,19,2004,19,12,"1,117",12.4,0,0,0,0,0,0,0.08,0.08,0.02,0.02,0.01,0.04,0.16,1.29,0,0,0,0,0,0,0.03,0.01,0.04,0.03,0.04,Matches
287,Abdoulaye Keita,es ESP,"FW,MF",Getafe,21,2002,3,1,95,1.1,0,0,0,0,0,0,0,0,0,0,0,0,0.91,1.82,3.64,0,0,0,0,0,0.05,0,0.05,0.05,0.05,Matches
288,Kenedy,br BRA,"MF,FW",Valladolid,28,1996,2,0,9,0.1,0,0,0,0,0,0,0,0,0,0,0,0,10,0,20,0,0,0,0,0,0.29,0,0.29,0.29,0.29,Matches
289,Kiké,es ESP,FW,Alavés,34,1989,35,29,"2,542",28.2,0.46,0,0.46,0.35,0.11,0.11,0.18,0.04,0.34,0.26,0.03,0.29,0.89,1.77,5.6,0.46,0,0.46,0.35,0.35,0.34,0.03,0.37,0.26,0.29,Matches
290,Koke,es ESP,MF,Atlético Madrid,32,1992,32,20,"1,926",21.4,0.05,0.05,0.09,0.05,0,0,0.19,0,0.05,0.05,0.07,0.12,1.03,6.17,0.84,0.05,0.05,0.09,0.05,0.09,0.05,0.07,0.12,0.05,0.12,Matches
291,Jules Koundé,fr FRA,DF,Barcelona,25,1998,32,29,"2,605",28.9,0.07,0.1,0.17,0.07,0,0,0.14,0,0.06,0.06,0.13,0.2,1.52,5.71,6.57,0.07,0.1,0.17,0.07,0.17,0.06,0.13,0.2,0.06,0.2,Matches
292,Alex Král,cz CZE,MF,Espanyol,26,1998,37,29,"2,714",30.2,0,0.03,0.03,0,0,0,0.03,0,0.05,0.05,0.05,0.1,1.62,2.58,2.62,0,0.03,0.03,0,0.03,0.05,0.05,0.1,0.05,0.1,Matches
293,Ladislav Krejčí,cz CZE,DF,Girona,25,1999,28,27,"2,440",27.1,0.07,0,0.07,0.07,0,0,0.33,0,0.06,0.06,0.01,0.07,1.07,5.31,0.22,0.07,0,0.07,0.07,0.07,0.06,0.01,0.07,0.06,0.07,Matches
294,Takefusa Kubo,jp JPN,"MF,FW",Real Sociedad,23,2001,36,27,"2,372",26.4,0.19,0,0.19,0.19,0,0,0.19,0,0.14,0.14,0.17,0.3,5.04,4.17,8.26,0.19,0,0.19,0.19,0.19,0.14,0.17,0.31,0.14,0.31,Matches
295,Marash Kumbulla,al ALB,DF,Espanyol,24,2000,35,34,"2,972",33,0.09,0,0.09,0.09,0,0,0.27,0,0.05,0.05,0,0.06,0.33,2.15,0.09,0.09,0,0.09,0.09,0.09,0.05,0,0.06,0.05,0.06,Matches
296,Luca de la Torre,us USA,MF,Celta Vigo,26,1998,1,0,4,0,0,0,0,0,0,0,0,0,0,0,0,0,0,0,0,0,0,0,0,0,0,0,0,0,0,Matches
297,Yoel Lago,es ESP,DF,Celta Vigo,20,2004,8,7,583,6.5,0,0.15,0.15,0,0,0,0.31,0,0,0,0.02,0.02,0.15,4.77,0,0,0.15,0.15,0,0.15,0,0.02,0.02,0,0.02,Matches
298,Cyle Larin,ca CAN,FW,Mallorca,29,1995,32,21,"1,764",19.6,0.36,0.1,0.46,0.31,0.05,0.05,0.2,0,0.35,0.31,0.07,0.38,1.02,1.02,4.85,0.36,0.1,0.46,0.31,0.41,0.35,0.07,0.42,0.31,0.38,Matches
299,Juanmi Latasa,es ESP,FW,Valladolid,23,2001,28,14,"1,398",15.5,0.19,0,0.19,0.19,0,0,0.39,0.06,0.27,0.27,0.06,0.33,0.19,1.1,2.58,0.19,0,0.19,0.19,0.19,0.27,0.06,0.33,0.27,0.33,Matches
300,Toni Lato,es ESP,DF,Mallorca,26,1997,14,7,621,6.9,0,0,0,0,0,0,0.14,0.14,0,0,0.06,0.06,2.17,3.77,5.07,0,0,0,0,0,0,0.06,0.06,0,0.06,Matches
301,Robin Le Normand,es ESP,DF,Atlético Madrid,27,1996,27,24,"2,151",23.9,0.04,0,0.04,0.04,0,0,0.33,0,0.06,0.06,0.02,0.08,0.46,2.3,0.25,0.04,0,0.04,0.04,0.04,0.06,0.02,0.08,0.06,0.08,Matches
302,Florian Lejeune,fr FRA,DF,Rayo Vallecano,33,1991,37,37,"3,325",36.9,0.05,0.08,0.14,0.05,0,0,0.22,0,0.1,0.1,0.05,0.15,0.57,3.88,0.14,0.05,0.08,0.14,0.05,0.14,0.1,0.05,0.15,0.1,0.15,Matches
303,Iñigo Lekue,es ESP,DF,Athletic Club,31,1993,16,8,773,8.6,0,0,0,0,0,0,0.12,0,0.02,0.02,0.06,0.08,1.51,4.07,2.44,0,0,0,0,0,0.02,0.06,0.08,0.02,0.08,Matches
304,Thomas Lemar,fr FRA,MF,Atlético Madrid,28,1995,5,0,85,0.9,0,0,0,0,0,0,0,0,0.33,0.33,0.22,0.56,1.11,8.89,4.44,0,0,0,0,0,0.3,0.2,0.5,0.3,0.5,Matches
305,Clément Lenglet,fr FRA,DF,Atlético Madrid,29,1995,23,23,"1,972",21.9,0.09,0.05,0.14,0.09,0,0,0.41,0,0.11,0.11,0.05,0.16,0.73,3.61,0.05,0.09,0.05,0.14,0.09,0.14,0.11,0.05,0.16,0.11,0.16,Matches
306,Robert Lewandowski,pl POL,FW,Barcelona,35,1988,34,32,"2,667",29.6,0.91,0.07,0.98,0.81,0.1,0.14,0.03,0,0.92,0.81,0.08,0.89,0.91,1.62,5.54,0.91,0.07,0.98,0.81,0.88,0.92,0.08,0.99,0.81,0.89,Matches
307,Samuel Lino,br BRA,"MF,DF",Atlético Madrid,24,1999,31,21,"1,552",17.2,0.17,0.23,0.41,0.17,0,0,0.17,0,0.35,0.35,0.17,0.52,4.19,4.24,10.4,0.17,0.23,0.41,0.17,0.41,0.35,0.17,0.52,0.35,0.52,Matches
308,Javier Llabrés,es ESP,FW,Mallorca,21,2002,1,1,57,0.6,0,0,0,0,0,0,0,0,0,0,0.17,0.17,5,5,13.3,0,0,0,0,0,0.08,0.14,0.21,0.08,0.21,Matches
309,Diego Llorente,es ESP,DF,Betis,30,1993,30,29,"2,519",28,0.07,0,0.07,0.07,0,0,0.14,0,0.05,0.05,0.01,0.06,0.25,2.89,0.11,0.07,0,0.07,0.07,0.07,0.05,0.01,0.06,0.05,0.06,Matches
310,Marcos Llorente,es ESP,"DF,MF",Atlético Madrid,29,1995,33,28,"2,513",27.9,0.07,0.14,0.22,0.07,0,0,0,0.04,0.03,0.03,0.15,0.18,2.94,3.98,5.41,0.07,0.14,0.21,0.07,0.21,0.03,0.16,0.18,0.03,0.18,Matches
311,Giovani Lo Celso,ar ARG,"MF,FW",Betis,28,1996,25,15,"1,457",16.2,0.49,0.19,0.68,0.37,0.12,0.19,0.25,0,0.3,0.15,0.3,0.45,1.6,8.15,4.07,0.49,0.19,0.68,0.37,0.56,0.29,0.3,0.59,0.15,0.45,Matches
312,Enzo Loiodice,fr FRA,MF,Las Palmas,23,2000,17,7,684,7.6,0,0,0,0,0,0,0.39,0,0.04,0.04,0.03,0.05,0.39,4.08,0.39,0,0,0,0,0,0.04,0.02,0.06,0.04,0.06,Matches
313,David López,es ESP,DF,Mallorca,21,2003,2,2,169,1.9,0,0,0,0,0,0,0,0,0,0,0,0,0,2.11,0,0,0,0,0,0,0,0,0,0,0,Matches
314,David López,es ESP,DF,Girona,34,1989,29,27,"2,429",27,0.04,0.04,0.07,0.04,0,0,0.15,0,0.03,0.03,0.02,0.06,0.63,4.89,0.26,0.04,0.04,0.07,0.04,0.07,0.03,0.02,0.06,0.03,0.06,Matches
315,Diego López,es ESP,"MF,FW",Valencia,22,2002,38,35,"2,737",30.4,0.26,0.16,0.43,0.26,0,0,0.1,0,0.22,0.22,0.16,0.38,2.5,2.8,7.2,0.26,0.16,0.43,0.26,0.43,0.22,0.17,0.38,0.22,0.38,Matches
316,Fer López,,"FW,MF",Celta Vigo,,,17,7,671,7.5,0.27,0,0.27,0.27,0,0,0.27,0,0.36,0.36,0.25,0.61,3.6,5.73,7.73,0.27,0,0.27,0.27,0.27,0.37,0.25,0.62,0.37,0.62,Matches
317,Fermin López,es ESP,"MF,FW",Barcelona,21,2003,28,12,"1,252",13.9,0.43,0.36,0.79,0.43,0,0,0.29,0.07,0.4,0.4,0.28,0.68,2.23,5.68,7.77,0.43,0.36,0.79,0.43,0.79,0.41,0.28,0.69,0.41,0.69,Matches
318,Javi López,es ESP,DF,Real Sociedad,22,2002,29,21,"1,936",21.5,0,0,0,0,0,0,0.19,0,0,0,0.02,0.02,1.67,3.4,2.98,0,0,0,0,0,0.01,0.02,0.03,0.01,0.03,Matches
319,Pau López,es ESP,GK,Girona,29,1994,1,0,45,0.5,0,0,0,0,0,0,0,0,0,0,0,0,0,0,0,0,0,0,0,0,0,0,0,0,0,Matches
320,Roberto López,es ESP,MF,Leganés,24,2000,13,3,396,4.4,0,0.23,0.23,0,0,0,0,0,0.11,0.11,0.2,0.32,0.68,4.55,2.5,0,0.23,0.23,0,0.23,0.11,0.2,0.31,0.11,0.31,Matches
321,Unai López,es ESP,MF,Rayo Vallecano,28,1995,32,23,"1,707",19,0.16,0.05,0.21,0.16,0,0,0.47,0.05,0.08,0.08,0.05,0.14,1.16,5.89,2.11,0.16,0.05,0.21,0.16,0.21,0.08,0.05,0.14,0.08,0.14,Matches
322,Iker Losada,es ESP,"FW,MF",Celta Vigo,22,2001,12,4,358,4,0.25,0,0.25,0.25,0,0,0.5,0,0.28,0.28,0.07,0.38,2.25,4.25,5.75,0.25,0,0.25,0.25,0.25,0.29,0.09,0.38,0.29,0.38,Matches
323,Iker Losada,es ESP,"MF,FW",Betis,22,2001,10,3,336,3.7,0,0,0,0,0,0,0,0,0.14,0.14,0.08,0.22,2.43,3.78,4.32,0,0,0,0,0,0.13,0.08,0.21,0.13,0.21,Matches
324,Pol Lozano,es ESP,MF,Espanyol,24,1999,30,27,"1,943",21.6,0,0.05,0.05,0,0,0,0.56,0,0.01,0.01,0.04,0.05,0.83,5.32,0.56,0,0.05,0.05,0,0.05,0.01,0.04,0.05,0.01,0.05,Matches
325,José Luis Gayà,es ESP,DF,Valencia,29,1995,23,22,"1,803",20,0,0.05,0.05,0,0,0,0.35,0,0.05,0.05,0.13,0.18,1.45,2.95,7.8,0,0.05,0.05,0,0.05,0.05,0.13,0.18,0.05,0.18,Matches
326,Dodi Lukebakio,be BEL,FW,Sevilla,26,1997,38,36,"3,092",34.4,0.32,0.06,0.38,0.29,0.03,0.03,0.09,0.03,0.29,0.27,0.13,0.4,3.81,2.7,7.18,0.32,0.06,0.38,0.29,0.35,0.29,0.13,0.42,0.27,0.4,Matches
327,Daniel Luna,co COL,MF,Mallorca,21,2003,2,0,20,0.2,0,0,0,0,0,0,0,0,0,0,0,0,5,0,10,0,0,0,0,0,0,0,0,0,0,Matches
328,Andriy Lunin,ua UKR,GK,Real Madrid,25,1999,7,7,630,7,0,0.14,0.14,0,0,0,0,0,0,0,0.13,0.13,0,0,0,0,0.14,0.14,0,0.14,0,0.13,0.13,0,0.13,Matches
329,Darwin Machís,ve VEN,"MF,FW",Valladolid,31,1993,18,7,639,7.1,0,0.14,0.14,0,0,0,0,0,0.13,0.13,0.07,0.2,2.39,2.68,6.06,0,0.14,0.14,0,0.14,0.12,0.07,0.2,0.12,0.2,Matches
330,Pablo Maffeo,es ESP,DF,Mallorca,27,1997,30,28,"2,368",26.3,0,0.08,0.08,0,0,0,0.27,0,0.01,0.01,0.16,0.17,1.75,2.81,4.64,0,0.08,0.08,0,0.08,0.01,0.16,0.17,0.01,0.17,Matches
331,Jon Magunazelaia,es ESP,MF,Real Sociedad,23,2001,2,0,7,0.1,0,0,0,0,0,0,0,0,0,0,0,0,0,10,0,0,0,0,0,0,0,0,0,0,0,Matches
332,Giorgi Mamardashvili,ge GEO,GK,Valencia,23,2000,34,34,"3,060",34,0,0,0,0,0,0,0.06,0,0,0,0,0,0.03,0,0,0,0,0,0,0,0,0,0,0,0,Matches
333,Reinildo Mandava,mz MOZ,DF,Atlético Madrid,30,1994,19,10,941,10.5,0,0,0,0,0,0,0.38,0,0.01,0.01,0.01,0.02,1.33,3.24,1.43,0,0,0,0,0,0.01,0.01,0.02,0.01,0.02,Matches
334,Javier Manquillo,es ESP,DF,Celta Vigo,30,1994,10,7,515,5.7,0,0,0,0,0,0,0.18,0,0,0,0,0,0.53,4.21,0.88,0,0,0,0,0,0,0,0,0,0,Matches
335,Marcão,br BRA,DF,Sevilla,28,1996,12,6,552,6.1,0,0,0,0,0,0,0.98,0.16,0,0,0,0,0,3.11,0.16,0,0,0,0,0,0,0,0,0,0,Matches
336,Óscar de Marcos,es ESP,DF,Athletic Club,35,1989,26,17,"1,564",17.4,0,0.23,0.23,0,0,0,0,0,0.06,0.06,0.15,0.21,1.49,5.86,4.48,0,0.23,0.23,0,0.23,0.06,0.15,0.21,0.06,0.21,Matches
337,Alberto Marí,es ESP,FW,Valencia,23,2001,1,0,7,0.1,0,0,0,0,0,0,0,0,0,0,0,0,0,10,20,0,0,0,0,0,0,0,0,0,0,Matches
338,José María Giménez,uy URU,DF,Atlético Madrid,29,1995,27,20,"1,999",22.2,0,0.05,0.05,0,0,0,0.23,0,0.02,0.02,0.01,0.03,0.14,2.88,0.05,0,0.05,0.05,0,0.05,0.02,0.01,0.03,0.02,0.03,Matches
339,Arkaitz Mariezkurrena,es ESP,"FW,MF",Real Sociedad,19,2005,9,1,241,2.7,0.74,0,0.74,0.74,0,0,0.37,0,0.37,0.37,0.04,0.41,1.11,1.48,4.44,0.75,0,0.75,0.75,0.75,0.36,0.06,0.41,0.36,0.41,Matches
340,Pablo Marín,es ESP,MF,Real Sociedad,21,2003,23,14,"1,239",13.8,0.07,0.14,0.22,0.07,0,0,0.22,0,0.1,0.1,0.07,0.17,1.45,3.26,3.41,0.07,0.15,0.22,0.07,0.22,0.1,0.07,0.17,0.1,0.17,Matches
341,Mika Mármol,es ESP,DF,Las Palmas,23,2001,30,27,"2,399",26.7,0,0.04,0.04,0,0,0,0.19,0,0.01,0.01,0.06,0.07,1.24,3.97,2.32,0,0.04,0.04,0,0.04,0.02,0.06,0.07,0.02,0.07,Matches
342,Mario Maroto,es ESP,MF,Valladolid,20,2003,2,0,64,0.7,0,1.43,1.43,0,0,0,0,0,0,0,0.14,0.14,0,2.86,0,0,1.41,1.41,0,1.41,0.02,0.09,0.12,0.02,0.12,Matches
343,Unai Marrero,es ESP,GK,Real Sociedad,22,2001,2,2,180,2,0,0,0,0,0,0,0,0,0,0,0,0,0,0,0,0,0,0,0,0,0,0,0,0,0,Matches
344,Carlos Martín,es ESP,"FW,MF",Alavés,22,2002,26,16,"1,333",14.8,0.14,0.14,0.27,0.14,0,0,0.2,0,0.16,0.16,0.18,0.34,0.88,1.42,4.53,0.14,0.14,0.27,0.14,0.27,0.15,0.19,0.34,0.15,0.34,Matches
345,Diego Martín,es ESP,FW,Las Palmas,20,2003,2,0,40,0.4,0,0,0,0,0,0,0,0,0,0,0,0,2.5,5,12.5,0,0,0,0,0,0.08,0,0.08,0.08,0.08,Matches
346,Gerard Martín,es ESP,DF,Barcelona,22,2002,28,11,"1,038",11.5,0.09,0.26,0.35,0.09,0,0,0.17,0,0.04,0.04,0.1,0.14,0.87,3.48,10.6,0.09,0.26,0.35,0.09,0.35,0.04,0.1,0.14,0.04,0.14,Matches
347,Iván Martín,es ESP,MF,Girona,25,1999,32,24,"2,039",22.7,0.04,0.04,0.09,0.04,0,0,0.04,0,0.08,0.08,0.08,0.16,2.51,5.77,3.35,0.04,0.04,0.09,0.04,0.09,0.08,0.08,0.16,0.08,0.16,Matches
348,Jon Martin,es ESP,DF,Real Sociedad,18,2006,13,6,904,10,0,0.1,0.1,0,0,0,0.2,0,0.06,0.06,0.02,0.08,0.4,3.4,0,0,0.1,0.1,0,0.1,0.06,0.02,0.08,0.06,0.08,Matches
349,Mario Martín,es ESP,MF,Valladolid,20,2004,30,20,"1,748",19.4,0,0.05,0.05,0,0,0,0.41,0.15,0.09,0.09,0.07,0.16,0.93,3.4,1.13,0,0.05,0.05,0,0.05,0.09,0.07,0.16,0.09,0.16,Matches
350,Arnau Martinez,es ESP,"DF,MF",Girona,21,2003,32,30,"2,624",29.2,0.07,0.07,0.14,0.07,0,0,0.1,0,0.04,0.04,0.08,0.12,1.4,5.55,3.49,0.07,0.07,0.14,0.07,0.14,0.04,0.08,0.12,0.04,0.12,Matches
351,Iñigo Martínez,es ESP,DF,Barcelona,33,1991,28,28,"2,490",27.7,0,0.14,0.14,0,0,0,0.18,0,0.02,0.02,0.09,0.11,2.53,9.39,0.4,0,0.14,0.14,0,0.14,0.02,0.1,0.11,0.02,0.11,Matches
352,Javi Martínez,es ESP,MF,Osasuna,24,1999,1,0,6,0.1,0,0,0,0,0,0,0,0,0,0,0,0,0,10,0,0,0,0,0,0,0,0,0,0,0,Matches
353,Ramón Martínez,es ESP,DF,Sevilla,21,2002,5,2,261,2.9,0.34,0,0.34,0.34,0,0,0,0,0.1,0.1,0.03,0.14,0.34,1.72,0.69,0.34,0,0.34,0.34,0.34,0.12,0.02,0.14,0.12,0.14,Matches
354,Toni Martínez,es ESP,FW,Alavés,27,1997,28,9,"1,012",11.2,0.36,0,0.36,0.36,0,0,0.09,0,0.32,0.32,0.05,0.38,1.16,0.98,5.09,0.36,0,0.36,0.36,0.36,0.32,0.05,0.37,0.32,0.37,Matches
355,Javi Martón,es ESP,"FW,MF",Athletic Club,25,1999,3,0,53,0.6,0,0,0,0,0,0,1.67,0,0,0,0,0,0,0,5,0,0,0,0,0,0,0,0,0,0,Matches
356,Marvin,es ESP,"DF,FW",Las Palmas,24,2000,23,9,"1,038",11.5,0,0,0,0,0,0,0.35,0,0.02,0.02,0.1,0.11,2.52,2.61,6.26,0,0,0,0,0,0.02,0.1,0.12,0.02,0.12,Matches
357,Omar Mascarell,gq EQG,MF,Mallorca,31,1993,32,21,"1,992",22.1,0.05,0,0.05,0.05,0,0,0.23,0.05,0.02,0.02,0.01,0.03,0.45,3.39,0.54,0.05,0,0.05,0.05,0.05,0.02,0.01,0.03,0.02,0.03,Matches
358,Jaime Mata,es ESP,"FW,MF",Las Palmas,35,1988,30,4,656,7.3,0,0,0,0,0,0,1.23,0,0.36,0.36,0.01,0.38,0.82,1.37,6.58,0,0,0,0,0,0.36,0.02,0.38,0.36,0.38,Matches
359,Borja Mayoral,es ESP,FW,Getafe,27,1997,24,7,"1,114",12.4,0.4,0.08,0.48,0.32,0.08,0.08,0,0,0.27,0.21,0.07,0.29,0.81,1.05,3.47,0.4,0.08,0.48,0.32,0.4,0.28,0.07,0.35,0.21,0.29,Matches
360,Kylian Mbappé,fr FRA,FW,Real Madrid,25,1998,34,34,"2,907",32.3,0.96,0.09,1.05,0.74,0.22,0.28,0.09,0.03,0.8,0.58,0.24,0.81,4.64,4.33,12,0.96,0.09,1.05,0.74,0.84,0.8,0.24,1.04,0.58,0.81,Matches
361,Oliver McBurnie,sct SCO,FW,Las Palmas,28,1996,34,20,"1,837",20.4,0.15,0.29,0.44,0.15,0,0,0.15,0,0.24,0.24,0.14,0.37,0.34,1.32,3.68,0.15,0.29,0.44,0.15,0.44,0.24,0.14,0.37,0.24,0.37,Matches
362,Scott McKenna,sct SCO,DF,Las Palmas,27,1996,29,28,"2,466",27.4,0,0,0,0,0,0,0.18,0.04,0.04,0.04,0.03,0.07,0.4,1.64,0.11,0,0,0,0,0,0.04,0.03,0.07,0.04,0.07,Matches
363,Mateo Mejía,es ESP,FW,Sevilla,21,2003,1,0,11,0.1,0,0,0,0,0,0,0,0,0,0,0,0,0,0,0,0,0,0,0,0,0,0,0,0,0,Matches
364,Arthur Melo,br BRA,MF,Girona,27,1996,15,10,941,10.5,0,0,0,0,0,0,0.19,0,0.02,0.02,0.02,0.04,2.29,6.67,1.62,0,0,0,0,0,0.02,0.02,0.04,0.02,0.04,Matches
365,Brais Méndez,es ESP,MF,Real Sociedad,27,1997,27,19,"1,531",17,0.18,0.12,0.29,0.18,0,0,0.24,0,0.21,0.21,0.12,0.32,1.88,5.35,5.06,0.18,0.12,0.29,0.18,0.29,0.21,0.12,0.33,0.21,0.33,Matches
366,Ferland Mendy,fr FRA,DF,Real Madrid,29,1995,14,12,"1,005",11.2,0,0.09,0.09,0,0,0,0.09,0.09,0,0,0.04,0.04,1.07,3.21,3.57,0,0.09,0.09,0,0.09,0,0.05,0.05,0,0.05,Matches
367,Nobel Mendy,fr FRA,DF,Betis,19,2004,2,1,108,1.2,0,0,0,0,0,0,0.83,0,0,0,0,0,0,2.5,0,0,0,0,0,0,0,0,0,0,0,Matches
368,Víctor Meseguer,es ESP,MF,Valladolid,25,1999,14,2,418,4.6,0,0,0,0,0,0,0.22,0,0.15,0.15,0,0.15,0.43,4.78,4.78,0,0,0,0,0,0.15,0.01,0.15,0.15,0.15,Matches
369,Miguel,es ESP,FW,Leganés,24,1999,34,17,"1,724",19.2,0.05,0.16,0.21,0,0.05,0.1,0.16,0,0.26,0.17,0.07,0.25,0.73,0.83,4.69,0.05,0.16,0.21,0,0.16,0.26,0.07,0.33,0.17,0.25,Matches
370,Éder Militão,br BRA,DF,Real Madrid,26,1998,12,11,938,10.4,0.1,0.1,0.19,0.1,0,0,0.19,0,0.06,0.06,0.05,0.11,0.67,4.42,0.1,0.1,0.1,0.19,0.1,0.19,0.06,0.05,0.11,0.06,0.11,Matches
371,Luis Milla,es ESP,MF,Getafe,29,1994,33,32,"2,875",31.9,0.03,0.13,0.16,0,0.03,0.03,0.19,0,0.06,0.03,0.12,0.15,1,4.76,0.94,0.03,0.13,0.16,0,0.13,0.06,0.12,0.18,0.03,0.15,Matches
372,Pere Milla,es ESP,"MF,FW",Espanyol,31,1992,20,1,456,5.1,0.59,0,0.59,0.59,0,0,0.59,0,0.29,0.29,0.06,0.35,1.76,2.55,5.29,0.59,0,0.59,0.59,0.59,0.29,0.06,0.35,0.29,0.35,Matches
373,Óscar Mingueza,es ESP,"MF,DF",Celta Vigo,25,1999,34,31,"2,729",30.3,0.13,0.2,0.33,0.13,0,0,0.2,0.03,0.05,0.05,0.18,0.23,2.28,6.6,6.4,0.13,0.2,0.33,0.13,0.33,0.05,0.19,0.23,0.05,0.23,Matches
374,Kim Minsu,kr KOR,"MF,FW",Girona,18,2006,3,0,22,0.2,0,0,0,0,0,0,0,0,0,0,0,0,0,0,10,0,0,0,0,0,0,0,0,0,0,Matches
375,Bojan Miovski,mk MKD,FW,Girona,25,1999,17,12,869,9.7,0.21,0.1,0.31,0.21,0,0,0,0,0.28,0.28,0.02,0.3,0.41,0.41,3.4,0.21,0.1,0.31,0.21,0.31,0.28,0.02,0.3,0.28,0.3,Matches
376,Rafa Mir,es ESP,"FW,MF",Valencia,27,1997,20,5,753,8.4,0.12,0.24,0.36,0.12,0,0,0.48,0,0.36,0.36,0.08,0.45,1.19,2.38,3.33,0.12,0.24,0.36,0.12,0.36,0.36,0.09,0.45,0.36,0.45,Matches
377,Luka Modrić,hr CRO,MF,Real Madrid,38,1985,35,17,"1,827",20.3,0.1,0.3,0.39,0.1,0,0,0.34,0,0.08,0.08,0.34,0.42,3.05,10.2,3.1,0.1,0.3,0.39,0.1,0.39,0.08,0.34,0.42,0.08,0.42,Matches
378,Johan Mojica,co COL,DF,Mallorca,31,1992,36,30,"2,755",30.6,0.03,0.07,0.1,0.03,0,0,0.16,0,0.03,0.03,0.13,0.16,2.16,4.25,4.64,0.03,0.07,0.1,0.03,0.1,0.03,0.13,0.16,0.03,0.16,Matches
379,Alberto Moleiro,es ESP,"FW,MF",Las Palmas,20,2003,35,32,"2,714",30.2,0.2,0.03,0.23,0.2,0,0,0.17,0,0.19,0.19,0.11,0.29,3.21,3.84,5.93,0.2,0.03,0.23,0.2,0.23,0.19,0.11,0.3,0.19,0.3,Matches
380,Nahuel Molina,ar ARG,DF,Atlético Madrid,26,1998,30,17,"1,590",17.7,0,0.17,0.17,0,0,0,0.06,0,0.05,0.05,0.08,0.13,1.98,3.45,5.42,0,0.17,0.17,0,0.17,0.05,0.08,0.13,0.05,0.13,Matches
381,Jon Moncayola,es ESP,MF,Osasuna,26,1998,32,26,"2,099",23.3,0,0,0,0,0,0,0.34,0,0.07,0.07,0.16,0.23,1.07,4.59,2.19,0,0,0,0,0,0.07,0.16,0.23,0.07,0.23,Matches
382,Gonzalo Montiel,ar ARG,"DF,MF",Sevilla,27,1997,6,1,113,1.3,0,0,0,0,0,0,0.77,0,0,0,0,0,2.31,1.54,2.31,0,0,0,0,0,0.02,0,0.02,0.02,0.02,Matches
383,Gerard Moreno,es ESP,FW,Villarreal,32,1992,17,6,721,8,0.38,0.25,0.63,0,0.38,0.38,0,0,0.53,0.23,0.45,0.69,2.38,6.63,7.5,0.37,0.25,0.62,0,0.25,0.53,0.45,0.98,0.23,0.69,Matches
384,Xavier Moreno,es ESP,FW,Valladolid,19,2004,1,1,45,0.5,0,0,0,0,0,0,0,0,0,0,0,0,2,2,10,0,0,0,0,0,0,0,0,0,0,Matches
385,Mateu Morey,es ESP,DF,Mallorca,24,2000,16,8,741,8.2,0,0,0,0,0,0,0.12,0,0.05,0.05,0.04,0.09,2.07,2.07,3.9,0,0,0,0,0,0.05,0.03,0.08,0.05,0.08,Matches
386,Ilaix Moriba,gn GUI,MF,Celta Vigo,21,2003,33,22,"2,132",23.7,0.04,0.04,0.08,0.04,0,0,0.38,0.04,0.07,0.07,0.06,0.14,1.43,5.02,2.7,0.04,0.04,0.08,0.04,0.08,0.07,0.06,0.14,0.07,0.14,Matches
387,Manu Morlanes,es ESP,MF,Mallorca,25,1999,23,15,"1,338",14.9,0,0,0,0,0,0,0.47,0,0.04,0.04,0.02,0.06,1.07,5.91,2.62,0,0,0,0,0,0.04,0.02,0.06,0.04,0.06,Matches
388,Raúl Moro,es ESP,"MF,FW",Valladolid,21,2002,33,26,"2,341",26,0.15,0.19,0.35,0.15,0,0,0.08,0,0.16,0.16,0.22,0.38,4.31,3.12,7.31,0.15,0.19,0.35,0.15,0.35,0.16,0.22,0.38,0.16,0.38,Matches
389,Cristhian Mosquera,es ESP,DF,Valencia,20,2004,37,37,"3,319",36.9,0.03,0,0.03,0.03,0,0,0.16,0,0.01,0.01,0,0.01,0.95,3.33,0.16,0.03,0,0.03,0.03,0.03,0.01,0,0.01,0.01,0.01,Matches
390,Santiago Mouriño,uy URU,DF,Alavés,22,2002,25,20,"1,849",20.5,0,0.05,0.05,0,0,0,0.34,0,0.04,0.04,0.04,0.09,0.68,2.24,0.05,0,0.05,0.05,0,0.05,0.05,0.04,0.09,0.05,0.09,Matches
391,Abdul Mumin,gh GHA,DF,Rayo Vallecano,26,1998,24,24,"2,017",22.4,0.09,0.04,0.13,0.09,0,0,0.27,0.04,0.03,0.03,0.01,0.04,0.54,1.79,0.27,0.09,0.04,0.13,0.09,0.13,0.03,0.01,0.03,0.03,0.03,Matches
392,Aihen Muñoz,es ESP,DF,Real Sociedad,26,1997,21,13,"1,098",12.2,0,0,0,0,0,0,0.41,0,0.02,0.02,0.02,0.03,2.13,3.11,2.3,0,0,0,0,0,0.01,0.02,0.04,0.01,0.04,Matches
393,Álex Muñoz,es ESP,DF,Las Palmas,30,1994,21,18,"1,415",15.7,0.19,0,0.19,0.19,0,0,0.19,0,0.06,0.06,0.03,0.09,0.96,2.87,3.38,0.19,0,0.19,0.19,0.19,0.05,0.03,0.09,0.05,0.09,Matches
394,Iker Muñoz,es ESP,MF,Osasuna,21,2002,23,4,610,6.8,0,0.15,0.15,0,0,0,0.29,0,0.07,0.07,0.15,0.21,0.88,3.53,1.47,0,0.15,0.15,0,0.15,0.07,0.14,0.21,0.07,0.21,Matches
395,Javier Muñoz,es ESP,"MF,DF",Las Palmas,29,1995,35,28,"2,588",28.8,0.03,0.1,0.14,0.03,0,0,0.17,0,0.05,0.05,0.09,0.13,1.25,3.75,3.16,0.03,0.1,0.14,0.03,0.14,0.04,0.09,0.13,0.04,0.13,Matches
396,Víctor Muñoz,es ESP,"FW,DF",Real Madrid,21,2003,2,0,36,0.4,0,0,0,0,0,0,0,0,1.25,1.25,0,1.25,7.5,0,22.5,0,0,0,0,0,1.23,0,1.23,1.23,1.23,Matches
397,Vedat Muriqi,xk KVX,FW,Mallorca,30,1994,29,24,"2,058",22.9,0.31,0.09,0.39,0.22,0.09,0.13,0.04,0.09,0.42,0.32,0.1,0.41,1,1.31,4.5,0.31,0.09,0.39,0.22,0.31,0.42,0.1,0.52,0.32,0.41,Matches
398,Juan Musso,ar ARG,GK,Atlético Madrid,30,1994,2,2,180,2,0,0,0,0,0,0,0,0,0,0,0,0,0,0,0,0,0,0,0,0,0,0,0,0,0,Matches
399,Matija Nastasić,rs SRB,DF,Leganés,31,1993,26,24,"2,110",23.4,0.04,0,0.04,0.04,0,0,0.13,0,0,0,0,0.01,0.04,2.52,0,0.04,0,0.04,0.04,0.04,0,0.01,0.01,0,0.01,Matches
400,Natan,br BRA,DF,Betis,23,2001,31,23,"2,175",24.2,0.04,0.04,0.08,0.04,0,0,0.21,0.04,0.01,0.01,0.02,0.04,0.5,2.15,0.25,0.04,0.04,0.08,0.04,0.08,0.01,0.03,0.04,0.01,0.04,Matches
401,Pau Navarro,es ESP,DF,Villarreal,19,2005,17,8,916,10.2,0,0,0,0,0,0,0.1,0,0,0,0,0,0.29,3.92,0.69,0,0,0,0,0,0,0,0,0,0,Matches
402,Roberto Navarro,es ESP,"MF,FW",Mallorca,22,2002,23,15,"1,278",14.2,0.07,0,0.07,0.07,0,0,0.21,0,0.14,0.14,0.13,0.27,3.17,3.59,5.99,0.07,0,0.07,0.07,0.07,0.14,0.14,0.28,0.14,0.28,Matches
403,Jesús Navas,es ESP,"FW,MF",Sevilla,38,1985,15,3,424,4.7,0.21,0,0.21,0.21,0,0,0,0,0.11,0.11,0.11,0.21,2.77,4.89,10.2,0.21,0,0.21,0.21,0.21,0.11,0.11,0.22,0.11,0.22,Matches
404,Yvan Neyou,cm CMR,MF,Leganés,27,1997,30,27,"2,312",25.7,0.04,0.04,0.08,0.04,0,0,0.54,0,0.02,0.02,0.02,0.05,0.93,3.74,1.17,0.04,0.04,0.08,0.04,0.08,0.03,0.03,0.05,0.03,0.05,Matches
405,Tanguy Nianzou,fr FRA,DF,Sevilla,22,2002,6,6,518,5.8,0,0,0,0,0,0,0.52,0.17,0.03,0.03,0,0.03,0.69,1.72,0,0,0,0,0,0,0.03,0,0.03,0.03,0.03,Matches
406,Saúl Ñíguez,es ESP,MF,Sevilla,29,1994,24,17,"1,553",17.3,0.06,0.35,0.4,0.06,0,0,0.46,0.06,0.16,0.16,0.14,0.31,0.75,3.82,2.25,0.06,0.35,0.41,0.06,0.41,0.16,0.14,0.31,0.16,0.31,Matches
407,Tamás Nikitscher,hu HUN,"MF,DF",Valladolid,24,1999,13,9,858,9.5,0,0,0,0,0,0,0.21,0,0.01,0.01,0,0.01,0.21,1.37,0.74,0,0,0,0,0,0.01,0,0.01,0.01,0.01,Matches
408,Adrian Niño,es ESP,FW,Atlético Madrid,20,2004,1,0,12,0.1,0,0,0,0,0,0,0,0,2,2,0,2,0,0,10,0,0,0,0,0,1.44,0,1.44,1.44,1.44,Matches
409,Hugo Novoa,es ESP,"DF,MF",Alavés,21,2003,5,2,237,2.6,0,0,0,0,0,0,0,0,0.19,0.19,0.08,0.27,2.69,0.77,3.85,0,0,0,0,0,0.18,0.07,0.26,0.18,0.26,Matches
410,Randy Nteka,ao ANG,FW,Rayo Vallecano,26,1997,24,16,"1,129",12.5,0.24,0,0.24,0.24,0,0,0.48,0,0.21,0.21,0.04,0.25,0.8,0.64,3.52,0.24,0,0.24,0.24,0.24,0.21,0.04,0.25,0.21,0.25,Matches
411,Unai Núñez,es ESP,DF,Athletic Club,27,1997,10,7,645,7.2,0,0,0,0,0,0,0.56,0,0.03,0.03,0.01,0.04,0.28,3.61,0,0,0,0,0,0,0.03,0.01,0.04,0.03,0.04,Matches
412,Ørjan Nyland,no NOR,GK,Sevilla,33,1990,30,30,"2,673",29.7,0,0,0,0,0,0,0.07,0,0,0,0.01,0.01,0,0.03,0,0,0,0,0,0,0,0.01,0.01,0,0.01,Matches
413,Allan Nyom,cm CMR,"DF,MF",Getafe,36,1988,20,10,887,9.9,0.1,0.2,0.3,0.1,0,0,0.4,0,0.05,0.05,0.03,0.08,0.51,2.22,2.12,0.1,0.2,0.3,0.1,0.3,0.05,0.03,0.09,0.05,0.09,Matches
414,Jan Oblak,si SVN,GK,Atlético Madrid,31,1993,36,36,"3,240",36,0,0,0,0,0,0,0,0,0,0,0,0,0,0,0,0,0,0,0,0,0,0,0,0,0,Matches
415,Lucas Ocampos,ar ARG,FW,Sevilla,30,1994,2,2,175,1.9,0,0.53,0.53,0,0,0,0,0,0.11,0.11,0.16,0.26,2.63,3.68,10.5,0,0.51,0.51,0,0.51,0.08,0.17,0.25,0.08,0.25,Matches
416,Álvaro Odriozola,es ESP,DF,Real Sociedad,28,1995,2,0,43,0.5,0,0,0,0,0,0,2,0,0,0,0,0,0,6,0,0,0,0,0,0,0,0,0,0,0,Matches
417,Thiago Ojeda,ar ARG,MF,Villarreal,21,2003,1,0,8,0.1,0,0,0,0,0,0,10,0,0,0,0,0,10,20,0,0,0,0,0,0,0.12,0,0.12,0.12,0.12,Matches
418,Aingeru Olabarrieta,es ESP,FW,Athletic Club,18,2005,1,1,54,0.6,0,0,0,0,0,0,0,0,0,0,0,0,3.33,1.67,5,0,0,0,0,0,0,0,0,0,0,Matches
419,Olasagasti,es ESP,MF,Real Sociedad,23,2000,22,7,857,9.5,0.11,0.11,0.21,0.11,0,0,0.21,0,0.09,0.09,0.08,0.18,1.16,4,4.32,0.11,0.11,0.21,0.11,0.21,0.1,0.08,0.18,0.1,0.18,Matches
420,Brian Oliván,es ESP,DF,Espanyol,30,1994,17,12,"1,017",11.3,0,0.09,0.09,0,0,0,0.18,0,0.04,0.04,0.1,0.13,1.86,3.54,5.04,0,0.09,0.09,0,0.09,0.03,0.1,0.13,0.03,0.13,Matches
421,Lucas Oliveira Rosa,br BRA,DF,Valladolid,24,2000,21,21,"1,890",21,0,0.05,0.05,0,0,0,0.29,0,0.04,0.04,0.1,0.13,1.48,2.38,3.52,0,0.05,0.05,0,0.05,0.04,0.09,0.13,0.04,0.13,Matches
422,Dani Olmo,es ESP,"MF,FW",Barcelona,26,1998,25,13,"1,212",13.5,0.74,0.22,0.96,0.59,0.15,0.15,0.07,0,0.48,0.36,0.22,0.59,2.44,6,7.19,0.74,0.22,0.97,0.59,0.82,0.48,0.22,0.7,0.37,0.59,Matches
423,Aimar Oroz,es ESP,MF,Osasuna,22,2001,37,35,"2,966",33,0.15,0.12,0.27,0.12,0.03,0.03,0.24,0,0.13,0.11,0.09,0.2,2.24,4.94,4.3,0.15,0.12,0.27,0.12,0.24,0.13,0.09,0.22,0.11,0.2,Matches
424,Ángel Ortíz,es ESP,DF,Betis,20,2004,5,4,353,3.9,0,0.26,0.26,0,0,0,0,0,0,0,0.03,0.05,1.03,3.85,5.13,0,0.25,0.25,0,0.25,0.01,0.03,0.04,0.01,0.04,Matches
425,Gabriel Osei Misehouy,nl NED,"FW,MF",Girona,19,2005,9,1,257,2.9,0.34,0,0.34,0.34,0,0,0,0,0.31,0.31,0.1,0.41,1.72,5.17,7.59,0.35,0,0.35,0.35,0.35,0.31,0.09,0.41,0.31,0.41,Matches
426,David Otorbi,es ESP,MF,Valencia,16,2007,1,0,14,0.2,0,0,0,0,0,0,0,0,0,0,0,0,5,0,0,0,0,0,0,0,0,0,0,0,0,Matches
427,Jesús Owono,gq EQG,GK,Alavés,23,2001,6,5,487,5.4,0,0,0,0,0,0,0,0,0,0,0,0,0,0,0,0,0,0,0,0,0,0,0,0,0,Matches
428,Mikel Oyarzabal,es ESP,FW,Real Sociedad,27,1997,35,28,"2,250",25,0.36,0.12,0.48,0.2,0.16,0.16,0.16,0.04,0.4,0.27,0.1,0.37,1.24,1.12,5.32,0.36,0.12,0.48,0.2,0.32,0.4,0.1,0.5,0.27,0.37,Matches
429,Cenk Özkacar,tr TUR,DF,Valladolid,23,2000,11,8,757,8.4,0,0,0,0,0,0,0.12,0,0.01,0.01,0,0.01,0.24,1.79,0,0,0,0,0,0,0.01,0,0.02,0.01,0.02,Matches
430,Jon Pacheco,es ESP,DF,Real Sociedad,23,2001,14,9,854,9.5,0,0,0,0,0,0,0.32,0,0.01,0.01,0.01,0.02,1.26,2.84,0,0,0,0,0,0,0.01,0.01,0.02,0.01,0.02,Matches
431,Alex Padilla,es ESP,GK,Athletic Club,20,2003,5,3,321,3.6,0,0,0,0,0,0,0,0,0,0,0,0,0,0,0,0,0,0,0,0,0,0,0,0,0,Matches
432,Isaac Palazón Camacho,es ESP,"MF,FW",Rayo Vallecano,29,1994,35,25,"2,162",24,0.17,0.17,0.33,0.17,0,0,0.21,0,0.2,0.2,0.18,0.38,1.25,4.88,5.13,0.17,0.17,0.33,0.17,0.33,0.2,0.18,0.38,0.2,0.38,Matches
433,Aitor Paredes,es ESP,DF,Athletic Club,24,2000,23,21,"1,812",20.1,0.15,0,0.15,0.15,0,0,0.2,0.05,0.11,0.11,0,0.11,0.2,2.29,0.1,0.15,0,0.15,0.15,0.15,0.11,0,0.12,0.11,0.12,Matches
434,Daniel Parejo,es ESP,MF,Villarreal,35,1989,36,26,"2,273",25.3,0.12,0.12,0.24,0.08,0.04,0.08,0.32,0,0.1,0.03,0.07,0.11,0.75,6.96,1.03,0.12,0.12,0.24,0.08,0.2,0.1,0.07,0.17,0.03,0.11,Matches
435,Iago Parente,es ESP,DF,Valladolid,18,2006,1,1,71,0.8,0,0,0,0,0,0,0,0,0,0,0,0,0,5,1.25,0,0,0,0,0,0,0.04,0.04,0,0.04,Matches
436,Álvaro Pascual,es ESP,FW,Sevilla,22,2002,8,4,408,4.5,0.22,0,0.22,0.22,0,0,0.22,0,0,0,0,0,0.22,0,0.44,0.22,0,0.22,0.22,0.22,0,0,0,0,0,Matches
437,Alfonso Pedraza,es ESP,"DF,MF",Villarreal,28,1996,12,4,460,5.1,0,0.39,0.39,0,0,0,0,0,0.1,0.1,0.27,0.37,4.12,1.76,8.43,0,0.39,0.39,0,0.39,0.09,0.27,0.37,0.09,0.37,Matches
438,Pedri,es ESP,MF,Barcelona,21,2002,37,35,"2,879",32,0.13,0.16,0.28,0.13,0,0,0.09,0,0.07,0.07,0.23,0.3,2.88,11.3,4.25,0.13,0.16,0.28,0.13,0.28,0.07,0.23,0.3,0.07,0.3,Matches
439,Adrià Pedrosa,es ESP,DF,Sevilla,26,1998,31,27,"2,298",25.5,0.04,0.04,0.08,0.04,0,0,0.27,0,0.04,0.04,0.06,0.1,1.61,3.1,3.76,0.04,0.04,0.08,0.04,0.08,0.04,0.06,0.1,0.04,0.1,Matches
440,Pejiño,es ESP,FW,Las Palmas,28,1996,1,0,16,0.2,0,0,0,0,0,0,0,0,0,0,0,0,5,5,10,0,0,0,0,0,0.17,0,0.17,0.17,0.17,Matches
441,Andy Pelmard,fr FRA,DF,Las Palmas,24,2000,4,2,205,2.3,0,0,0,0,0,0,0.43,0,0,0,0,0.04,0.43,5.65,2.17,0,0,0,0,0,0,0.02,0.03,0,0.03,Matches
442,Iñaki Peña,es ESP,GK,Barcelona,25,1999,16,15,"1,396",15.5,0,0,0,0,0,0,0.06,0,0,0,0,0,0,0.19,0,0,0,0,0,0,0,0,0,0,0,Matches
443,Rubén Peña,es ESP,"FW,DF",Osasuna,33,1991,25,7,775,8.6,0,0,0,0,0,0,0.12,0,0.08,0.08,0.07,0.15,2.09,3.14,6.63,0,0,0,0,0,0.08,0.07,0.15,0.08,0.15,Matches
444,Nicolas Pépé,ci CIV,"FW,MF",Villarreal,29,1995,28,15,"1,500",16.7,0.18,0.36,0.54,0.18,0,0,0.18,0,0.23,0.23,0.29,0.51,4.55,3.59,9.52,0.18,0.36,0.54,0.18,0.54,0.23,0.29,0.52,0.23,0.52,Matches
445,Peque,es ESP,"MF,FW",Sevilla,21,2002,26,14,"1,134",12.6,0.08,0.08,0.16,0.08,0,0,0.08,0,0.2,0.2,0.1,0.29,1.11,2.78,3.49,0.08,0.08,0.16,0.08,0.16,0.2,0.1,0.29,0.2,0.29,Matches
446,Ayoze Pérez,es ESP,FW,Villarreal,31,1993,30,22,"1,970",21.9,0.87,0.09,0.96,0.87,0,0,0.18,0,0.58,0.58,0.14,0.72,2.69,3.33,5.66,0.87,0.09,0.96,0.87,0.96,0.58,0.13,0.71,0.58,0.71,Matches
447,Carles Pérez,es ESP,"MF,FW",Getafe,26,1998,27,15,"1,431",15.9,0.19,0,0.19,0.19,0,0,0.13,0,0.15,0.15,0.09,0.25,1.95,1.26,4.84,0.19,0,0.19,0.19,0.19,0.15,0.1,0.24,0.15,0.24,Matches
448,Francisco Perez,es ESP,"FW,MF",Valencia,21,2002,26,4,570,6.3,0,0,0,0,0,0,0.16,0,0.05,0.05,0.41,0.46,3.81,2.06,11.3,0,0,0,0,0,0.05,0.4,0.45,0.05,0.45,Matches
449,Kike Pérez,es ESP,MF,Valladolid,27,1997,19,14,"1,191",13.2,0.15,0,0.15,0.15,0,0,0.45,0,0.16,0.16,0.08,0.23,1.44,5.08,2.12,0.15,0,0.15,0.15,0.15,0.16,0.08,0.24,0.16,0.24,Matches
450,Luis Pérez,es ESP,DF,Valladolid,29,1995,30,28,"2,558",28.4,0,0,0,0,0,0,0.07,0,0.01,0.01,0.07,0.08,1.44,3.13,4.12,0,0,0,0,0,0.01,0.07,0.08,0.01,0.08,Matches
451,Romain Perraud,fr FRA,DF,Betis,26,1997,28,22,"2,002",22.2,0.09,0.09,0.18,0.09,0,0,0.36,0.05,0.02,0.02,0.07,0.09,2.3,2.79,4.77,0.09,0.09,0.18,0.09,0.18,0.02,0.07,0.09,0.02,0.09,Matches
452,Valentín Pezzolesi,es ESP,DF,Las Palmas,17,2007,1,0,6,0.1,0,0,0,0,0,0,0,0,0,0,0,0,0,0,0,0,0,0,0,0,0,0,0,0,0,Matches
453,Pica,es ESP,DF,Alavés,22,2002,9,5,499,5.5,0,0,0,0,0,0,0.18,0,0.05,0.05,0,0.07,0.55,2.73,0,0,0,0,0,0,0.06,0.01,0.06,0.06,0.06,Matches
454,Yeremi Pino,es ESP,"MF,FW",Villarreal,21,2002,34,25,"1,934",21.5,0.19,0.33,0.51,0.19,0,0,0.51,0,0.18,0.18,0.25,0.43,1.95,3.07,9.91,0.19,0.33,0.51,0.19,0.51,0.18,0.25,0.43,0.18,0.43,Matches
455,Portu,es ESP,"FW,MF",Girona,32,1992,27,6,779,8.7,0.11,0.23,0.34,0.11,0,0,0.46,0,0.18,0.18,0.2,0.38,2.3,1.84,9.08,0.12,0.23,0.35,0.12,0.35,0.19,0.19,0.38,0.19,0.38,Matches
456,Beñat Prados,es ESP,MF,Athletic Club,23,2001,30,21,"1,715",19.1,0.05,0,0.05,0.05,0,0,0.37,0,0.05,0.05,0.06,0.11,1.05,4.08,1.68,0.05,0,0.05,0.05,0.05,0.05,0.06,0.11,0.05,0.11,Matches
457,Abdón Prats,es ESP,"FW,MF",Mallorca,31,1992,24,3,456,5.1,0.39,0,0.39,0.2,0.2,0.2,0.78,0,0.43,0.29,0.02,0.31,0,1.37,2.75,0.39,0,0.39,0.2,0.2,0.45,0.03,0.47,0.29,0.32,Matches
458,Javi Puado,es ESP,"FW,MF",Espanyol,26,1998,35,35,"2,974",33,0.36,0.12,0.48,0.21,0.15,0.15,0.24,0,0.35,0.23,0.09,0.32,2.21,2.27,3.42,0.36,0.12,0.48,0.21,0.33,0.35,0.09,0.44,0.23,0.32,Matches
459,Dani Raba,es ESP,"FW,MF",Leganés,28,1995,29,24,"1,879",20.9,0.38,0.29,0.67,0.19,0.19,0.24,0.29,0,0.36,0.17,0.25,0.43,2.01,3.3,4.83,0.38,0.29,0.67,0.19,0.48,0.36,0.25,0.61,0.17,0.43,Matches
460,Arnau Rafús,es ESP,GK,Valladolid,21,2003,1,1,90,1,0,0,0,0,0,0,0,0,0,0,0,0,0,0,0,0,0,0,0,0,0,0,0,0,0,Matches
461,Antonio Raillo,es ESP,DF,Mallorca,32,1991,36,36,"3,207",35.6,0.06,0,0.06,0.06,0,0,0.2,0.03,0.06,0.06,0.04,0.1,0.87,3.03,0.56,0.06,0,0.06,0.06,0.06,0.06,0.05,0.1,0.06,0.1,Matches
462,Benito Ramírez,es ESP,"DF,FW",Las Palmas,29,1995,19,2,478,5.3,0,0,0,0,0,0,0.38,0.19,0.06,0.06,0.17,0.23,2.64,3.02,11.7,0,0,0,0,0,0.06,0.16,0.22,0.06,0.22,Matches
463,Sandro Ramírez,es ESP,"FW,MF",Las Palmas,29,1995,31,25,"2,034",22.6,0.4,0.13,0.53,0.35,0.04,0.04,0.27,0,0.18,0.15,0.15,0.3,2.3,2.3,5.35,0.4,0.13,0.53,0.35,0.49,0.18,0.15,0.33,0.15,0.29,Matches
464,Jacobo Ramón,es ESP,DF,Real Madrid,19,2005,3,2,204,2.3,0.43,0,0.43,0.43,0,0,0.43,0,0.09,0.09,0.09,0.17,0,0.43,0.87,0.44,0,0.44,0.44,0.44,0.07,0.09,0.16,0.07,0.16,Matches
465,Raphinha,br BRA,"FW,MF",Barcelona,27,1996,36,32,"2,839",31.5,0.57,0.29,0.86,0.51,0.06,0.06,0.13,0,0.61,0.56,0.4,0.96,2.98,4.29,11.1,0.57,0.29,0.86,0.51,0.79,0.61,0.4,1.01,0.56,0.96,Matches
466,Andrei Ratiu,ro ROU,DF,Rayo Vallecano,26,1998,35,34,"3,065",34.1,0.06,0.09,0.15,0.06,0,0,0.15,0,0.05,0.05,0.17,0.22,3.58,4.25,4.9,0.06,0.09,0.15,0.06,0.15,0.05,0.17,0.22,0.05,0.22,Matches
467,Raúl,es ESP,"FW,MF",Osasuna,23,2000,32,5,750,8.3,0.48,0,0.48,0.48,0,0,0.12,0,0.42,0.42,0.08,0.49,1.2,1.93,5.9,0.48,0,0.48,0.48,0.48,0.41,0.08,0.5,0.41,0.5,Matches
468,Abderrahman Rebbach,dz ALG,"FW,MF",Alavés,25,1998,8,4,385,4.3,0,0,0,0,0,0,0.23,0,0.05,0.05,0.07,0.12,3.72,1.16,7.91,0,0,0,0,0,0.04,0.07,0.11,0.04,0.11,Matches
469,Álex Remiro,es ESP,GK,Real Sociedad,29,1995,36,36,"3,240",36,0,0,0,0,0,0,0,0,0,0,0,0,0,0.03,0,0,0,0,0,0,0,0,0,0,0,Matches
470,Daniel Requena,es ESP,MF,Villarreal,20,2004,1,0,10,0.1,0,0,0,0,0,0,0,0,0,0,0,0,0,0,10,0,0,0,0,0,0,0,0,0,0,Matches
471,Diego Rico,es ESP,DF,Getafe,31,1993,33,32,"2,819",31.3,0,0.1,0.1,0,0,0,0.29,0.03,0.01,0.01,0.09,0.1,0.86,4.35,2.68,0,0.1,0.1,0,0.1,0.01,0.09,0.1,0.01,0.1,Matches
472,Luis Rioja,es ESP,FW,Alavés,30,1993,1,0,23,0.3,0,0,0,0,0,0,0,0,0,0,0.33,0.33,13.3,3.33,10,0,0,0,0,0,0,0.57,0.57,0,0.57,Matches
473,Luis Rioja,es ESP,"MF,FW",Valencia,30,1993,36,33,"2,831",31.5,0.16,0.1,0.25,0.1,0.06,0.06,0.19,0,0.1,0.05,0.14,0.2,2.95,3.27,7.24,0.16,0.1,0.25,0.1,0.19,0.1,0.14,0.25,0.05,0.2,Matches
474,Rodrigo Riquelme,es ESP,"MF,DF",Atlético Madrid,24,2000,16,4,516,5.7,0,0.18,0.18,0,0,0,0,0,0.16,0.16,0.14,0.3,7.54,4.21,10.9,0,0.17,0.17,0,0.17,0.16,0.14,0.3,0.16,0.3,Matches
475,Alberto Risco,es ESP,"MF,FW",Getafe,18,2005,5,0,69,0.8,0,0,0,0,0,0,0,0,0.25,0.25,0.13,0.37,3.75,3.75,7.5,0,0,0,0,0,0.22,0.19,0.41,0.22,0.41,Matches
476,Mihailo Ristić,rs SRB,"DF,MF",Celta Vigo,28,1995,10,6,429,4.8,0,0.21,0.21,0,0,0,0.21,0,0,0,0.04,0.04,1.67,2.08,2.29,0,0.21,0.21,0,0.21,0.01,0.04,0.05,0.01,0.05,Matches
477,Gorka Rivera Alonso,es ESP,"DF,MF",Getafe,19,2004,1,0,20,0.2,0,0,0,0,0,0,0,0,0,0,0,0,0,5,0,0,0,0,0,0,0,0,0,0,0,Matches
478,Marc Roca,es ESP,MF,Betis,27,1996,14,11,906,10.1,0.2,0.2,0.4,0.2,0,0,0.4,0,0.11,0.11,0.1,0.21,1.09,5.84,1.29,0.2,0.2,0.4,0.2,0.4,0.11,0.1,0.21,0.11,0.21,Matches
479,Rodri,es ESP,FW,Betis,24,2000,3,1,118,1.3,0,0,0,0,0,0,0,0,0.15,0.15,0.08,0.15,3.08,6.15,8.46,0,0,0,0,0,0.13,0.06,0.19,0.13,0.19,Matches
480,Adrian Rodriguez,es ESP,GK,Alavés,23,2000,2,1,122,1.4,0,0,0,0,0,0,0.71,0,0,0,0,0,0,0,0,0,0,0,0,0,0,0,0,0,0,Matches
481,Álvaro Rodríguez,uy URU,FW,Getafe,20,2004,22,7,852,9.5,0.21,0,0.21,0.21,0,0,0.63,0,0.13,0.13,0.03,0.16,0.63,1.37,5.26,0.21,0,0.21,0.21,0.21,0.13,0.03,0.16,0.13,0.16,Matches
482,Óscar Rodríguez Arnaiz,es ESP,"MF,FW",Leganés,26,1998,29,12,"1,330",14.8,0.07,0.27,0.34,0.07,0,0,0.41,0.07,0.14,0.14,0.15,0.29,1.62,4.05,4.46,0.07,0.27,0.34,0.07,0.34,0.14,0.15,0.29,0.14,0.29,Matches
483,Arturo Rodríguez,es ESP,FW,Las Palmas,17,2006,1,0,21,0.2,0,0,0,0,0,0,0,0,0,0,0,0,5,0,10,0,0,0,0,0,0,0,0,0,0,Matches
484,Damián Rodríguez,es ESP,MF,Celta Vigo,21,2003,17,10,927,10.3,0,0,0,0,0,0,0.29,0,0.01,0.01,0.08,0.09,0.78,6.89,1.17,0,0,0,0,0,0.01,0.08,0.09,0.01,0.09,Matches
485,Dani Rodríguez,es ESP,"MF,FW",Mallorca,36,1988,37,26,"2,162",24,0.17,0.29,0.46,0.17,0,0,0.21,0,0.12,0.12,0.13,0.25,1.54,3.25,4.5,0.17,0.29,0.46,0.17,0.46,0.12,0.13,0.25,0.12,0.25,Matches
486,Daniel Rodriguez,es ESP,FW,Barcelona,18,2005,1,1,37,0.4,0,0,0,0,0,0,0,0,0,0,0,0,10,5,22.5,0,0,0,0,0,0.06,0,0.06,0.06,0.06,Matches
487,James Rodríguez,co COL,"MF,FW",Rayo Vallecano,33,1991,6,1,140,1.6,0,0,0,0,0,0,0.63,0,0.19,0.19,0.13,0.31,1.88,8.13,4.38,0,0,0,0,0,0.19,0.11,0.29,0.19,0.29,Matches
488,Javi Rodríguez,es ESP,DF,Celta Vigo,21,2003,36,26,"2,514",27.9,0.11,0.07,0.18,0.11,0,0,0.25,0,0.08,0.08,0.04,0.12,1.04,4.09,1.83,0.11,0.07,0.18,0.11,0.18,0.08,0.04,0.12,0.08,0.12,Matches
489,Jesus Rodríguez,es ESP,FW,Betis,18,2005,21,15,"1,111",12.3,0.16,0,0.16,0.16,0,0,0,0,0.19,0.19,0.02,0.2,4.31,2.85,8.05,0.16,0,0.16,0.16,0.16,0.18,0.02,0.2,0.18,0.2,Matches
490,Kirian Rodríguez,es ESP,MF,Las Palmas,28,1996,21,21,"1,758",19.5,0,0.15,0.15,0,0,0,0.1,0,0.08,0.08,0.08,0.15,1.28,6.56,2,0,0.15,0.15,0,0.15,0.08,0.07,0.16,0.08,0.16,Matches
491,Ricardo Rodríguez,ch SUI,DF,Betis,31,1992,18,15,"1,274",14.2,0,0.07,0.07,0,0,0,0,0,0.01,0.01,0.03,0.04,1.34,4.44,2.25,0,0.07,0.07,0,0.07,0.01,0.03,0.04,0.01,0.04,Matches
492,Rodrygo,br BRA,"FW,MF",Real Madrid,23,2001,30,22,"1,928",21.4,0.28,0.23,0.51,0.28,0,0,0,0,0.19,0.18,0.14,0.32,5.28,5.05,11.8,0.28,0.23,0.51,0.28,0.51,0.19,0.14,0.33,0.18,0.32,Matches
493,Leo Román,es ESP,GK,Mallorca,24,2000,7,7,630,7,0,0,0,0,0,0,0,0,0,0,0,0,0,0,0,0,0,0,0,0,0,0,0,0,0,Matches
494,Carlos Romero,es ESP,DF,Espanyol,22,2001,34,28,"2,554",28.4,0.07,0.04,0.11,0.07,0,0,0.25,0,0.07,0.07,0.07,0.15,1.76,2.25,3.98,0.07,0.04,0.11,0.07,0.11,0.07,0.07,0.15,0.07,0.15,Matches
495,Isaac Romero,es ESP,FW,Sevilla,24,2000,31,26,"2,156",24,0.17,0.08,0.25,0.17,0,0.04,0.42,0.04,0.28,0.25,0.09,0.34,0.88,1.21,3.96,0.17,0.08,0.25,0.17,0.25,0.28,0.09,0.37,0.25,0.34,Matches
496,Luka Romero,ar ARG,"FW,MF",Alavés,19,2004,6,2,199,2.2,0,0,0,0,0,0.45,0,0,0.36,0,0.09,0.09,1.36,0,5.45,0,0,0,0,0,0.37,0.08,0.45,0.01,0.09,Matches
497,Oriol Romeu,es ESP,MF,Girona,32,1991,25,17,"1,356",15.1,0,0,0,0,0,0,0.33,0,0.01,0.01,0.02,0.03,1.46,4.83,0.53,0,0,0,0,0,0.01,0.02,0.03,0.01,0.03,Matches
498,Vitor Roque,br BRA,FW,Betis,19,2005,22,14,"1,235",13.7,0.29,0,0.29,0.29,0,0,0.29,0,0.45,0.45,0.09,0.53,1.75,1.24,4.16,0.29,0,0.29,0.29,0.29,0.44,0.09,0.53,0.44,0.53,Matches
499,Valentin Rosier,fr FRA,DF,Leganés,27,1996,32,28,"2,595",28.8,0.03,0.07,0.1,0.03,0,0,0.28,0,0.03,0.03,0.04,0.07,1.42,2.57,3.09,0.03,0.07,0.1,0.03,0.1,0.03,0.04,0.07,0.03,0.07,Matches
500,Antonio Rüdiger,de GER,DF,Real Madrid,31,1993,29,26,"2,291",25.5,0,0,0,0,0,0,0.12,0,0.07,0.07,0.02,0.09,0.78,3.69,0.16,0,0,0,0,0,0.07,0.02,0.09,0.07,0.09,Matches
501,Aitor Ruibal,es ESP,"DF,FW",Betis,28,1996,29,13,"1,313",14.6,0.07,0.21,0.27,0.07,0,0,0.34,0,0.06,0.06,0.16,0.23,1.44,3.42,4.38,0.07,0.21,0.27,0.07,0.27,0.06,0.17,0.23,0.06,0.23,Matches
502,Abel Ruiz,es ESP,FW,Girona,24,2000,23,17,"1,346",15,0.27,0,0.27,0.2,0.07,0.13,0.2,0,0.31,0.2,0.03,0.23,1.4,1.53,4.73,0.27,0,0.27,0.2,0.2,0.31,0.03,0.34,0.2,0.23,Matches
503,Ferrán Ruiz,es ESP,MF,Girona,21,2003,1,0,18,0.2,0,0,0,0,0,0,0,0,0,0,0,0,0,5,0,0,0,0,0,0,0,0,0,0,0,Matches
504,Youssouf Sabaly,sn SEN,DF,Betis,31,1993,22,20,"1,581",17.6,0,0.06,0.06,0,0,0,0.06,0,0.01,0.01,0.05,0.06,1.42,3.52,3.58,0,0.06,0.06,0,0.06,0.01,0.05,0.06,0.01,0.06,Matches
505,Umar Sadiq,ng NGA,FW,Valencia,27,1997,16,9,825,9.2,0.54,0,0.54,0.54,0,0,0.43,0,0.37,0.37,0.08,0.45,0.98,0.76,5.33,0.55,0,0.55,0.55,0.55,0.37,0.08,0.45,0.37,0.45,Matches
506,Umar Sadiq,ng NGA,FW,Real Sociedad,27,1997,7,2,227,2.5,0,0,0,0,0,0,0.4,0,0.08,0.08,0.08,0.16,2,2,7.2,0,0,0,0,0,0.09,0.06,0.15,0.09,0.15,Matches
507,Jorge Sáenz,es ESP,DF,Leganés,27,1996,23,19,"1,690",18.8,0.05,0,0.05,0.05,0,0,0.21,0.05,0.07,0.07,0.01,0.07,0.27,1.91,0.11,0.05,0,0.05,0.05,0.05,0.07,0.01,0.07,0.07,0.07,Matches
508,Jan Salas,es ESP,"MF,FW",Mallorca,18,2005,4,0,43,0.5,0,0,0,0,0,0,0,0,0.2,0.2,0,0.2,2,8,8,0,0,0,0,0,0.12,0,0.12,0.12,0.12,Matches
509,Kike Salas,es ESP,DF,Sevilla,22,2002,31,25,"2,238",24.9,0.12,0.08,0.2,0.12,0,0,0.24,0,0.08,0.08,0.02,0.1,0.28,2.37,0.72,0.12,0.08,0.2,0.12,0.2,0.08,0.02,0.1,0.08,0.1,Matches
510,Albert Sambi Lokonga,be BEL,MF,Sevilla,24,1999,22,16,"1,471",16.3,0,0.12,0.12,0,0,0,0.25,0,0.06,0.06,0.06,0.12,1.47,5.71,1.23,0,0.12,0.12,0,0.12,0.06,0.06,0.12,0.06,0.12,Matches
511,Chuky san jose,es ESP,MF,Valladolid,20,2004,18,9,728,8.1,0.25,0,0.25,0.25,0,0,0.12,0,0.27,0.27,0.15,0.42,0.74,1.85,3.33,0.25,0,0.25,0.25,0.25,0.28,0.15,0.42,0.28,0.42,Matches
512,Oihan Sancet,es ESP,MF,Athletic Club,24,2000,29,19,"1,620",18,0.83,0.06,0.89,0.67,0.17,0.17,0.11,0,0.54,0.41,0.11,0.51,2.89,5,6.39,0.83,0.06,0.89,0.67,0.72,0.54,0.1,0.64,0.4,0.51,Matches
513,Antonio Sánchez,es ESP,"MF,DF",Mallorca,27,1997,33,12,"1,395",15.5,0,0,0,0,0,0,0.19,0,0.07,0.07,0.04,0.11,1.16,2.45,3.42,0,0,0,0,0,0.07,0.04,0.11,0.07,0.11,Matches
514,Iván Sánchez,es ESP,"MF,FW",Valladolid,31,1992,32,11,"1,404",15.6,0.13,0.06,0.19,0.13,0,0,0.26,0,0.04,0.04,0.19,0.22,3.85,4.94,5.96,0.13,0.06,0.19,0.13,0.19,0.04,0.19,0.23,0.04,0.23,Matches
515,Javi Sánchez,es ESP,DF,Valladolid,27,1997,25,25,"2,026",22.5,0.09,0,0.09,0.09,0,0,0.27,0,0.02,0.02,0.01,0.04,0.18,1.51,0.18,0.09,0,0.09,0.09,0.09,0.02,0.01,0.03,0.02,0.03,Matches
516,Juanlu Sánchez,es ESP,"MF,DF",Sevilla,20,2003,32,18,"1,722",19.1,0.21,0.21,0.42,0.21,0,0,0.31,0.05,0.11,0.11,0.15,0.26,2.3,3.56,4.35,0.21,0.21,0.42,0.21,0.42,0.11,0.15,0.26,0.11,0.26,Matches
517,Manu Sánchez,es ESP,DF,Alavés,23,2000,33,30,"2,634",29.3,0.03,0,0.03,0.03,0,0,0.2,0.03,0.06,0.06,0.04,0.1,1.6,2.66,3.31,0.03,0,0.03,0.03,0.03,0.06,0.04,0.1,0.06,0.1,Matches
518,Maroan Sannadi,es ESP,FW,Athletic Club,23,2001,16,7,754,8.4,0.12,0.12,0.24,0.12,0,0,0,0,0.42,0.42,0.07,0.49,2.5,1.79,7.98,0.12,0.12,0.24,0.12,0.24,0.41,0.07,0.48,0.41,0.48,Matches
519,Jesús Santiago,es ESP,MF,Getafe,20,2004,19,4,372,4.1,0,0,0,0,0,0,1.22,0,0,0,0,0,0.98,3.9,0.98,0,0,0,0,0,0.01,0,0.01,0.01,0.01,Matches
520,Aleksandar Sedlar,rs SRB,DF,Alavés,32,1991,9,7,594,6.6,0,0,0,0,0,0,0.15,0.15,0,0,0,0,0.3,1.82,0.15,0,0,0,0,0,0,0,0,0,0,Matches
521,Sergi,es ESP,DF,Leganés,32,1992,36,33,"2,957",32.9,0.06,0,0.06,0.06,0,0,0.06,0.03,0.05,0.05,0.01,0.06,0.09,2.34,0.06,0.06,0,0.06,0.06,0.06,0.05,0.01,0.06,0.05,0.06,Matches
522,Nicolás Serrano,es ESP,FW,Athletic Club,21,2003,4,1,112,1.2,0,0,0,0,0,0,0,0,0.17,0.17,0,0.17,1.67,3.33,15,0,0,0,0,0,0.13,0.02,0.15,0.13,0.15,Matches
523,Fábio Silva,pt POR,FW,Las Palmas,22,2002,24,22,"1,866",20.7,0.48,0.14,0.63,0.39,0.1,0.14,0.34,0,0.43,0.31,0.1,0.41,1.45,1.26,5.75,0.48,0.14,0.63,0.39,0.53,0.42,0.1,0.52,0.31,0.41,Matches
524,Rui Silva,pt POR,GK,Betis,30,1994,15,15,"1,350",15,0,0,0,0,0,0,0.07,0,0,0,0.01,0.01,0,0,0,0,0,0,0,0,0,0.01,0.01,0,0.01,Matches
525,Giuliano Simeone,ar ARG,MF,Atlético Madrid,21,2002,33,26,"1,926",21.4,0.09,0.28,0.37,0.09,0,0,0.19,0,0.1,0.1,0.24,0.35,3.22,2.29,8.83,0.09,0.28,0.37,0.09,0.37,0.1,0.24,0.35,0.1,0.35,Matches
526,Unai Simón,es ESP,GK,Athletic Club,27,1997,21,21,"1,890",21,0,0,0,0,0,0,0,0,0,0,0,0,0,0,0,0,0,0,0,0,0,0,0,0,0,Matches
527,Daley Sinkgraven,nl NED,DF,Las Palmas,29,1995,2,1,91,1,0,0,0,0,0,0,0,0,0,0,0,0,2,3,7,0,0,0,0,0,0,0.02,0.02,0,0.02,Matches
528,Jailson Siqueira,br BRA,"DF,MF",Celta Vigo,28,1995,13,6,614,6.8,0,0,0,0,0,0,0.29,0,0.01,0.01,0,0.03,1.47,6.32,0.44,0,0,0,0,0,0.02,0,0.02,0.02,0.02,Matches
529,Antonio Sivera,es ESP,GK,Alavés,27,1996,32,32,"2,810",31.2,0,0,0,0,0,0,0.19,0.03,0,0,0,0,0,0.03,0,0,0,0,0,0,0,0,0,0,0,Matches
530,Justin Smith,ca CAN,MF,Espanyol,21,2003,5,3,209,2.3,0,0,0,0,0,0,0,0,0,0,0,0,1.74,2.61,3.04,0,0,0,0,0,0,0.02,0.02,0,0.02,Matches
531,Alex Sola,es ESP,"MF,FW",Getafe,25,1999,19,13,"1,029",11.4,0,0.09,0.09,0,0,0,0.35,0,0.09,0.09,0.06,0.14,2.11,2.02,5.35,0,0.09,0.09,0,0.09,0.08,0.06,0.14,0.08,0.14,Matches
532,Arnau Solà,es ESP,MF,Villarreal,21,2003,1,0,13,0.1,0,0,0,0,0,0,0,0,0,0,0,0,0,0,0,0,0,0,0,0,0,0,0,0,0,Matches
533,Jhon Solis,co COL,MF,Girona,19,2004,19,3,535,5.9,0.17,0,0.17,0.17,0,0,0.51,0,0.12,0.12,0.02,0.12,1.53,4.92,2.54,0.17,0,0.17,0.17,0.17,0.11,0.01,0.12,0.11,0.12,Matches
534,David Soria,es ESP,GK,Getafe,31,1993,38,38,"3,420",38,0,0,0,0,0,0,0.05,0,0,0,0,0,0,0.03,0,0,0,0,0,0,0,0,0,0,0,Matches
535,Juan Soriano,es ESP,GK,Leganés,26,1997,6,6,540,6,0,0,0,0,0,0,0.17,0.17,0,0,0,0,0,0,0,0,0,0,0,0,0,0,0,0,0,Matches
536,Hugo Sotelo,es ESP,MF,Celta Vigo,20,2003,24,15,"1,254",13.9,0,0,0,0,0,0,0.36,0,0.01,0.01,0.12,0.13,1.51,5.97,2.73,0,0,0,0,0,0.01,0.12,0.13,0.01,0.13,Matches
537,Djibril Sow,ch SUI,MF,Sevilla,27,1997,30,24,"2,062",22.9,0.09,0.04,0.13,0.09,0,0,0.22,0,0.1,0.1,0.07,0.17,1,4.37,2.18,0.09,0.04,0.13,0.09,0.13,0.1,0.07,0.18,0.1,0.18,Matches
538,Carl Starfelt,se SWE,DF,Celta Vigo,29,1995,28,26,"2,270",25.2,0.04,0,0.04,0.04,0,0,0.2,0,0.02,0.02,0.01,0.03,0.44,2.62,0.04,0.04,0,0.04,0.04,0.04,0.02,0.01,0.03,0.02,0.03,Matches
539,Orri Steinn Óskarsson,is ISL,FW,Real Sociedad,19,2004,23,9,944,10.5,0.29,0,0.29,0.29,0,0,0.1,0,0.5,0.5,0.02,0.51,0.57,0.86,4.76,0.29,0,0.29,0.29,0.29,0.5,0.02,0.52,0.5,0.52,Matches
540,Stoichkov,es ESP,"MF,FW",Alavés,30,1993,16,6,699,7.8,0,0.13,0.13,0,0,0,0.13,0,0.14,0.14,0.15,0.29,1.15,3.33,5.26,0,0.13,0.13,0,0.13,0.14,0.15,0.3,0.14,0.3,Matches
541,Cristhian Stuani,uy URU,FW,Girona,37,1986,32,6,"1,078",12,0.92,0.17,1.08,0.67,0.25,0.25,0.33,0,0.67,0.48,0.05,0.54,0.17,0.83,3,0.92,0.17,1.09,0.67,0.83,0.68,0.05,0.73,0.49,0.54,Matches
542,Álex Suárez,es ESP,DF,Las Palmas,31,1993,30,30,"2,460",27.3,0,0,0,0,0,0,0.44,0,0.02,0.02,0,0.02,0.22,1.94,0.11,0,0,0,0,0,0.02,0,0.02,0.02,0.02,Matches
543,Denis Suárez,es ESP,MF,Villarreal,30,1994,21,7,608,6.8,0.15,0.15,0.29,0.15,0,0,0,0,0.13,0.13,0.22,0.35,3.97,5.15,3.53,0.15,0.15,0.3,0.15,0.3,0.14,0.22,0.36,0.14,0.36,Matches
544,Luka Sučić,hr CRO,MF,Real Sociedad,21,2002,29,21,"1,792",19.9,0.05,0.05,0.1,0.05,0,0,0.2,0,0.17,0.17,0.13,0.3,1.51,3.97,2.81,0.05,0.05,0.1,0.05,0.1,0.17,0.13,0.3,0.17,0.3,Matches
545,Suso,es ESP,"FW,MF",Sevilla,30,1993,16,4,606,6.7,0,0.3,0.3,0,0,0,0.45,0,0.1,0.1,0.24,0.34,2.99,6.42,11,0,0.3,0.3,0,0.3,0.11,0.24,0.35,0.11,0.35,Matches
546,Williot Swedberg,se SWE,"FW,MF",Celta Vigo,20,2004,32,15,"1,348",15,0.27,0.33,0.6,0.27,0,0,0.07,0,0.35,0.35,0.17,0.53,2.27,1.87,7.73,0.27,0.33,0.6,0.27,0.6,0.35,0.17,0.52,0.35,0.52,Matches
547,Mamadou Sylla,sn SEN,"FW,MF",Valladolid,30,1994,29,17,"1,583",17.6,0.28,0.06,0.34,0.06,0.23,0.23,0.28,0,0.29,0.11,0.1,0.2,0.85,1.25,2.95,0.28,0.06,0.34,0.06,0.11,0.29,0.09,0.39,0.11,0.21,Matches
548,Wojciech Szczęsny,pl POL,GK,Barcelona,34,1990,15,15,"1,350",15,0,0,0,0,0,0,0,0,0,0,0,0,0,0,0,0,0,0,0,0,0,0,0,0,0,Matches
549,Alexander Sørloth,no NOR,FW,Atlético Madrid,28,1995,35,15,"1,566",17.4,1.15,0.11,1.26,1.09,0.06,0.06,0.23,0,0.97,0.92,0.09,1.01,1.84,1.78,4.66,1.15,0.11,1.26,1.09,1.21,0.97,0.09,1.06,0.92,1.01,Matches
550,Renato Tapia,pe PER,"MF,DF",Leganés,29,1995,34,28,"2,424",26.9,0.04,0,0.04,0.04,0,0,0.3,0,0.02,0.02,0.01,0.04,0.63,3.09,0.74,0.04,0,0.04,0.04,0.04,0.02,0.01,0.04,0.02,0.04,Matches
551,César Tárrega,es ESP,DF,Valencia,22,2002,34,34,"3,026",33.6,0.06,0,0.06,0.06,0,0,0.21,0,0.06,0.06,0,0.06,0.6,2.35,0.03,0.06,0,0.06,0.06,0.06,0.06,0,0.06,0.06,0.06,Matches
552,Aurélien Tchouaméni,fr FRA,"DF,MF",Real Madrid,24,2000,32,31,"2,689",29.9,0,0,0,0,0,0,0.17,0,0.06,0.06,0.02,0.07,0.64,5.15,0.43,0,0,0,0,0,0.06,0.02,0.07,0.06,0.07,Matches
553,Álvaro Tejero,es ESP,"MF,DF",Espanyol,28,1996,28,13,"1,238",13.8,0.07,0.29,0.36,0.07,0,0,0.14,0,0.04,0.04,0.21,0.25,1.96,3.33,5.22,0.07,0.29,0.36,0.07,0.36,0.04,0.21,0.26,0.04,0.26,Matches
554,Martín Tejón,es ESP,"MF,DF",Valencia,20,2004,4,0,49,0.5,0,0,0,0,0,0,0,0,0.2,0.2,0,0.2,0,8,12,0,0,0,0,0,0.16,0.05,0.21,0.16,0.21,Matches
555,Nahuel Tenaglia,ar ARG,DF,Alavés,28,1996,34,33,"2,922",32.5,0.06,0.03,0.09,0.06,0,0,0.34,0,0.07,0.07,0.05,0.11,1.29,3.17,3.02,0.06,0.03,0.09,0.06,0.09,0.07,0.05,0.12,0.07,0.12,Matches
556,Marc-André ter Stegen,de GER,GK,Barcelona,32,1992,8,8,674,7.5,0,0,0,0,0,0,0,0,0,0,0,0,0,0.27,0,0,0,0,0,0,0,0,0,0,0,Matches
557,Ramón Terrats,es ESP,"MF,FW",Villarreal,23,2000,11,1,131,1.5,0,0,0,0,0,0,0.67,0,0.07,0.07,0.2,0.2,0.67,4.67,2,0,0,0,0,0,0.04,0.19,0.22,0.04,0.22,Matches
558,Ramón Terrats,es ESP,"MF,FW",Getafe,23,2000,15,15,"1,219",13.5,0.3,0.07,0.37,0.3,0,0,0.07,0,0.16,0.16,0.19,0.35,0.59,2.67,2.74,0.3,0.07,0.37,0.3,0.37,0.16,0.19,0.35,0.16,0.35,Matches
559,Raúl de Tomás,es ESP,"DF,FW",Rayo Vallecano,29,1994,2,0,22,0.2,0,0,0,0,0,0,0,0,0,0,0,0,0,0,10,0,0,0,0,0,0,0,0,0,0,Matches
560,Pablo Torre,es ESP,"MF,FW",Barcelona,21,2003,10,4,310,3.4,0.88,0.29,1.18,0.88,0,0,0,0,0.12,0.12,0.24,0.32,1.47,5,5.88,0.87,0.29,1.16,0.87,1.16,0.11,0.23,0.33,0.11,0.33,Matches
561,David Torres,es ESP,DF,Valladolid,21,2003,18,15,"1,387",15.4,0,0,0,0,0,0,0.32,0,0.02,0.02,0,0.02,0.71,2.4,0.19,0,0,0,0,0,0.02,0,0.02,0.02,0.02,Matches
562,Ferrán Torres,es ESP,"FW,MF",Barcelona,24,2000,27,12,"1,106",12.3,0.81,0.49,1.3,0.81,0,0,0.08,0.08,0.65,0.65,0.25,0.89,1.87,2.85,7.97,0.81,0.49,1.3,0.81,1.3,0.65,0.25,0.9,0.65,0.9,Matches
563,Lucas Torró,es ESP,MF,Osasuna,30,1994,35,35,"2,957",32.9,0.09,0,0.09,0.09,0,0,0.3,0,0.07,0.07,0.04,0.11,0.3,3.31,0.91,0.09,0,0.09,0.09,0.09,0.07,0.04,0.11,0.07,0.11,Matches
564,Hamari Traoré,ml MLI,DF,Real Sociedad,32,1992,11,9,700,7.8,0,0.13,0.13,0,0,0,0.26,0,0,0,0.03,0.04,1.54,3.33,2.56,0,0.13,0.13,0,0.13,0.01,0.03,0.04,0.01,0.04,Matches
565,Óscar Trejo,ar ARG,MF,Rayo Vallecano,36,1988,19,6,496,5.5,0.18,0,0.18,0.18,0,0,0.18,0,0.11,0.11,0.18,0.29,2.73,6.73,5.09,0.18,0,0.18,0.18,0.18,0.11,0.18,0.28,0.11,0.28,Matches
566,Viktor Tsyhankov,ua UKR,"FW,MF",Girona,26,1997,27,23,"1,913",21.3,0.09,0.23,0.33,0.09,0,0,0.05,0,0.13,0.13,0.18,0.31,2.91,3.05,9.15,0.09,0.24,0.33,0.09,0.33,0.13,0.18,0.31,0.13,0.31,Matches
567,Beñat Turrientes,es ESP,MF,Real Sociedad,22,2002,21,11,942,10.5,0,0,0,0,0,0,0.38,0,0.06,0.06,0.02,0.07,1.71,4,2.67,0,0,0,0,0,0.05,0.01,0.07,0.05,0.07,Matches
568,Christantus Uche,ng NGA,"FW,MF",Getafe,21,2003,33,30,"2,486",27.6,0.14,0.22,0.36,0.14,0,0,0.29,0.07,0.14,0.14,0.11,0.24,1.56,1.78,5.36,0.14,0.22,0.36,0.14,0.36,0.14,0.1,0.24,0.14,0.24,Matches
569,Naci Ünüvar,nl NED,"MF,DF",Espanyol,21,2003,2,0,31,0.3,0,0,0,0,0,0,0,0,0,0,0,0.33,3.33,3.33,13.3,0,0,0,0,0,0.14,0.09,0.23,0.14,0.23,Matches
570,Óscar Valentín,es ESP,MF,Rayo Vallecano,29,1994,34,18,"1,835",20.4,0,0,0,0,0,0,0.25,0,0.02,0.02,0.04,0.06,0.64,4.22,0.39,0,0,0,0,0,0.02,0.04,0.06,0.02,0.06,Matches
571,Germán Valera,es ESP,MF,Valencia,22,2002,8,1,148,1.6,0,0,0,0,0,0,0,0,0.06,0.06,0,0.13,0.63,1.25,6.25,0,0,0,0,0,0.08,0.01,0.09,0.08,0.09,Matches
572,Martin Valjent,sk SVK,DF,Mallorca,28,1995,31,31,"2,763",30.7,0.1,0,0.1,0.1,0,0,0.13,0,0.03,0.03,0,0.03,0.75,2.96,0.55,0.1,0,0.1,0.1,0.1,0.03,0,0.03,0.03,0.03,Matches
573,Jesús Vallejo,es ESP,DF,Real Madrid,27,1997,4,1,138,1.5,0,0.67,0.67,0,0,0,0,0,0,0,0.07,0.07,0,3.33,0.67,0,0.65,0.65,0,0.65,0,0.08,0.08,0,0.08,Matches
574,Federico Valverde,uy URU,"MF,DF",Real Madrid,26,1998,36,34,"3,032",33.7,0.18,0.12,0.3,0.18,0,0,0.12,0,0.08,0.08,0.09,0.17,1.96,6.71,2.26,0.18,0.12,0.3,0.18,0.3,0.08,0.09,0.17,0.08,0.17,Matches
575,Siebe Van Der Heyden,be BEL,"DF,MF",Mallorca,26,1998,2,1,97,1.1,0,0,0,0,0,0,0,0,0,0,0.09,0.09,0.91,4.55,0.91,0,0,0,0,0,0.03,0.07,0.1,0.03,0.1,Matches
576,Ruben Vargas,ch SUI,"FW,MF",Sevilla,25,1998,11,9,671,7.5,0.27,0.13,0.4,0.27,0,0,0,0,0.27,0.27,0.11,0.36,3.87,1.87,8.4,0.27,0.13,0.4,0.27,0.4,0.26,0.1,0.37,0.26,0.37,Matches
577,José Luis García Vayá,es ESP,MF,Valencia,25,1998,34,18,"1,742",19.4,0.1,0.1,0.21,0,0.1,0.1,0.41,0.05,0.11,0.03,0.11,0.13,0.67,7.32,0.98,0.1,0.1,0.21,0,0.1,0.11,0.11,0.22,0.03,0.14,Matches
578,Jesus Vazquez,es ESP,DF,Valencia,21,2003,19,10,919,10.2,0,0,0,0,0,0,0.29,0,0.01,0.01,0.06,0.08,3.14,2.06,4.71,0,0,0,0,0,0.01,0.06,0.08,0.01,0.08,Matches
579,Lucas Vázquez,es ESP,DF,Real Madrid,33,1991,32,25,"2,189",24.3,0.04,0.21,0.25,0.04,0,0,0.16,0,0.06,0.06,0.19,0.25,1.52,4.07,7.98,0.04,0.21,0.25,0.04,0.25,0.06,0.19,0.25,0.06,0.25,Matches
580,Alejo Véliz,ar ARG,FW,Espanyol,20,2003,27,10,"1,127",12.5,0.08,0,0.08,0.08,0,0,0.24,0,0.18,0.18,0.05,0.22,0.16,0.64,2.16,0.08,0,0.08,0.08,0.08,0.18,0.04,0.22,0.18,0.22,Matches
581,Mikel Vesga,es ESP,MF,Athletic Club,31,1993,25,10,988,11,0,0,0,0,0,0.09,0.09,0,0.11,0.04,0.09,0.13,0.91,5.82,2,0,0,0,0,0,0.11,0.09,0.2,0.04,0.13,Matches
582,Carlos Vicente,es ESP,"FW,MF",Alavés,25,1999,37,35,"3,092",34.4,0.15,0.15,0.29,0.12,0.03,0.03,0.09,0,0.1,0.08,0.16,0.24,3.02,1.98,6.57,0.15,0.15,0.29,0.12,0.26,0.1,0.16,0.26,0.08,0.24,Matches
583,Pau Victor,es ESP,FW,Barcelona,22,2001,21,2,319,3.5,0.57,0.29,0.86,0.57,0,0,0.57,0,0.86,0.86,0.26,1.11,1.71,3.14,8,0.56,0.28,0.85,0.56,0.85,0.85,0.24,1.09,0.85,1.09,Matches
584,Nacho Vidal,es ESP,DF,Osasuna,29,1995,5,1,124,1.4,0,0,0,0,0,0,0,0,0,0,0,0,2.14,0.71,3.57,0,0,0,0,0,0,0,0,0,0,Matches
585,Fran Vieites,es ESP,GK,Betis,25,1999,4,4,360,4,0,0,0,0,0,0,0,0,0,0,0,0,0,0,0,0,0,0,0,0,0.01,0,0.01,0.01,0.01,Matches
586,Sergio Viera,es ESP,MF,Las Palmas,19,2005,2,1,96,1.1,0,0,0,0,0,0,0.91,0,0,0,0,0,0,1.82,1.82,0,0,0,0,0,0.02,0,0.02,0.02,0.02,Matches
587,Asier Villalibre,es ESP,FW,Alavés,26,1997,16,2,333,3.7,0.27,0.27,0.54,0,0.27,0.27,0.54,0,0.43,0.22,0.27,0.49,1.08,1.89,4.86,0.27,0.27,0.54,0,0.27,0.43,0.27,0.69,0.21,0.48,Matches
588,Iván Villar,es ESP,GK,Celta Vigo,27,1997,4,4,360,4,0,0,0,0,0,0,0,0,0,0,0,0,0,0,0,0,0,0,0,0,0,0,0,0,0,Matches
589,Viti,es ESP,DF,Las Palmas,26,1997,29,23,"1,982",22,0,0.09,0.09,0,0,0,0.23,0,0,0,0.06,0.06,1.95,2,2.95,0,0.09,0.09,0,0.09,0,0.06,0.06,0,0.06,Matches
590,Daniel Vivian,es ESP,DF,Athletic Club,25,1999,32,28,"2,608",29,0.14,0,0.14,0.14,0,0,0.1,0,0.07,0.07,0.01,0.08,1.24,6.38,0.21,0.14,0,0.14,0.14,0.14,0.07,0.01,0.08,0.07,0.08,Matches
591,Krapyvtsov Vladyslav,ua UKR,GK,Girona,19,2005,2,2,180,2,0,0,0,0,0,0,0,0,0,0,0,0,0,0,0,0,0,0,0,0,0,0,0,0,0,Matches
592,Iñaki Williams,gh GHA,FW,Athletic Club,30,1994,35,29,"2,652",29.5,0.2,0.27,0.47,0.2,0,0,0.03,0,0.26,0.26,0.26,0.52,3.63,2.58,10.2,0.2,0.27,0.48,0.2,0.48,0.26,0.27,0.52,0.26,0.52,Matches
593,Nico Williams,es ESP,FW,Athletic Club,22,2002,29,22,"1,996",22.2,0.23,0.23,0.45,0.23,0,0,0.05,0,0.19,0.19,0.16,0.35,5.32,3.11,11.4,0.23,0.23,0.45,0.23,0.45,0.19,0.16,0.35,0.19,0.35,Matches
594,Axel Witsel,be BEL,DF,Atlético Madrid,35,1989,14,9,852,9.5,0,0.11,0.11,0,0,0,0.11,0,0,0,0.05,0.06,0.21,2.21,0.11,0,0.11,0.11,0,0.11,0,0.06,0.06,0,0.06,Matches
595,Lamine Yamal,es ESP,FW,Barcelona,17,2007,35,31,"2,856",31.7,0.28,0.41,0.69,0.28,0,0,0.09,0,0.31,0.31,0.44,0.75,5.71,5.05,13.7,0.28,0.41,0.69,0.28,0.69,0.31,0.44,0.75,0.31,0.75,Matches
596,Daniel Yáñez,es ESP,FW,Real Madrid,17,2007,1,0,2,0,0,0,0,0,0,0,0,0,0,0,0,0,0,0,0,0,0,0,0,0,0,0,0,0,0,Matches
597,Bertuğ Yıldırım,tr TUR,FW,Getafe,22,2002,22,14,"1,083",12,0.08,0,0.08,0.08,0,0,0.58,0,0.21,0.21,0.1,0.31,0.67,1.17,4,0.08,0,0.08,0.08,0.08,0.21,0.1,0.31,0.21,0.31,Matches
598,Arsen Zakharyan,ru RUS,"MF,FW",Real Sociedad,21,2003,3,1,73,0.8,1.25,0,1.25,1.25,0,0,0,0,0.25,0.25,0.13,0.37,0,3.75,5,1.23,0,1.23,1.23,1.23,0.24,0.12,0.36,0.24,0.36,Matches
599,Bryan Zaragoza,es ESP,"FW,MF",Osasuna,23,2001,27,22,"1,836",20.4,0.05,0.29,0.34,0.05,0,0,0.2,0,0.13,0.13,0.16,0.29,5.15,2.45,6.86,0.05,0.29,0.34,0.05,0.34,0.13,0.16,0.29,0.13,0.29,Matches
600,Igor Zubeldia,es ESP,DF,Real Sociedad,27,1997,28,27,"2,269",25.2,0,0,0,0,0,0,0.24,0.04,0.02,0.02,0.02,0.04,0.87,4.01,0.12,0,0,0,0,0,0.02,0.02,0.04,0.02,0.04,Matches
601,Martín Zubimendi,es ESP,MF,Real Sociedad,25,1999,36,33,"2,962",32.9,0.06,0.03,0.09,0.06,0,0,0.18,0,0.08,0.08,0.03,0.11,1.16,5.93,1.31,0.06,0.03,0.09,0.06,0.09,0.08,0.03,0.11,0.08,0.11,Matches