Rk,Player,Nation,Pos,Squad,Age,Born,90s,Tkl,TklW,Def 3rd,Mid 3rd,Att 3rd,Tkl,Att,Tkl%,Lost,Blocks,Sh,Pass,Int,Tkl+Int,Clr,Err,Matches
1,Max Aarons,eng ENG,"DF,MF",Valencia,24,2000,1.3,3.08,3.08,1.54,1.54,0,3.08,3.85,80,0.77,0.77,0,0.77,0,3.08,2.31,0,Matches
2,Rodrigo Abajas,es ESP,DF,Valencia,21,2003,0.7,4.29,2.86,2.86,1.43,0,4.29,4.29,100,0,1.43,0,1.43,1.43,5.71,0,0,Matches
3,Abel,es ESP,DF,Osasuna,23,2000,23,2.65,1.61,1.22,1.09,0.35,1.7,2.74,61.9,1.04,1.26,0.17,1.09,0.78,3.43,2.78,0.09,Matches
4,Nabil Aberdin,fr FRA,MF,Getafe,21,2002,2.9,2.07,1.38,1.03,1.03,0,0.34,0.34,100,0,1.03,0,1.03,0,2.07,1.72,0,Matches
5,Abdel Abqar,ma MAR,DF,Alavés,25,1999,27.4,1.31,0.84,0.88,0.4,0.04,0.73,1.24,58.8,0.51,1.02,0.66,0.36,1.42,2.74,5.33,0.04,Matches
6,Akor Adams,ng NGA,FW,Sevilla,24,2000,1.5,0,0,0,0,0,0,0,,0,0.67,0,0.67,0,0,0.67,0,Matches
7,Adrián,es ESP,GK,Betis,37,1987,19,0,0,0,0,0,0,0.16,0,0.16,0,0,0,0,0,0.74,0.16,Matches
8,Julen Agirrezabala,es ESP,GK,Athletic Club,23,2000,13.4,0,0,0,0,0,0,0.07,0,0.07,0,0,0,0,0,0.3,0,Matches
9,Lucien Agoume,fr FRA,MF,Sevilla,22,2002,23.5,2.98,1.36,0.98,1.57,0.43,1.15,1.66,69.2,0.51,1.28,0.47,0.81,1.74,4.72,1.79,0,Matches
10,Álvaro Aguado,es ESP,MF,Espanyol,28,1996,4.9,1.02,0.41,0.61,0.41,0,0.61,1.84,33.3,1.22,1.43,0.2,1.22,0.82,1.84,1.02,0.2,Matches
11,Lorenzo Aguado,es ESP,DF,Real Madrid,21,2002,0.1,0,0,0,0,0,0,0,,0,0,0,0,0,0,20,0,Matches
12,Nayef Aguerd,ma MAR,DF,Real Sociedad,28,1996,19.6,1.53,1.22,0.87,0.61,0.05,0.61,0.92,66.7,0.31,1.07,0.77,0.31,0.66,2.19,4.64,0,Matches
13,Joseph Aidoo,gh GHA,DF,Valladolid,28,1995,6.5,0.77,0.77,0.46,0.31,0,0.31,0.46,66.7,0.15,1.23,0.62,0.62,0.77,1.54,4,0.15,Matches
14,Joseph Aidoo,gh GHA,DF,Celta Vigo,28,1995,0,1,0,1,0,0,0,0,,0,0,0,0,0,1,0,0,Matches
15,Ilias Akhomach,ma MAR,"MF,FW",Villarreal,20,2004,6.5,1.85,1.08,0.62,0.62,0.62,0.92,1.85,50,0.92,1.23,0,1.23,0.46,2.31,2,0,Matches
16,David Alaba,at AUT,DF,Real Madrid,32,1992,3.5,0.29,0,0.29,0,0,0,0,,0,1.43,1.43,0,1.71,2,2,0,Matches
17,Ibrahim Alani,ng NGA,MF,Valladolid,18,2006,1.8,6.67,3.89,4.44,2.22,0,2.22,3.33,66.7,1.11,1.67,0.56,1.11,0.56,7.22,0.56,0,Matches
18,Raúl Albiol,es ESP,DF,Villarreal,38,1985,13.2,0.76,0.68,0.68,0.08,0,0.45,0.76,60,0.3,0.76,0.68,0.08,0.45,1.21,5.23,0.08,Matches
19,Omar Alderete,py PAR,DF,Getafe,27,1996,33,1.3,0.88,0.91,0.33,0.06,0.61,0.91,66.7,0.3,1.15,0.67,0.48,1.21,2.52,7.3,0.03,Matches
20,Carles Aleñá,es ESP,"MF,FW",Getafe,26,1998,5,1.2,0.6,0.4,0.6,0.2,0.8,2.6,30.8,1.8,1.8,0.2,1.6,0,1.2,1.4,0,Matches
21,Carles Aleñá,es ESP,"MF,FW",Alavés,26,1998,12.1,1.57,0.99,0.5,0.58,0.5,0.58,1.4,41.2,0.83,0.91,0,0.91,0.17,1.74,0.33,0,Matches
22,Alfon,es ESP,"FW,MF",Celta Vigo,25,1999,15.2,0.53,0.2,0.2,0.13,0.2,0.26,0.79,33.3,0.53,0.53,0,0.53,0.33,0.86,0.33,0.07,Matches
23,Tadeo Allende,ar ARG,FW,Celta Vigo,25,1999,0,0,0,0,0,0,0,0,,0,0,0,0,0,0,0,0,Matches
24,Domingos André Ribeiro Almeida,pt POR,"MF,FW",Valencia,24,2000,22,2.18,1.45,0.82,0.95,0.41,0.64,1.77,35.9,1.14,0.95,0.14,0.82,0.36,2.55,0.64,0.05,Matches
25,Iker Almena,es ESP,"FW,DF",Girona,20,2004,0.5,0,0,0,0,0,0,2,0,2,2,0,2,0,0,4,0,Matches
26,Marcos Alonso,es ESP,DF,Celta Vigo,33,1990,29.4,1.19,0.71,0.65,0.44,0.1,0.85,1.5,56.8,0.65,0.75,0.24,0.51,1.16,2.35,4.29,0.14,Matches
27,Adrià Altimira,es ESP,"DF,FW",Leganés,23,2001,18.1,2.27,1.33,1.44,0.66,0.17,1.33,2.21,60,0.88,0.83,0.33,0.5,0.83,3.09,2.98,0.11,Matches
28,Sergi Altimira,es ESP,MF,Betis,22,2001,21.9,2.79,1.69,0.78,1.74,0.27,1.64,2.74,60,1.1,1.28,0.05,1.23,1.1,3.88,1.96,0.14,Matches
29,Hugo Álvarez,es ESP,"MF,DF",Celta Vigo,21,2003,17.5,1.49,0.51,0.69,0.57,0.23,0.57,1.09,52.6,0.51,1.09,0.11,0.97,0.46,1.94,1.66,0.06,Matches
30,Julián Álvarez,ar ARG,FW,Atlético Madrid,24,2000,27.9,0.9,0.61,0.18,0.39,0.32,0.29,1.08,26.7,0.79,0.5,0,0.5,0.07,0.97,0.43,0.04,Matches
31,Yeray Álvarez,es ESP,DF,Athletic Club,29,1995,19.8,1.26,0.66,0.71,0.45,0.1,0.76,1.11,68.2,0.35,0.51,0.3,0.2,1.72,2.98,6.52,0.05,Matches
32,Selim Amallah,ma MAR,MF,Valladolid,27,1996,15.3,1.96,1.18,0.65,1.18,0.13,0.65,1.18,55.6,0.52,1.57,0.13,1.44,0.92,2.88,0.33,0.07,Matches
33,Amath,sn SEN,"FW,DF",Valladolid,28,1996,4.2,0.48,0,0.48,0,0,0.24,1.9,12.5,1.67,1.67,0.24,1.43,0.48,0.95,1.43,0,Matches
34,Marcos André,br BRA,FW,Valladolid,27,1996,13.2,0.76,0.45,0.23,0.38,0.15,0.38,0.98,38.5,0.61,1.36,0.15,1.21,0.23,0.98,0.76,0,Matches
35,Leandro Antonetti,pr PUR,FW,Sevilla,21,2003,0.3,0,0,0,0,0,0,0,,0,0,0,0,0,0,0,0,Matches
36,Antoniu,es ESP,"FW,MF",Espanyol,21,2002,11.4,1.84,0.88,0.79,0.7,0.35,0.79,1.84,42.9,1.05,1.23,0.18,1.05,0.7,2.54,0.96,0.09,Matches
37,Antony,br BRA,FW,Betis,24,2000,15.1,1.66,0.73,0.4,0.6,0.66,0.53,1.46,36.4,0.93,0.79,0.07,0.73,0.66,2.32,0.6,0.07,Matches
38,Anuar,ma MAR,"MF,FW",Valladolid,29,1995,19.1,1.99,1.41,1.1,0.63,0.26,0.79,1.47,53.6,0.68,1.26,0.42,0.84,0.94,2.93,1.36,0.05,Matches
39,Aritz Arambarri,es ESP,DF,Leganés,26,1998,2,0.5,0.5,0.5,0,0,0.5,0.5,100,0,1,1,0,1.5,2,4,0,Matches
40,Mauro Arambarri,uy URU,MF,Getafe,28,1995,29.6,1.62,0.98,0.34,1.11,0.17,0.74,1.62,45.8,0.88,1.18,0.2,0.98,0.51,2.13,1.55,0,Matches
41,Jon Aramburu,ve VEN,DF,Real Sociedad,22,2002,27.3,3.74,2.56,2.23,1.1,0.4,2.42,3.66,66,1.25,1.47,0.29,1.17,1.1,4.84,3.59,0,Matches
42,Ronald Araújo,uy URU,DF,Barcelona,25,1999,8.4,1.43,1.07,0.71,0.6,0.12,0.48,0.6,80,0.12,0.71,0.48,0.24,1.07,2.5,2.98,0,Matches
43,Adu Ares,es ESP,FW,Athletic Club,22,2001,0.2,0,0,0,0,0,0,5,0,5,0,0,0,0,0,0,0,Matches
44,Jesús Areso,es ESP,DF,Osasuna,25,1999,34.2,1.55,1.11,0.91,0.41,0.23,1.14,1.64,69.6,0.5,0.76,0.12,0.64,0.23,1.78,2.69,0,Matches
45,David Argüelles,es ESP,MF,Getafe,22,2002,0.1,0,0,0,0,0,0,0,,0,20,0,20,0,0,0,0,Matches
46,José Arnaiz,es ESP,"FW,MF",Osasuna,29,1995,1.5,4.67,3.33,2,2,0.67,2.67,4.67,57.1,2,1.33,0,1.33,3.33,8,0.67,0,Matches
47,Sergio Arribas,es ESP,DF,Betis,21,2003,1,7,4,4,3,0,6,7,85.7,1,2,2,0,3,10,4,0,Matches
48,Takuma Asano,jp JPN,"FW,MF",Mallorca,29,1994,11.7,1.11,0.77,0.43,0.6,0.09,0.51,0.94,54.5,0.43,0.6,0,0.6,0.51,1.62,0.77,0,Matches
49,Raúl Asencio,es ESP,DF,Real Madrid,21,2003,18.6,1.18,0.86,0.97,0.22,0,0.54,0.7,76.9,0.16,0.59,0.32,0.27,0.86,2.04,4.73,0.11,Matches
50,Iago Aspas,es ESP,"FW,MF",Celta Vigo,36,1987,19.4,0.67,0.41,0.21,0.26,0.21,0.41,1.03,40,0.62,0.93,0.05,0.88,0.41,1.08,0.26,0,Matches
51,Yaser Asprilla,co COL,"FW,MF",Girona,20,2003,15.6,1.41,0.77,0.38,0.51,0.51,0.51,1.47,34.8,0.96,0.9,0,0.9,0.45,1.86,0.45,0.06,Matches
52,Ezequiel Ávila,ar ARG,FW,Betis,30,1994,7.5,1.07,0.4,0.27,0.27,0.53,0.53,1.33,40,0.8,0.53,0,0.53,0.27,1.33,1.07,0,Matches
53,Adam Aznou,ma MAR,DF,Valladolid,18,2006,9.7,2.89,2.16,2.06,0.82,0,2.16,4.43,48.8,2.27,2.47,0.82,1.65,1.03,3.92,3.09,0,Matches
54,César Azpilicueta,es ESP,DF,Atlético Madrid,34,1989,9.7,2.58,1.44,1.24,0.93,0.41,1.75,2.37,73.9,0.62,1.03,0.21,0.82,0.52,3.09,3.3,0,Matches
55,Papa Ba,es ESP,MF,Girona,19,2004,0.5,2,2,2,0,0,0,0,,0,2,0,2,0,2,2,0,Matches
56,Loïc Bade,fr FRA,DF,Sevilla,24,2000,29.8,1.58,0.91,1.24,0.34,0,0.77,1.04,74.2,0.27,0.74,0.44,0.3,0.97,2.55,5.44,0.07,Matches
57,Alex Baena,es ESP,"MF,FW",Villarreal,23,2001,28.8,0.97,0.52,0.21,0.49,0.28,0.35,1.35,25.6,1.01,1.01,0.07,0.94,0.76,1.74,0.76,0.07,Matches
58,Juma Bah,sl SLE,DF,Valladolid,18,2006,9.6,1.04,0.73,0.73,0.31,0,0.31,0.52,60,0.21,1.56,0.83,0.73,1.25,2.29,6.25,0,Matches
59,Eric Bailly,ci CIV,DF,Villarreal,30,1994,6.9,1.74,0.58,0.87,0.87,0,0.43,0.58,75,0.14,1.74,0.87,0.87,0.87,2.61,4.2,0,Matches
60,Stefan Bajcetic,es ESP,"MF,DF",Las Palmas,19,2004,10.8,2.69,1.3,1.2,1.2,0.28,1.11,2.59,42.9,1.48,2.31,0.37,1.94,1.39,4.07,2.41,0.09,Matches
61,Cédric Bakambu,cd COD,FW,Betis,33,1991,7.9,0.76,0.51,0,0.63,0.13,0.38,0.89,42.9,0.51,1.65,0.25,1.39,0,0.76,0.63,0,Matches
62,Alejandro Balde,es ESP,DF,Barcelona,20,2003,25.4,0.71,0.39,0.39,0.2,0.12,0.43,0.67,64.7,0.24,0.94,0.2,0.75,0.2,0.91,1.06,0,Matches
63,Iván Balliu,al ALB,DF,Rayo Vallecano,32,1992,13.3,1.28,1.05,0.6,0.38,0.3,0.45,1.35,33.3,0.9,1.2,0.3,0.9,0.98,2.26,2.93,0,Matches
64,Jonathan Bamba,ci CIV,"FW,MF",Celta Vigo,28,1996,9,1.33,0.78,0.44,0.67,0.22,0.56,1.33,41.7,0.78,0.67,0,0.67,0.56,1.89,0.67,0,Matches
65,Adrian Baquerin,es ESP,FW,Valladolid,17,2007,0.5,2,2,0,2,0,0,0,,0,0,0,0,0,2,2,0,Matches
66,Valentín Barco,ar ARG,"DF,FW",Sevilla,20,2004,3.2,4.69,2.81,2.5,0.94,1.25,3.75,4.69,80,0.94,0,0,0,0.63,5.31,1.56,0,Matches
67,Borna Barišić,hr CRO,DF,Leganés,31,1992,0.1,0,0,0,0,0,0,0,,0,0,0,0,0,0,0,0,Matches
68,Kike Barja,es ESP,"FW,MF",Osasuna,27,1997,3.5,1.43,1.14,0.29,0.86,0.29,0.57,1.14,50,0.57,1.43,0,1.43,0.86,2.29,1.14,0,Matches
69,Enzo Barrenechea,ar ARG,MF,Valencia,23,2001,24.3,2.35,1.23,0.91,1.19,0.25,1.32,1.89,69.6,0.58,1.23,0.33,0.91,1.15,3.5,1.98,0.04,Matches
70,Ander Barrenetxea,es ESP,"MF,FW",Real Sociedad,22,2001,14,1.86,1.36,0.5,1,0.36,0.43,1.64,26.1,1.21,1.07,0,1.07,0.79,2.64,1.14,0.07,Matches
71,Pablo Barrios,es ESP,MF,Atlético Madrid,21,2003,25.9,1.78,1,0.89,0.77,0.12,0.89,1.81,48.9,0.93,0.69,0.19,0.5,1.31,3.09,1.27,0.35,Matches
72,Thierno Barry,fr FRA,FW,Villarreal,21,2002,25.8,0.43,0.31,0.08,0.19,0.16,0.16,0.39,40,0.23,0.58,0.08,0.5,0,0.43,0.74,0,Matches
73,Marc Bartra,es ESP,DF,Betis,33,1991,23.3,1.42,0.82,0.86,0.56,0,0.64,1.12,57.7,0.47,1.76,1.07,0.69,1.42,2.83,6.35,0,Matches
74,Aboubacar Bassinga,ci CIV,MF,Las Palmas,19,2005,0,0,0,0,0,0,0,0,,0,0,0,0,0,0,0,0,Matches
75,Augusto Batalla,ar ARG,GK,Rayo Vallecano,28,1996,32,0.13,0.06,0.13,0,0,0.13,0.19,66.7,0.06,0,0,0,0,0.13,0.47,0.13,Matches
76,Rafael Bauza,es ESP,MF,Espanyol,19,2005,2,2.5,1.5,1.5,0.5,0.5,2,3.5,57.1,1.5,1.5,0.5,1,0,2.5,2.5,0,Matches
77,Sheraldo Becker,sr SUR,"FW,MF",Real Sociedad,29,1995,11.1,0.27,0.18,0,0.27,0,0,0.18,0,0.18,0.36,0,0.36,0.09,0.36,0.9,0,Matches
78,Donny van de Beek,nl NED,MF,Girona,27,1997,15.8,1.84,1.14,1.08,0.44,0.32,0.82,1.65,50,0.82,1.2,0.19,1.01,0.63,2.47,0.76,0,Matches
79,Luken Beitia,es ESP,DF,Real Sociedad,20,2004,0.1,10,10,10,0,0,10,10,100,0,0,0,0,0,10,20,0,Matches
80,Ismael Bekhoucha,ma MAR,"MF,DF",Getafe,19,2004,0.8,1.25,1.25,1.25,0,0,1.25,2.5,50,1.25,2.5,1.25,1.25,2.5,3.75,2.5,0,Matches
81,Héctor Bellerín,es ESP,DF,Betis,29,1995,6.4,2.03,1.09,1.09,0.63,0.31,1.56,2.66,58.8,1.09,0.78,0.47,0.31,0.94,2.97,3.28,0,Matches
82,Jude Bellingham,eng ENG,MF,Real Madrid,21,2003,27.6,2.21,1.2,0.72,0.98,0.51,1.01,1.52,66.7,0.51,1.34,0.07,1.27,1.01,3.22,0.83,0.04,Matches
83,Fran Beltrán,es ESP,MF,Celta Vigo,25,1999,26.9,1.86,1.3,0.89,0.78,0.19,0.89,2.08,42.9,1.19,0.97,0.22,0.74,0.97,2.83,1.26,0.15,Matches
84,Carlos Benavídez,uy URU,MF,Alavés,26,1998,5.4,3.52,2.59,1.85,1.11,0.56,1.11,2.04,54.5,0.93,0.93,0.37,0.56,1.48,5,2.59,0.19,Matches
85,Iker Benito,es ESP,"FW,MF",Osasuna,21,2002,0.4,0,0,0,0,0,0,2.5,0,2.5,0,0,0,2.5,2.5,5,0,Matches
86,Yuri Berchiche,es ESP,DF,Athletic Club,34,1990,22.7,1.45,0.93,0.84,0.48,0.13,0.84,1.45,57.6,0.62,1.1,0.22,0.88,1.19,2.64,3.17,0.13,Matches
87,Álex Berenguer,es ESP,"FW,MF",Athletic Club,29,1995,26,1.23,0.62,0.23,0.62,0.38,0.54,1.19,45.2,0.65,0.88,0.08,0.81,0.38,1.62,0.69,0,Matches
88,Marc Bernal,es ESP,MF,Barcelona,17,2007,2.7,2.96,2.22,0.74,1.85,0.37,2.59,2.96,87.5,0.37,1.85,0.37,1.48,0.37,3.33,1.48,0,Matches
89,Juan Bernat,es ESP,"DF,MF",Villarreal,31,1993,2.4,3.75,2.92,2.92,0.42,0.42,1.67,2.08,80,0.42,1.25,0.42,0.83,0.42,4.17,1.67,0,Matches
90,Juan Bernat,es ESP,"MF,DF",Getafe,31,1993,7.8,2.44,1.67,1.15,0.64,0.64,0.9,1.54,58.3,0.64,1.15,0.38,0.77,0.26,2.69,1.54,0,Matches
91,Juan Berrocal,es ESP,DF,Getafe,25,1999,11.8,1.19,0.59,0.85,0.34,0,0.85,1.19,71.4,0.34,0.51,0.25,0.25,1.27,2.46,5,0,Matches
92,Antonio Blanco,es ESP,MF,Alavés,24,2000,30.3,2.21,1.32,0.76,1.22,0.23,1.06,2.74,38.6,1.68,0.99,0.23,0.76,1.39,3.6,1.58,0.03,Matches
93,Daley Blind,nl NED,DF,Girona,34,1990,30.9,1.59,0.87,0.84,0.61,0.13,1,1.55,64.6,0.55,1.04,0.29,0.74,1.04,2.62,3.04,0.06,Matches
94,Adama Boiro,es ESP,"DF,FW",Athletic Club,22,2002,12.2,1.64,0.9,0.9,0.57,0.16,0.82,1.23,66.7,0.41,0.82,0.25,0.57,0.98,2.62,2.21,0.08,Matches
95,Enzo Boyomo,cm CMR,DF,Osasuna,22,2001,33.2,2.05,1.3,1.39,0.54,0.12,0.9,1.17,76.9,0.27,1.02,0.57,0.45,1.33,3.37,4.13,0.09,Matches
96,Enzo Boyomo,cm CMR,DF,Valladolid,22,2001,3,2,0.67,1.33,0.67,0,1,1,100,0,1.33,1,0.33,0.33,2.33,2.33,0,Matches
97,Darko Brašanac,rs SRB,MF,Leganés,32,1992,18,1.44,0.61,0.28,0.83,0.33,0.5,0.94,52.9,0.44,1.33,0.61,0.72,0.89,2.33,1.89,0,Matches
98,Tajon Buchanan,ca CAN,MF,Villarreal,25,1999,4.6,2.17,1.09,1.3,0.87,0,1.3,1.96,66.7,0.65,1.3,0,1.3,0.22,2.39,0.22,0,Matches
99,Ante Budimir,hr CRO,FW,Osasuna,33,1991,32.8,0.61,0.27,0.09,0.34,0.18,0.09,0.4,23.1,0.3,0.58,0.12,0.46,0.06,0.67,0.79,0,Matches
100,Manu Bueno,es ESP,"MF,FW",Sevilla,20,2004,1.6,2.5,1.88,0,0.63,1.88,0.63,1.25,50,0.63,0,0,0,0,2.5,1.25,0,Matches
101,Endika Buján,es ESP,FW,Athletic Club,21,2003,0.1,0,0,0,0,0,0,10,0,10,0,0,0,0,0,0,0,Matches
102,Pau Cabanes,es ESP,"MF,FW",Villarreal,19,2005,1.8,2.22,2.22,0,1.67,0.56,1.67,2.22,75,0.56,2.78,0,2.78,1.67,3.89,1.11,0.56,Matches
103,Pau Cabanes,es ESP,"MF,FW",Alavés,19,2005,2.1,3.81,0.95,1.9,1.43,0.48,2.86,6.19,46.2,3.33,0.95,0,0.95,0,3.81,0.48,0,Matches
104,Leandro Cabrera,uy URU,DF,Espanyol,33,1991,31.9,1.25,0.72,0.91,0.25,0.09,0.6,1.03,57.6,0.44,1.1,0.78,0.31,0.94,2.19,6.24,0.06,Matches
105,Fernando Calero,es ESP,"DF,MF",Espanyol,28,1995,7.9,2.28,1.27,1.65,0.51,0.13,1.01,1.52,66.7,0.51,2.03,1.14,0.89,2.03,4.3,6.33,0.13,Matches
106,Eduardo Camavinga,fr FRA,"MF,DF",Real Madrid,21,2002,12.2,3.44,2.13,1.89,1.31,0.25,1.56,2.7,57.6,1.15,1.97,0.66,1.31,1.48,4.92,1.89,0,Matches
107,Sergio Camello,es ESP,FW,Rayo Vallecano,23,2001,12.6,0.71,0.24,0.16,0.4,0.16,0.32,0.48,66.7,0.16,0.63,0.08,0.56,0.32,1.03,1.27,0,Matches
108,José Campaña,es ESP,MF,Las Palmas,31,1993,13.2,1.59,1.21,0.61,0.83,0.15,0.83,1.52,55,0.68,0.68,0.08,0.61,1.44,3.03,1.44,0.15,Matches
109,Peio Canales,es ESP,"MF,FW",Athletic Club,19,2005,2.9,1.03,0.69,0,0.34,0.69,0.34,0.34,100,0,1.03,0,1.03,0.69,1.72,0.69,0,Matches
110,Antonio Candela,it ITA,DF,Valladolid,24,2000,10.1,0.89,0.59,0.59,0.2,0.1,0.4,1.09,36.4,0.69,1.09,0.59,0.5,0.59,1.49,3.27,0,Matches
111,Sergi Canós,es ESP,"MF,FW",Valencia,27,1997,4.1,2.68,1.71,0.73,0.98,0.98,0.98,2.44,40,1.46,1.46,0.24,1.22,1.22,3.9,1.22,0,Matches
112,Dani Cárdenas,es ESP,GK,Rayo Vallecano,27,1997,6,0,0,0,0,0,0,0,,0,0,0,0,0,0,0.5,0,Matches
113,Irvin Cardona,fr FRA,"FW,MF",Espanyol,26,1997,6.7,1.19,0.75,0.3,0.6,0.3,0.9,2.39,37.5,1.49,0.75,0.15,0.6,0.6,1.79,1.49,0,Matches
114,Marc Cardona,es ESP,"FW,DF",Las Palmas,29,1995,1.5,2.67,1.33,0.67,2,0,0,0.67,0,0.67,0,0,0,0,2.67,0,0,Matches
115,Sergi Cardona,es ESP,DF,Villarreal,25,1999,32.7,2.17,1.47,1.35,0.61,0.21,1.5,2.42,62,0.92,1.59,0.21,1.38,1.22,3.39,3.73,0.03,Matches
116,Johnny Cardoso,us USA,MF,Betis,22,2001,23.8,2.31,1.3,0.5,1.47,0.34,0.84,2.18,38.5,1.34,1.13,0.5,0.63,2.02,4.33,2.69,0.04,Matches
117,José Carlos González,es ESP,DF,Las Palmas,18,2006,0.1,0,0,0,0,0,0,0,,0,0,0,0,0,0,0,0,Matches
118,Carmona,es ESP,DF,Sevilla,22,2002,32.7,2.54,1.8,1.62,0.64,0.28,1.25,2.35,53.2,1.1,1.13,0.34,0.8,2.08,4.62,2.81,0.09,Matches
119,Sergio Carreira,es ESP,"MF,DF",Celta Vigo,23,2000,18.4,1.52,0.87,0.87,0.33,0.33,0.76,1.41,53.8,0.65,1.09,0.11,0.98,0.92,2.45,2.01,0,Matches
120,Dani Carvajal,es ESP,DF,Real Madrid,32,1992,6.8,1.76,1.18,1.03,0.44,0.29,1.32,1.76,75,0.44,1.18,0.44,0.74,1.47,3.24,2.79,0.15,Matches
121,William Carvalho,pt POR,MF,Betis,32,1992,5.4,1.67,1.11,0.56,1.11,0,0.74,1.11,66.7,0.37,1.11,0.37,0.74,0.56,2.22,1.11,0,Matches
122,Marc Casado,es ESP,MF,Barcelona,20,2003,17.9,2.46,1.4,0.39,1.68,0.39,1.12,2.29,48.8,1.17,1.12,0.28,0.84,1.23,3.69,1.23,0.06,Matches
123,Catena,es ESP,DF,Osasuna,29,1994,34.2,1.35,0.82,0.99,0.29,0.06,0.79,1.29,61.4,0.5,1.17,0.73,0.44,1.02,2.37,6.46,0.06,Matches
124,Maximiliano Caufriez,be BEL,DF,Valencia,27,1997,1,1,1,1,0,0,1,1,100,0,2,1,1,1,2,4,0,Matches
125,Dani Ceballos,es ESP,MF,Real Madrid,27,1996,13.5,3.04,1.56,1.26,1.33,0.44,1.48,2.96,50,1.48,1.19,0.3,0.89,1.04,4.07,0.74,0.15,Matches
126,Franco Cervi,ar ARG,"FW,MF",Celta Vigo,30,1994,3,2.67,1,0.67,2,0,1,2.67,37.5,1.67,1.33,0,1.33,2.67,5.33,2.33,0,Matches
127,Raúl Chasco,es ESP,DF,Valladolid,20,2003,1.4,2.86,0.71,2.14,0.71,0,1.43,2.86,50,1.43,0.71,0,0.71,1.43,4.29,1.43,0,Matches
128,Pep Chavarría,es ESP,"DF,FW",Rayo Vallecano,26,1998,28.7,1.6,1.25,1.05,0.49,0.07,0.98,1.57,62.2,0.59,1.22,0.31,0.91,1.05,2.65,3.76,0.03,Matches
129,Walid Cheddira,ma MAR,FW,Espanyol,26,1998,7.1,0.7,0,0.14,0.14,0.42,0,0.14,0,0.14,0.56,0,0.56,0.14,0.85,0.85,0,Matches
130,Chema,es ESP,MF,Real Madrid,19,2005,0.1,0,0,0,0,0,0,0,,0,0,0,0,0,0,10,0,Matches
131,Julián Chicco,ar ARG,"MF,DF",Leganés,26,1998,3.4,3.24,2.06,0.88,1.76,0.59,1.47,2.35,62.5,0.88,0.59,0,0.59,1.18,4.41,2.94,0,Matches
132,Chiquinho,pt POR,"MF,FW",Mallorca,24,2000,1.6,0.63,0,0,0.63,0,0,4.38,0,4.38,1.88,0,1.88,1.25,1.88,0,0,Matches
133,Andreas Christensen,dk DEN,DF,Barcelona,28,1996,2.8,2.14,1.43,1.43,0.36,0.36,1.43,1.43,100,0,0.71,0,0.71,1.43,3.57,3.21,0,Matches
134,Jasper Cillessen,nl NED,GK,Las Palmas,35,1989,25.9,0.04,0,0.04,0,0,0.04,0.15,25,0.12,0,0,0,0,0.04,0.42,0.08,Matches
135,Pathé Ciss,sn SEN,"MF,DF",Rayo Vallecano,30,1994,23.8,2.06,1.01,1.09,0.92,0.04,0.84,1.72,48.8,0.88,1.3,0.42,0.88,1.68,3.74,2.56,0.13,Matches
136,Seydouba Cissé,gn GUI,MF,Leganés,23,2001,27.1,2.18,1.37,0.66,1,0.52,0.85,1.85,46,1,0.92,0.04,0.89,0.44,2.62,1.66,0.04,Matches
137,Silvi Clúa,es ESP,MF,Girona,19,2005,1.8,4.44,3.89,2.22,1.67,0.56,2.22,3.33,66.7,1.11,0.56,0,0.56,1.11,5.56,3.33,0,Matches
138,Eray Cömert,ch SUI,"DF,MF",Valladolid,26,1998,19.8,1.21,0.71,0.76,0.45,0,0.61,1.06,57.1,0.45,1.41,0.76,0.66,1.21,2.42,3.79,0.1,Matches
139,Santi Comesaña,es ESP,MF,Villarreal,27,1996,28.4,2.99,1.73,1.55,1.13,0.32,1.48,2.68,55.3,1.2,1.97,0.77,1.2,0.67,3.66,1.97,0.04,Matches
140,Diego Conde,es ESP,GK,Villarreal,25,1998,21.8,0.09,0.09,0.09,0,0,0.09,0.18,50,0.09,0,0,0,0.05,0.14,0.41,0.09,Matches
141,Tomás Conechny,ar ARG,"FW,MF",Alavés,26,1998,9.4,1.6,1.28,0.64,0.74,0.21,0.96,2.87,33.3,1.91,1.49,0.21,1.28,0.64,2.23,1.06,0,Matches
142,Copete,es ESP,DF,Mallorca,24,1999,17,1.71,1,1.06,0.59,0.06,0.65,0.71,91.7,0.06,1.41,0.94,0.47,1,2.71,7.24,0.12,Matches
143,Iker Córdoba,es ESP,DF,Valencia,18,2005,0.2,0,0,0,0,0,0,0,,0,0,0,0,0,0,5,0,Matches
144,Ángel Correa,ar ARG,"FW,MF",Atlético Madrid,29,1995,8.9,1.01,0.34,0.45,0.11,0.45,0.56,1.69,33.3,1.12,1.12,0,1.12,0.45,1.46,0.9,0,Matches
145,Thierry Correia,pt POR,DF,Valencia,25,1999,8.5,3.18,2.12,2.24,0.59,0.35,1.53,2.71,56.5,1.18,1.18,0.12,1.06,0.47,3.65,2.12,0,Matches
146,Coba da Costa,es ESP,"MF,FW",Getafe,22,2002,11.2,2.59,1.16,0.8,1.43,0.36,1.16,2.32,50,1.16,2.14,0,2.14,0.71,3.3,0.89,0,Matches
147,Logan Costa,cv CPV,DF,Villarreal,23,2001,28.7,1.32,0.73,0.87,0.42,0.03,0.84,1.01,82.8,0.17,0.87,0.49,0.38,0.73,2.06,4.01,0.07,Matches
148,Samu Costa,pt POR,MF,Mallorca,23,2000,29.4,3.06,1.5,1.53,1.43,0.1,1.19,2.69,44.3,1.5,1.63,0.51,1.12,1.09,4.15,2.89,0.03,Matches
149,Thibaut Courtois,be BEL,GK,Real Madrid,32,1992,30,0,0,0,0,0,0,0,,0,0,0,0,0.03,0.03,0.5,0.03,Matches
150,Juan Cruz Armada,es ESP,DF,Osasuna,32,1992,16.6,1.57,0.84,0.66,0.78,0.12,0.9,1.45,62.5,0.54,0.9,0.24,0.66,0.54,2.11,4.1,0,Matches
151,Juan Cruz,es ESP,"FW,MF",Leganés,24,2000,25.1,1.27,0.76,0.56,0.64,0.08,0.68,1.39,48.6,0.72,0.72,0.08,0.64,0.52,1.79,1.24,0,Matches
152,Pau Cubarsí,es ESP,DF,Barcelona,17,2007,29.1,1.17,0.79,0.72,0.34,0.1,0.65,1.03,63.3,0.38,0.41,0.31,0.1,0.55,1.72,2.96,0.03,Matches
153,Cucho,co COL,FW,Betis,25,1999,12.7,1.18,0.79,0.16,0.39,0.63,0.47,0.87,54.5,0.39,1.02,0.08,0.94,0.55,1.73,0.31,0,Matches
154,Arnaut Danjuma,nl NED,FW,Villarreal,27,1997,2.2,0.91,0.45,0,0.45,0.45,0,0.45,0,0.45,0.45,0,0.45,0,0.91,0,0,Matches
155,Arnaut Danjuma,nl NED,"FW,MF",Girona,27,1997,14.8,0.54,0.41,0.2,0.2,0.14,0.14,0.47,28.6,0.34,0.34,0.07,0.27,0.14,0.68,0.27,0,Matches
156,Sergi Darder,es ESP,"MF,FW",Mallorca,30,1993,30.5,1.31,0.85,0.49,0.52,0.3,0.56,1.51,37,0.95,0.62,0.03,0.59,0.52,1.84,0.75,0.03,Matches
157,Rodrigo De Paul,ar ARG,MF,Atlético Madrid,30,1994,23.4,1.41,1.11,0.51,0.68,0.21,0.6,1.41,42.4,0.81,1.07,0.09,0.98,0.26,1.67,0.64,0.13,Matches
158,Mouctar Diakhaby,gn GUI,DF,Valencia,27,1996,7.3,1.1,0.41,1.1,0,0,0.55,0.82,66.7,0.27,1.1,0.82,0.27,1.51,2.6,7.67,0,Matches
159,Assane Diao,sn SEN,FW,Betis,18,2005,3.1,1.61,0.97,0.32,0.97,0.32,1.29,2.9,44.4,1.61,0.97,0,0.97,0,1.61,0.97,0,Matches
160,Moussa Diarra,ml MLI,DF,Alavés,23,2000,20.7,1.93,1.16,0.92,0.87,0.14,0.82,1.4,58.6,0.58,0.72,0.24,0.48,1.01,2.95,2.22,0.05,Matches
161,Brahim Díaz,ma MAR,"FW,MF",Real Madrid,24,1999,15.4,1.62,1.23,0.58,0.84,0.19,0.45,1.23,36.8,0.78,1.04,0.06,0.97,0.26,1.88,0.13,0.06,Matches
162,Daniel Díaz,es ESP,MF,Real Sociedad,18,2006,0.1,10,10,10,0,0,0,0,,0,10,0,10,0,10,0,0,Matches
163,Pedro Díaz,es ESP,MF,Rayo Vallecano,26,1998,13.5,1.7,1.11,0.52,1.04,0.15,1.04,3.04,34.1,2,1.19,0,1.19,0.52,2.22,0.52,0.07,Matches
164,Diego,es ESP,FW,Leganés,24,2000,13.3,0.08,0.08,0,0,0.08,0.08,0.53,14.3,0.45,0.3,0.08,0.23,0.15,0.23,0.83,0,Matches
165,Stole Dimitrievski,mk MKD,GK,Valencia,30,1993,4,0,0,0,0,0,0,0,,0,0,0,0,0,0,0.75,0.25,Matches
166,Yan Diomandé,ci CIV,"MF,FW",Leganés,17,2006,6.1,2.3,1.48,0.16,1.31,0.82,0.82,2.46,33.3,1.64,1.31,0,1.31,1.31,3.61,0.98,0,Matches
167,Álvaro djaló,es ESP,FW,Athletic Club,24,1999,7.3,1.1,0.68,0.41,0.27,0.41,0.14,0.41,33.3,0.27,0.55,0,0.55,0.14,1.23,0.55,0,Matches
168,Djené,tg TOG,"DF,MF",Getafe,32,1991,28.3,0.88,0.46,0.42,0.39,0.07,0.42,1.13,37.5,0.71,0.64,0.28,0.35,0.74,1.63,3.78,0.11,Matches
169,Marko Dmitrović,rs SRB,GK,Leganés,32,1992,32,0.03,0.03,0.03,0,0,0.03,0.06,50,0.03,0,0,0,0,0.03,0.84,0.09,Matches
170,Marc Domenech,es ESP,"FW,MF",Mallorca,18,2006,3.4,1.18,1.18,0.59,0.29,0.29,0.59,1.47,40,0.88,0.59,0,0.59,0,1.18,0.59,0,Matches
171,Carlos Dominguez,es ESP,DF,Celta Vigo,23,2001,13.1,1.76,0.84,1.07,0.69,0,1.15,1.6,71.4,0.46,1.22,0.84,0.38,0.99,2.75,6.11,0.08,Matches
172,Israel Domínguez,es ESP,FW,Sevilla,21,2003,0.2,0,0,0,0,0,0,0,,0,0,0,0,0,0,0,0,Matches
173,Sergi Dominguez,es ESP,DF,Barcelona,19,2005,1.9,0.53,0.53,0.53,0,0,0,0,,0,0,0,0,1.58,2.11,3.68,0,Matches
174,Anastasios Douvikas,gr GRE,FW,Celta Vigo,24,1999,7.8,1.15,0.51,0.26,0.77,0.13,0.38,0.77,50,0.38,0.64,0.26,0.38,0.38,1.54,0.77,0,Matches
175,Domingos Duarte,pt POR,DF,Getafe,29,1995,20.7,1.35,0.72,1.06,0.19,0.1,0.82,1.01,81,0.19,1.35,0.77,0.58,0.87,2.22,7.34,0.05,Matches
176,Duk,cv CPV,"MF,FW",Leganés,24,2000,2,4,2,1.5,1.5,1,1.5,2.5,60,1,2,0,2,0.5,4.5,1,0,Matches
177,Pablo Durán,es ESP,"FW,MF",Celta Vigo,23,2001,15.5,1.1,0.58,0.26,0.45,0.39,0.32,1.03,31.3,0.71,0.77,0.19,0.58,0.52,1.61,1.16,0,Matches
178,Hugo Duro,es ESP,FW,Valencia,24,1999,24.1,0.54,0.33,0.17,0.29,0.08,0.21,0.54,38.5,0.33,0.46,0.08,0.37,0.41,0.95,0.46,0,Matches
179,Chidera Ejuke,ng NGA,FW,Sevilla,26,1998,10.7,1.78,1.21,0.75,0.84,0.19,0.84,1.87,45,1.03,1.12,0,1.12,0.47,2.24,0.75,0,Matches
180,Aritz Elustondo,es ESP,DF,Real Sociedad,30,1994,16.2,1.23,0.68,0.93,0.19,0.12,0.68,1.17,57.9,0.49,1.05,0.74,0.31,0.68,1.91,5.93,0,Matches
181,Adri Embarba,es ESP,"FW,MF",Rayo Vallecano,32,1992,17.9,2.29,1.12,0.95,0.95,0.39,1.01,2.63,38.3,1.62,1.01,0.06,0.95,0.73,3.02,0.78,0.11,Matches
182,Endrick,br BRA,FW,Real Madrid,18,2006,4,0.25,0.25,0.25,0,0,0.25,0.75,33.3,0.5,0,0,0,1,1.25,0.25,0,Matches
183,Alfonso Espino,uy URU,DF,Rayo Vallecano,32,1992,9.3,4.41,2.58,3.33,0.86,0.22,2.8,5.05,55.3,2.26,2.04,0.65,1.4,1.29,5.7,3.44,0.11,Matches
184,Dario Essugo,pt POR,MF,Las Palmas,19,2005,21.5,2.74,2.09,1.3,1.21,0.23,1.3,2.14,60.9,0.84,1.3,0.51,0.79,1.95,4.7,2.19,0.33,Matches
185,Etienne Eto'o,cm CMR,FW,Rayo Vallecano,21,2002,0.4,0,0,0,0,0,0,2.5,0,2.5,0,0,0,0,0,2.5,0,Matches
186,Karl Etta,cm CMR,"MF,FW",Villarreal,20,2003,0.4,0,0,0,0,0,0,2.5,0,2.5,2.5,0,2.5,0,0,0,0,Matches
187,Edu Expósito,es ESP,MF,Espanyol,27,1996,11.6,1.98,1.12,0.78,1.12,0.09,0.78,1.98,39.1,1.21,0.26,0,0.26,1.29,3.28,1.81,0.17,Matches
188,Abde Ezzalzouli,ma MAR,"FW,MF",Betis,22,2001,22,1.68,1.14,0.77,0.73,0.18,0.68,1.23,55.6,0.55,1,0.14,0.86,0.32,2,0.86,0,Matches
189,Ansu Fati,es ESP,FW,Barcelona,21,2002,2.6,1.54,0.38,0,0.77,0.77,0.38,0.77,50,0.38,0.38,0,0.38,0.38,1.92,0,0.38,Matches
190,Nabil Fekir,fr FRA,MF,Betis,31,1993,2,1.5,1,0.5,0.5,0.5,0.5,1,50,0.5,1,0,1,0,1.5,0,0,Matches
191,Kiko Femenía,es ESP,DF,Villarreal,33,1991,24.7,2.02,1.38,1.38,0.57,0.08,1.34,2.31,57.9,0.97,0.85,0.4,0.45,1.62,3.64,2.51,0.12,Matches
192,Aitor Fernández,es ESP,GK,Osasuna,33,1991,1,0,0,0,0,0,0,0,,0,0,0,0,0,0,2,0,Matches
193,Álvaro Fernández,es ESP,GK,Sevilla,26,1998,8.3,0,0,0,0,0,0,0.12,0,0.12,0,0,0,0,0,0.84,0,Matches
194,Pelayo Fernandez,es ESP,DF,Rayo Vallecano,21,2003,1.1,0,0,0,0,0,0,0,,0,0,0,0,1.82,1.82,8.18,0,Matches
195,Roberto Férnandez,es ESP,FW,Espanyol,22,2002,16.6,0.24,0.24,0.12,0.06,0.06,0,0.3,0,0.3,0.54,0.06,0.48,0.18,0.42,1.57,0,Matches
196,Valery Fernández,es ESP,"MF,FW",Mallorca,24,1999,3.4,2.35,2.06,0.88,0.59,0.88,1.47,2.06,71.4,0.59,0.88,0.29,0.59,0,2.35,0.29,0,Matches
197,André Ferreira,pt POR,GK,Valladolid,28,1996,6,0,0,0,0,0,0,0,,0,0,0,0,0,0,0.67,0.33,Matches
198,Mateo Flores,es ESP,MF,Betis,20,2004,1.7,1.76,0.59,1.76,0,0,0.59,0.59,100,0,0.59,0,0.59,1.18,2.94,1.76,0,Matches
199,Pablo Fornals,es ESP,"MF,FW",Betis,28,1996,20.3,1.03,0.64,0.59,0.3,0.15,0.49,1.48,33.3,0.99,1.18,0.2,0.99,1.13,2.17,0.74,0.05,Matches
200,Héctor Fort,es ESP,DF,Barcelona,17,2006,6.5,2,1.23,0.92,0.62,0.46,1.54,2.46,62.5,0.92,1.85,0,1.85,0.92,2.92,2.46,0,Matches
201,Dimitri Foulquier,fr FRA,DF,Valencia,31,1993,25.5,1.88,1.22,1.14,0.51,0.24,0.94,1.41,66.7,0.47,0.82,0.2,0.63,0.63,2.51,3.37,0.04,Matches
202,Juan Foyth,ar ARG,DF,Villarreal,26,1998,16.9,1.48,0.89,0.89,0.36,0.24,0.65,0.95,68.8,0.3,1.54,1.01,0.53,1.12,2.6,7.04,0.18,Matches
203,Fran,es ESP,GK,Real Madrid,19,2005,1,0,0,0,0,0,0,0,,0,0,0,0,0,0,2,0,Matches
204,Alejandro Francés,es ESP,DF,Girona,21,2002,13,2.77,1.85,1.69,1,0.08,2.15,3.08,70,0.92,1.31,0.62,0.69,1.31,4.08,4,0,Matches
205,Enric Franquesa,es ESP,"DF,FW",Leganés,27,1997,6.8,2.5,1.32,1.32,0.88,0.29,1.32,1.91,69.2,0.59,1.03,0.15,0.88,0.74,3.24,1.76,0,Matches
206,Jorge de Frutos,es ESP,"FW,MF",Rayo Vallecano,27,1997,27.7,1.34,0.76,0.58,0.47,0.29,0.51,1.66,30.4,1.16,0.79,0,0.79,0.69,2.02,0.87,0.04,Matches
207,Darío Fuentes,es ESP,DF,Sevilla,21,2003,0.1,0,0,0,0,0,0,0,,0,0,0,0,0,0,0,0,Matches
208,Manuel Fuster,es ESP,"FW,MF",Las Palmas,26,1997,11.1,1.71,0.99,0.45,0.72,0.54,1.35,2.52,53.6,1.17,1.17,0.27,0.9,0.36,2.07,1.53,0,Matches
209,Javi Galán,es ESP,DF,Atlético Madrid,29,1994,19.8,2.58,1.57,1.57,0.76,0.25,1.26,2.47,51,1.21,0.66,0.15,0.51,0.61,3.18,2.37,0,Matches
210,Iñigo Ruiz de Galarreta,es ESP,MF,Athletic Club,30,1993,16.4,2.2,1.34,0.67,1.04,0.49,1.22,1.89,64.5,0.67,0.67,0.24,0.43,0.98,3.17,0.85,0.12,Matches
211,Conor Gallagher,eng ENG,MF,Atlético Madrid,24,2000,18.1,2.49,1.77,0.88,1.05,0.55,1.22,2.71,44.9,1.49,1.27,0.28,0.99,1.1,3.59,1.27,0,Matches
212,Facundo Garcés,ar ARG,DF,Alavés,24,1999,7.5,0.8,0.27,0.53,0.27,0,0.4,0.67,60,0.27,1.07,0.8,0.27,0.67,1.47,6.8,0,Matches
213,Álvaro García,es ESP,"FW,MF",Rayo Vallecano,31,1992,28.4,1.16,0.85,0.67,0.28,0.21,0.42,1.09,38.7,0.67,1.09,0,1.09,1.13,2.29,1.48,0.04,Matches
214,Eric García,es ESP,"DF,MF",Barcelona,23,2001,17.4,2.18,1.21,0.63,1.38,0.17,1.15,1.67,69,0.52,1.38,0.46,0.92,0.8,2.99,2.36,0,Matches
215,Fran Garcia,es ESP,DF,Real Madrid,24,1999,24.1,2.12,1.49,1.2,0.66,0.25,1.16,2.12,54.9,0.95,1.12,0.21,0.91,1.16,3.28,2.78,0.04,Matches
216,Gonzalo García,es ESP,"FW,DF",Real Madrid,20,2004,0.6,0,0,0,0,0,0,0,,0,1.67,0,1.67,0,0,0,0,Matches
217,Joan García,es ESP,GK,Espanyol,23,2001,38,0,0,0,0,0,0,0.03,0,0.03,0.03,0,0.03,0,0,0.47,0.11,Matches
218,Pablo Garcia,es ESP,FW,Betis,17,2006,0.4,0,0,0,0,0,0,0,,0,2.5,0,2.5,0,0,0,0,Matches
219,Rubén García,es ESP,"FW,MF",Osasuna,31,1993,26.8,1.94,1.16,0.75,0.78,0.41,0.97,2.24,43.3,1.27,1.38,0.11,1.27,0.56,2.5,1.27,0.04,Matches
220,Unai García,es ESP,DF,Osasuna,32,1992,0.7,0,0,0,0,0,0,0,,0,1.43,0,1.43,0,0,1.43,0,Matches
221,Yarek Gasiorowski,es ESP,DF,Valencia,19,2005,10.5,1.81,1.52,1.52,0.29,0,0.86,1.24,69.2,0.38,1.62,0.57,1.05,2.48,4.29,5.71,0,Matches
222,Gavi,es ESP,"MF,FW",Barcelona,19,2004,12.1,2.48,1.74,0.83,1.24,0.41,1.24,2.15,57.7,0.91,1.16,0.08,1.07,0.83,3.31,0.58,0,Matches
223,Paulo Gazzaniga,ar ARG,GK,Girona,32,1992,35.5,0.03,0.03,0.03,0,0,0.03,0.03,100,0,0.03,0,0.03,0,0.03,0.48,0.08,Matches
224,Bryan Gil,es ESP,"FW,MF",Girona,23,2001,19.1,1.78,1.05,0.52,0.79,0.47,0.73,1.57,46.7,0.84,1.26,0,1.26,0.52,2.3,0.47,0.21,Matches
225,Dani Gómez,es ESP,FW,Valencia,26,1998,5.9,0.51,0.34,0,0,0.51,0,0,,0,0.17,0,0.17,0.34,0.85,0.68,0,Matches
226,Moi Gómez,es ESP,"MF,FW",Osasuna,30,1994,8.8,1.48,1.02,0.45,0.8,0.23,0.45,0.91,50,0.45,0.57,0.23,0.34,0.68,2.16,0.8,0.11,Matches
227,Sergi Gómez,es ESP,DF,Espanyol,32,1992,7.4,1.08,0.68,0.95,0.14,0,0.27,0.41,66.7,0.14,1.62,1.08,0.54,0.95,2.03,5.14,0,Matches
228,Sergio Gómez,es ESP,"MF,DF",Real Sociedad,23,2000,30.4,2.34,1.28,0.99,0.95,0.39,0.99,1.84,53.6,0.86,1.45,0.1,1.35,0.63,2.96,0.99,0.07,Matches
229,Unai Gómez,es ESP,"MF,FW",Athletic Club,21,2003,14.3,0.84,0.56,0.21,0.49,0.14,0.28,0.49,57.1,0.21,0.91,0.07,0.84,0.14,0.98,1.05,0.07,Matches
230,Fabio González,es ESP,MF,Las Palmas,27,1997,0.6,0,0,0,0,0,0,1.67,0,1.67,0,0,0,0,0,0,0,Matches
231,Peter González,do DOM,"MF,FW",Getafe,22,2002,5.3,2.08,1.13,0.38,0.94,0.75,1.13,1.7,66.7,0.57,1.51,0,1.51,0.38,2.45,0.94,0,Matches
232,Urko González,es ESP,MF,Espanyol,23,2001,15.3,3.01,1.83,1.57,1.37,0.07,1.83,2.88,63.6,1.05,1.76,0.78,0.98,0.52,3.53,2.55,0.07,Matches
233,Urko González,es ESP,MF,Real Sociedad,23,2001,0.5,0,0,0,0,0,0,0,,0,2,2,0,0,0,0,0,Matches
234,Andoni Gorosabel,es ESP,DF,Athletic Club,27,1996,16.5,2.85,1.7,1.88,0.55,0.42,1.82,2.73,66.7,0.91,1.09,0.12,0.97,1.09,3.94,3.76,0,Matches
235,José Gragera,es ESP,MF,Espanyol,23,2000,6.3,3.97,2.54,1.75,2.22,0,1.43,2.7,52.9,1.27,1.43,0.16,1.27,0.79,4.76,2.06,0,Matches
236,Dominik Greif,sk SVK,GK,Mallorca,27,1997,31,0,0,0,0,0,0,0,,0,0,0,0,0,0,0.42,0.03,Matches
237,Antoine Griezmann,fr FRA,"FW,MF",Atlético Madrid,33,1991,27.4,1.09,0.62,0.47,0.47,0.15,0.26,1.06,24.1,0.8,0.73,0.04,0.69,0.22,1.31,0.84,0.04,Matches
238,Florian Grillitsch,at AUT,MF,Valladolid,28,1995,6.9,1.59,1.01,1.01,0.43,0.14,1.01,2.17,46.7,1.16,1.74,0.29,1.45,0.58,2.17,0.72,0.14,Matches
239,Vicente Guaita,es ESP,GK,Celta Vigo,37,1987,34,0,0,0,0,0,0,0,,0,0,0,0,0,0,0.62,0.09,Matches
240,Sergi Guardiola,es ESP,FW,Rayo Vallecano,33,1991,4,1.25,0.75,0,1.25,0,0.5,0.75,66.7,0.25,0.25,0,0.25,0.25,1.5,0.5,0,Matches
241,Nemanja Gudelj,rs SRB,"MF,DF",Sevilla,32,1991,27.7,1.52,0.87,0.58,0.79,0.14,0.76,1.26,60,0.51,0.97,0.36,0.61,0.97,2.49,3.39,0.04,Matches
242,Javier Guerra,es ESP,MF,Valencia,21,2003,28.7,1.74,0.94,0.63,0.73,0.38,0.91,1.95,46.4,1.05,0.52,0.1,0.42,0.7,2.44,1.71,0.1,Matches
243,Ander Guevara,es ESP,MF,Alavés,27,1997,21.6,2.27,1.39,0.88,1.34,0.05,0.93,2.22,41.7,1.3,0.97,0.23,0.74,0.65,2.92,1.99,0.05,Matches
244,Pape Gueye,sn SEN,MF,Villarreal,25,1999,24.7,2.19,1.05,0.93,0.93,0.32,0.81,1.17,69,0.36,1.26,0.53,0.73,1.09,3.28,2.15,0.08,Matches
245,Hugo Guillamón,es ESP,MF,Valencia,24,2000,4,2.75,2,0.25,2.25,0.25,2.25,2.5,90,0.25,1,0.25,0.75,1.25,4,2.25,0.25,Matches
246,Carlos Guirao,es ESP,MF,Betis,21,2003,1.2,4.17,2.5,0.83,3.33,0,3.33,5,66.7,1.67,0.83,0.83,0,2.5,6.67,1.67,0,Matches
247,Arda Güler,tr TUR,"MF,FW",Real Madrid,19,2005,13.9,2.16,1.15,0.79,0.58,0.79,0.65,1.58,40.9,0.94,1.29,0,1.29,0.5,2.66,0.58,0,Matches
248,Gerard Gumbau,es ESP,MF,Rayo Vallecano,29,1994,9.4,1.81,1.28,0.85,0.74,0.21,0.74,1.6,46.7,0.85,1.38,0.43,0.96,0.53,2.34,1.38,0,Matches
249,Jon Guridi,es ESP,"MF,FW",Alavés,29,1995,23.1,1.73,0.95,0.3,1.13,0.3,0.78,1.9,40.9,1.13,0.82,0.04,0.78,0.61,2.34,0.69,0,Matches
250,Gorka Guruzeta,es ESP,FW,Athletic Club,27,1996,20.4,0.78,0.39,0.05,0.64,0.1,0.34,1.52,22.6,1.18,1.37,0.2,1.18,0.44,1.23,1.13,0,Matches
251,Miguel Gutiérrez,es ESP,"DF,MF",Girona,23,2001,27.3,1.36,0.88,0.66,0.59,0.11,0.62,1.36,45.9,0.73,0.62,0.26,0.37,0.59,1.94,1.25,0.11,Matches
252,Munir El Haddadi,ma MAR,"FW,MF",Leganés,28,1995,9.6,1.25,0.94,0.52,0.42,0.31,0.31,1.25,25,0.94,0.83,0.1,0.73,0.1,1.35,0.1,0.1,Matches
253,Sébastien Haller,ci CIV,FW,Leganés,30,1994,4.5,0.44,0,0.22,0,0.22,0.22,0.44,50,0.22,0.22,0,0.22,0,0.44,1.56,0,Matches
254,Henrique,br BRA,DF,Valladolid,30,1994,3.9,1.54,0.51,0.77,0.51,0.26,0.26,1.03,25,0.77,1.28,0,1.28,0.77,2.31,3.08,0,Matches
255,Javi Hernández,es ESP,DF,Leganés,26,1998,26.5,0.98,0.57,0.6,0.26,0.11,0.64,1.74,37,1.09,0.94,0.19,0.75,0.87,1.85,3.7,0,Matches
256,Aridane Hernández,es ESP,DF,Rayo Vallecano,35,1989,11.4,1.14,0.96,0.79,0.35,0,0.53,0.7,75,0.18,0.88,0.7,0.18,0.53,1.67,8.68,0.18,Matches
257,Jorge Herrando,es ESP,DF,Osasuna,23,2001,15.2,1.12,0.72,0.59,0.33,0.2,0.59,0.99,60,0.39,1.32,0.92,0.39,0.79,1.91,4.28,0.13,Matches
258,Ander Herrera,es ESP,MF,Athletic Club,34,1989,3,2.67,1.33,0.33,2.33,0,1,2,50,1,0.33,0,0.33,0.67,3.33,3.33,0,Matches
259,Sergio Herrera,es ESP,GK,Osasuna,31,1993,37,0.05,0.03,0.05,0,0,0.05,0.16,33.3,0.11,0.03,0,0.03,0,0.05,0.78,0.03,Matches
260,Yangel Herrera,ve VEN,MF,Girona,26,1998,25.1,2.63,1.55,1.24,1.08,0.32,1.2,2.35,50.8,1.16,0.96,0.32,0.64,1.24,3.86,1.99,0.08,Matches
261,Juan Herzog,es ESP,DF,Las Palmas,21,2003,14.6,0.82,0.82,0.82,0,0,0.62,1.1,56.3,0.48,1.16,0.75,0.41,1.23,2.05,5.89,0,Matches
262,Omar El Hilali,ma MAR,DF,Espanyol,20,2003,35,3.17,2.26,2.31,0.69,0.17,1.83,2.71,67.4,0.89,1.51,0.37,1.14,1.31,4.49,4.14,0.06,Matches
263,Roger Hinojo,es ESP,DF,Espanyol,19,2005,0.1,0,0,0,0,0,0,0,,0,0,0,0,0,0,10,0,Matches
264,Dinko Horkaš,hr CRO,GK,Las Palmas,25,1999,12.1,0,0,0,0,0,0,0,,0,0,0,0,0,0,0.74,0.08,Matches
265,Pablo Ibáñez,es ESP,MF,Osasuna,25,1998,14.4,1.39,0.69,0.49,0.83,0.07,0.69,2.78,25,2.08,1.39,0.49,0.9,1.25,2.64,1.46,0,Matches
266,Stanis Idumbo,be BEL,"FW,MF",Sevilla,19,2005,3.2,2.81,1.56,0.94,1.25,0.63,0.94,1.56,60,0.63,0.94,0.31,0.63,1.25,4.06,0.63,0,Matches
267,Iglesias,es ESP,DF,Getafe,26,1998,32.1,2.52,1.46,1.31,1.03,0.19,1.43,2.8,51.1,1.37,1.46,0.25,1.21,1.56,4.08,4.14,0.03,Matches
268,Borja Iglesias,es ESP,FW,Celta Vigo,31,1993,21.7,0.46,0.41,0.09,0.23,0.14,0.18,0.69,26.7,0.51,0.41,0.09,0.32,0.32,0.78,0.46,0,Matches
269,Kelechi Iheanacho,ng NGA,FW,Sevilla,27,1996,4.4,0.23,0,0,0.23,0,0.23,0.68,33.3,0.45,0,0,0,0,0.23,0.23,0,Matches
270,Isco,es ESP,MF,Betis,32,1992,17.2,1.16,0.76,0.17,0.76,0.23,0.41,1.63,25,1.22,0.58,0,0.58,0.64,1.8,0.41,0,Matches
271,Diego Iturralde,es ESP,FW,Sevilla,21,2003,0.4,0,0,0,0,0,0,0,,0,0,0,0,2.5,2.5,2.5,0,Matches
272,Ivan Jaime Pajuelo,es ESP,MF,Valencia,23,2000,3.3,2.42,1.52,0.61,0.91,0.91,1.21,1.52,80,0.3,0.61,0,0.61,0.61,3.03,0,0,Matches
273,Karl Jakob Hein,ee EST,GK,Valladolid,22,2002,31,0,0,0,0,0,0,0.06,0,0.06,0,0,0,0,0,0.61,0.06,Matches
274,Adnan Januzaj,be BEL,"MF,FW",Las Palmas,29,1995,6.6,1.52,0.91,0.15,0.91,0.45,0.76,1.36,55.6,0.61,0.91,0,0.91,0.3,1.82,0.45,0,Matches
275,Mikel Jauregizar,es ESP,MF,Athletic Club,20,2003,24.9,3.37,1.93,1,1.81,0.56,1.65,3.33,49.4,1.69,0.96,0.16,0.8,1.16,4.54,1.45,0.08,Matches
276,John Joe,ie IRL,"MF,FW",Getafe,20,2003,0.5,0,0,0,0,0,0,0,,0,2,2,0,0,0,2,0,Matches
277,Jofre,es ESP,"MF,FW",Espanyol,23,2001,24.1,0.91,0.66,0.58,0.21,0.12,0.54,0.95,56.5,0.41,0.54,0,0.54,0.62,1.54,1.2,0,Matches
278,Frenkie de Jong,nl NED,MF,Barcelona,27,1997,12.7,1.5,0.87,0.39,0.63,0.47,0.63,1.26,50,0.63,0.71,0.08,0.63,0.94,2.44,0.55,0.08,Matches
279,Joan Jordán,es ESP,MF,Alavés,30,1994,15.7,2.04,1.15,0.7,1.08,0.25,1.08,1.91,56.7,0.83,0.76,0,0.76,0.57,2.61,1.34,0,Matches
280,Juanmi,es ESP,"FW,MF",Getafe,31,1993,7.7,1.82,1.43,0.52,0.91,0.39,0.78,2.47,31.6,1.69,0.78,0,0.78,0.26,2.08,0.39,0,Matches
281,Juanmi,es ESP,"FW,MF",Betis,31,1993,2.7,2.59,1.48,1.11,1.11,0.37,1.48,2.22,66.7,0.74,1.48,0,1.48,0.37,2.96,1.48,0,Matches
282,Juanpe,es ESP,DF,Girona,33,1991,8.1,0.99,0.62,0.62,0.37,0,0.74,0.99,75,0.25,1.85,1.23,0.62,0.99,1.98,6.91,0.12,Matches
283,Luiz Lúcio Reis Júnior,br BRA,GK,Villarreal,23,2001,16.2,0,0,0,0,0,0,0,,0,0,0,0,0,0,0.86,0.06,Matches
284,Vinicius Júnior,br BRA,FW,Real Madrid,24,2000,25,0.84,0.4,0.28,0.16,0.4,0.2,0.72,27.8,0.52,0.36,0,0.36,0.12,0.96,0.04,0.08,Matches
285,Stanko Jurić,hr CRO,MF,Valladolid,27,1996,19.2,2.5,1.25,1.35,0.99,0.16,0.99,2.5,39.6,1.51,1.82,0.57,1.25,1.25,3.75,2.71,0,Matches
286,Willy Kambwala,fr FRA,DF,Villarreal,19,2004,12.4,1.37,0.97,1.13,0.16,0.08,0.81,0.97,83.3,0.16,0.81,0.56,0.24,0.81,2.18,4.52,0.08,Matches
287,Abdoulaye Keita,es ESP,"FW,MF",Getafe,21,2002,1.1,1.82,1.82,0,0.91,0.91,1.82,3.64,50,1.82,0.91,0,0.91,0,1.82,2.73,0,Matches
288,Kenedy,br BRA,"MF,FW",Valladolid,28,1996,0.1,0,0,0,0,0,0,0,,0,10,0,10,0,0,0,0,Matches
289,Kiké,es ESP,FW,Alavés,34,1989,28.2,0.67,0.5,0.04,0.43,0.21,0.21,0.6,35.3,0.39,0.39,0.14,0.25,0.04,0.71,0.82,0,Matches
290,Koke,es ESP,MF,Atlético Madrid,32,1992,21.4,2.15,1.07,0.84,1.03,0.28,0.98,2.01,48.8,1.03,1.12,0.09,1.03,0.93,3.08,1.36,0.09,Matches
291,Jules Koundé,fr FRA,DF,Barcelona,25,1998,28.9,2.18,1.49,1,0.8,0.38,1.52,2.28,66.7,0.76,1.21,0.17,1.04,0.69,2.87,2.35,0.07,Matches
292,Alex Král,cz CZE,MF,Espanyol,26,1998,30.2,1.82,1.23,0.93,0.79,0.1,0.53,0.99,53.3,0.46,1.13,0.46,0.66,0.93,2.75,1.69,0.07,Matches
293,Ladislav Krejčí,cz CZE,DF,Girona,25,1999,27.1,0.85,0.59,0.7,0.15,0,0.52,0.96,53.8,0.44,0.89,0.7,0.18,1.25,2.1,3.43,0.18,Matches
294,Takefusa Kubo,jp JPN,"MF,FW",Real Sociedad,23,2001,26.4,1.17,0.76,0.42,0.42,0.34,0.61,1.52,40,0.91,1.44,0.04,1.4,0.64,1.82,0.49,0.04,Matches
295,Marash Kumbulla,al ALB,DF,Espanyol,24,2000,33,1.55,0.79,1.06,0.42,0.06,0.73,1.24,58.5,0.52,1.45,1.06,0.39,1.03,2.58,6.79,0.06,Matches
296,Luca de la Torre,us USA,MF,Celta Vigo,26,1998,0,0,0,0,0,0,0,0,,0,0,0,0,0,0,0,0,Matches
297,Yoel Lago,es ESP,DF,Celta Vigo,20,2004,6.5,1.85,1.23,1.23,0.46,0.15,1.08,1.38,77.8,0.31,0.77,0.62,0.15,0.62,2.46,4.62,0,Matches
298,Cyle Larin,ca CAN,FW,Mallorca,29,1995,19.6,0.61,0.31,0.05,0.31,0.26,0.15,0.46,33.3,0.31,0.61,0.15,0.46,0.05,0.66,0.82,0,Matches
299,Juanmi Latasa,es ESP,FW,Valladolid,23,2001,15.5,0.26,0.13,0.06,0.06,0.13,0.13,0.39,33.3,0.26,0.26,0.06,0.19,0,0.26,0.71,0.06,Matches
300,Toni Lato,es ESP,DF,Mallorca,26,1997,6.9,2.46,1.59,0.87,0.72,0.87,1.01,1.59,63.6,0.58,1.45,0.58,0.87,0.87,3.33,4.78,0,Matches
301,Robin Le Normand,es ESP,DF,Atlético Madrid,27,1996,23.9,1.13,0.75,0.96,0.17,0,0.5,0.84,60,0.33,0.84,0.38,0.46,0.42,1.55,5.02,0.04,Matches
302,Florian Lejeune,fr FRA,DF,Rayo Vallecano,33,1991,36.9,1.25,0.76,0.81,0.38,0.05,0.62,1.17,53.5,0.54,1.03,0.87,0.16,1.11,2.36,4.91,0.03,Matches
303,Iñigo Lekue,es ESP,DF,Athletic Club,31,1993,8.6,1.74,1.4,1.4,0.35,0,1.05,1.98,52.9,0.93,0.81,0.23,0.58,1.05,2.79,3.37,0.23,Matches
304,Thomas Lemar,fr FRA,MF,Atlético Madrid,28,1995,0.9,2.22,1.11,1.11,1.11,0,2.22,4.44,50,2.22,0,0,0,0,2.22,1.11,0,Matches
305,Clément Lenglet,fr FRA,DF,Atlético Madrid,29,1995,21.9,1.23,0.78,0.87,0.37,0,0.5,0.68,73.3,0.18,1.1,0.82,0.27,1,2.24,4.75,0.05,Matches
306,Robert Lewandowski,pl POL,FW,Barcelona,35,1988,29.6,0.34,0.17,0.03,0.17,0.14,0.17,0.37,45.5,0.2,0.47,0.07,0.41,0.1,0.44,0.88,0,Matches
307,Samuel Lino,br BRA,"MF,DF",Atlético Madrid,24,1999,17.2,1.92,0.99,1.45,0.23,0.23,1.28,3.02,42.3,1.74,1.34,0.23,1.1,0.47,2.38,0.76,0,Matches
308,Javier Llabrés,es ESP,FW,Mallorca,21,2002,0.6,0,0,0,0,0,0,0,,0,1.67,0,1.67,0,0,0,0,Matches
309,Diego Llorente,es ESP,DF,Betis,30,1993,28,1.29,0.71,0.82,0.43,0.04,0.89,1.36,65.8,0.46,1.04,0.71,0.32,1.54,2.82,5.5,0.04,Matches
310,Marcos Llorente,es ESP,"DF,MF",Atlético Madrid,29,1995,27.9,2.47,1.86,1.36,0.97,0.14,1.29,1.97,65.5,0.68,1.15,0.25,0.9,0.97,3.44,1.83,0.04,Matches
311,Giovani Lo Celso,ar ARG,"MF,FW",Betis,28,1996,16.2,2.1,1.36,0.49,1.05,0.56,1.05,1.54,68,0.49,0.86,0.12,0.74,0.31,2.41,0.19,0.06,Matches
312,Enzo Loiodice,fr FRA,MF,Las Palmas,23,2000,7.6,2.24,0.92,1.05,1.18,0,0.39,1.32,30,0.92,0.53,0.13,0.39,1.32,3.55,0.92,0.26,Matches
313,David López,es ESP,DF,Mallorca,21,2003,1.9,1.58,1.05,1.58,0,0,1.05,1.05,100,0,1.05,1.05,0,0.53,2.11,5.26,0,Matches
314,David López,es ESP,DF,Girona,34,1989,27,1.19,0.89,0.81,0.26,0.11,0.67,1.15,58.1,0.48,0.81,0.44,0.37,0.52,1.7,4.11,0.07,Matches
315,Diego López,es ESP,"MF,FW",Valencia,22,2002,30.4,1.02,0.59,0.36,0.53,0.13,0.53,1.55,34,1.02,0.99,0,0.99,0.53,1.55,0.49,0,Matches
316,Fer López,,"FW,MF",Celta Vigo,,,7.5,1.2,0.67,0.13,0.8,0.27,0.27,1.73,15.4,1.47,1.33,0,1.33,0.27,1.47,0.93,0,Matches
317,Fermin López,es ESP,"MF,FW",Barcelona,21,2003,13.9,1.37,1.08,0.22,0.65,0.5,0.58,2.3,25,1.73,0.79,0,0.79,0.36,1.73,0.22,0,Matches
318,Javi López,es ESP,DF,Real Sociedad,22,2002,21.5,1.86,1.07,1.07,0.56,0.23,1.07,1.72,62.2,0.65,0.98,0.33,0.65,0.51,2.37,2.74,0.09,Matches
319,Pau López,es ESP,GK,Girona,29,1994,0.5,0,0,0,0,0,0,0,,0,0,0,0,0,0,2,0,Matches
320,Roberto López,es ESP,MF,Leganés,24,2000,4.4,1.82,1.36,0.91,0.91,0,1.14,3.41,33.3,2.27,1.14,0,1.14,0.23,2.05,1.59,0.45,Matches
321,Unai López,es ESP,MF,Rayo Vallecano,28,1995,19,1.63,1.11,0.74,0.63,0.26,0.89,1.89,47.2,1,0.95,0.32,0.63,1.11,2.74,1.05,0,Matches
322,Iker Losada,es ESP,"FW,MF",Celta Vigo,22,2001,4,0.75,0.75,0,0.25,0.5,0.25,1.25,20,1,1,0.25,0.75,0.25,1,2,0,Matches
323,Iker Losada,es ESP,"MF,FW",Betis,22,2001,3.7,2.7,1.89,0.54,1.08,1.08,1.35,2.7,50,1.35,0.54,0,0.54,0.81,3.51,0.54,0,Matches
324,Pol Lozano,es ESP,MF,Espanyol,24,1999,21.6,2.45,1.57,1.06,1.16,0.23,1.16,2.69,43.1,1.53,1.48,0.28,1.2,1.02,3.47,1.44,0,Matches
325,José Luis Gayà,es ESP,DF,Valencia,29,1995,20,2.85,2,1.95,0.75,0.15,2,2.9,69,0.9,0.8,0.1,0.7,1.25,4.1,3.05,0,Matches
326,Dodi Lukebakio,be BEL,FW,Sevilla,26,1997,34.4,0.64,0.41,0.23,0.23,0.17,0.44,0.78,55.6,0.35,0.52,0.03,0.49,0.32,0.96,0.49,0.06,Matches
327,Daniel Luna,co COL,MF,Mallorca,21,2003,0.2,0,0,0,0,0,0,0,,0,5,0,5,0,0,0,0,Matches
328,Andriy Lunin,ua UKR,GK,Real Madrid,25,1999,7,0.14,0,0.14,0,0,0,0,,0,0,0,0,0,0.14,0.43,0,Matches
329,Darwin Machís,ve VEN,"MF,FW",Valladolid,31,1993,7.1,0.7,0.56,0.42,0.28,0,0.42,1.27,33.3,0.85,0.42,0,0.42,0.7,1.41,1.83,0,Matches
330,Pablo Maffeo,es ESP,DF,Mallorca,27,1997,26.3,2.28,1.52,1.63,0.53,0.11,1.29,1.75,73.9,0.46,1.22,0.42,0.8,0.95,3.23,3.92,0.04,Matches
331,Jon Magunazelaia,es ESP,MF,Real Sociedad,23,2001,0.1,10,10,10,0,0,0,0,,0,0,0,0,0,10,0,0,Matches
332,Giorgi Mamardashvili,ge GEO,GK,Valencia,23,2000,34,0.06,0.06,0.06,0,0,0.06,0.09,66.7,0.03,0,0,0,0.03,0.09,0.47,0.09,Matches
333,Reinildo Mandava,mz MOZ,DF,Atlético Madrid,30,1994,10.5,1.71,1.05,0.95,0.67,0.1,0.95,1.71,55.6,0.76,1.05,0.48,0.57,1.52,3.24,3.33,0,Matches
334,Javier Manquillo,es ESP,DF,Celta Vigo,30,1994,5.7,1.23,0.88,0.7,0.53,0,0.35,1.75,20,1.4,0.88,0.53,0.35,1.23,2.46,2.46,0,Matches
335,Marcão,br BRA,DF,Sevilla,28,1996,6.1,1.64,1.15,0.98,0.66,0,0.49,0.82,60,0.33,1.48,0.98,0.49,1.15,2.79,4.75,0.16,Matches
336,Óscar de Marcos,es ESP,DF,Athletic Club,35,1989,17.4,1.84,0.86,0.86,0.75,0.23,1.21,2.13,56.8,0.92,0.98,0.06,0.92,0.92,2.76,2.01,0,Matches
337,Alberto Marí,es ESP,FW,Valencia,23,2001,0.1,0,0,0,0,0,0,0,,0,0,0,0,0,0,0,0,Matches
338,José María Giménez,uy URU,DF,Atlético Madrid,29,1995,22.2,1.17,0.72,0.81,0.36,0,0.77,1.26,60.7,0.5,1.31,0.86,0.45,1.22,2.39,5.18,0.09,Matches
339,Arkaitz Mariezkurrena,es ESP,"FW,MF",Real Sociedad,19,2005,2.7,0.37,0,0.37,0,0,0,1.48,0,1.48,1.48,0.37,1.11,0.37,0.74,1.48,0,Matches
340,Pablo Marín,es ESP,MF,Real Sociedad,21,2003,13.8,1.81,1.23,0.43,0.94,0.43,0.72,1.38,52.6,0.65,0.87,0.22,0.65,0.36,2.17,1.01,0,Matches
341,Mika Mármol,es ESP,DF,Las Palmas,23,2001,26.7,2.28,1.09,1.31,0.9,0.07,1.27,1.95,65.4,0.67,1.72,0.52,1.2,1.42,3.71,4.53,0.07,Matches
342,Mario Maroto,es ESP,MF,Valladolid,20,2003,0.7,0,0,0,0,0,0,2.86,0,2.86,0,0,0,2.86,2.86,2.86,0,Matches
343,Unai Marrero,es ESP,GK,Real Sociedad,22,2001,2,0,0,0,0,0,0,0,,0,0,0,0,0,0,0.5,0,Matches
344,Carlos Martín,es ESP,"FW,MF",Alavés,22,2002,14.8,2.91,1.42,1.22,1.08,0.61,0.88,3.31,26.5,2.43,2.03,0.07,1.96,0.34,3.24,1.35,0,Matches
345,Diego Martín,es ESP,FW,Las Palmas,20,2003,0.4,2.5,2.5,0,0,2.5,2.5,2.5,100,0,0,0,0,0,2.5,2.5,0,Matches
346,Gerard Martín,es ESP,DF,Barcelona,22,2002,11.5,1.91,0.87,0.87,0.61,0.43,0.96,1.39,68.8,0.43,1.39,0.17,1.22,1.13,3.04,2.35,0,Matches
347,Iván Martín,es ESP,MF,Girona,25,1999,22.7,1.41,0.84,0.62,0.62,0.18,0.66,1.5,44.1,0.84,0.88,0.26,0.62,0.48,1.89,0.66,0.04,Matches
348,Jon Martin,es ESP,DF,Real Sociedad,18,2006,10,1.1,0.9,0.7,0.3,0.1,0.6,0.9,66.7,0.3,1.3,0.9,0.4,0.7,1.8,8,0.1,Matches
349,Mario Martín,es ESP,MF,Valladolid,20,2004,19.4,3.2,1.65,1.6,1.39,0.21,1.08,2.53,42.9,1.44,1.65,0.36,1.29,1.08,4.28,2.37,0.36,Matches
350,Arnau Martinez,es ESP,"DF,MF",Girona,21,2003,29.2,1.75,0.96,1.03,0.51,0.21,1.1,2.16,50.8,1.06,0.62,0.21,0.41,1.06,2.81,2.6,0.07,Matches
351,Iñigo Martínez,es ESP,DF,Barcelona,33,1991,27.7,0.9,0.51,0.72,0.18,0,0.58,0.79,72.7,0.22,0.65,0.25,0.4,0.65,1.55,3.9,0.04,Matches
352,Javi Martínez,es ESP,MF,Osasuna,24,1999,0.1,0,0,0,0,0,0,0,,0,0,0,0,0,0,0,0,Matches
353,Ramón Martínez,es ESP,DF,Sevilla,21,2002,2.9,2.07,1.03,1.72,0.34,0,1.03,1.72,60,0.69,0.69,0.34,0.34,0.69,2.76,7.93,0,Matches
354,Toni Martínez,es ESP,FW,Alavés,27,1997,11.2,1.07,0.63,0.45,0.36,0.27,0.36,0.71,50,0.36,0.71,0.18,0.54,0.09,1.16,1.34,0,Matches
355,Javi Martón,es ESP,"FW,MF",Athletic Club,25,1999,0.6,0,0,0,0,0,0,0,,0,0,0,0,0,0,0,0,Matches
356,Marvin,es ESP,"DF,FW",Las Palmas,24,2000,11.5,2.17,1.13,1.04,0.78,0.35,0.96,2.26,42.3,1.3,1.48,0.52,0.96,1.3,3.48,2.96,0,Matches
357,Omar Mascarell,gq EQG,MF,Mallorca,31,1993,22.1,1.22,0.59,0.59,0.59,0.05,0.63,1.58,40,0.95,1.49,0.95,0.54,2.22,3.44,2.67,0.14,Matches
358,Jaime Mata,es ESP,"FW,MF",Las Palmas,35,1988,7.3,1.1,0.27,0.27,0.82,0,0.41,1.23,33.3,0.82,0.68,0.14,0.55,0.41,1.51,1.51,0,Matches
359,Borja Mayoral,es ESP,FW,Getafe,27,1997,12.4,0.4,0.32,0.16,0.16,0.08,0.24,0.73,33.3,0.48,0.32,0,0.32,0.16,0.56,0.48,0,Matches
360,Kylian Mbappé,fr FRA,FW,Real Madrid,25,1998,32.3,0.25,0.15,0.03,0.09,0.12,0.03,0.15,20,0.12,0.09,0,0.09,0.03,0.28,0.03,0.03,Matches
361,Oliver McBurnie,sct SCO,FW,Las Palmas,28,1996,20.4,0.74,0.34,0.25,0.39,0.1,0.25,0.59,41.7,0.34,0.74,0.25,0.49,0.29,1.03,1.18,0,Matches
362,Scott McKenna,sct SCO,DF,Las Palmas,27,1996,27.4,0.77,0.47,0.58,0.18,0,0.33,0.44,75,0.11,1.31,1.02,0.29,0.33,1.09,5.95,0.07,Matches
363,Mateo Mejía,es ESP,FW,Sevilla,21,2003,0.1,0,0,0,0,0,0,0,,0,0,0,0,0,0,0,0,Matches
364,Arthur Melo,br BRA,MF,Girona,27,1996,10.5,2.38,1.05,0.76,1.14,0.48,1.33,2.57,51.9,1.24,0.48,0.1,0.38,0.76,3.14,1.14,0.1,Matches
365,Brais Méndez,es ESP,MF,Real Sociedad,27,1997,17,1.41,0.76,0.35,0.82,0.24,0.53,1.41,37.5,0.88,0.82,0.06,0.76,0.41,1.82,0.94,0.06,Matches
366,Ferland Mendy,fr FRA,DF,Real Madrid,29,1995,11.2,1.52,1.25,0.63,0.54,0.36,0.8,1.07,75,0.27,0.98,0.36,0.63,0.8,2.32,0.71,0.09,Matches
367,Nobel Mendy,fr FRA,DF,Betis,19,2004,1.2,0,0,0,0,0,0,0,,0,1.67,0,1.67,3.33,3.33,8.33,0.83,Matches
368,Víctor Meseguer,es ESP,MF,Valladolid,25,1999,4.6,2.17,1.3,0.87,0.87,0.43,0.43,2.17,20,1.74,0.65,0,0.65,0.43,2.61,0.87,0.22,Matches
369,Miguel,es ESP,FW,Leganés,24,1999,19.2,0.83,0.36,0.31,0.21,0.31,0.21,0.73,28.6,0.52,0.78,0.21,0.57,0.21,1.04,1.2,0.05,Matches
370,Éder Militão,br BRA,DF,Real Madrid,26,1998,10.4,1.83,1.63,1.35,0.48,0,0.67,1.15,58.3,0.48,1.25,0.77,0.48,1.15,2.98,3.37,0,Matches
371,Luis Milla,es ESP,MF,Getafe,29,1994,31.9,1.91,1.25,0.88,0.78,0.25,1.1,2.26,48.6,1.16,0.78,0,0.78,0.75,2.66,0.88,0.09,Matches
372,Pere Milla,es ESP,"MF,FW",Espanyol,31,1992,5.1,1.18,0.39,0.98,0,0.2,0.2,3.53,5.6,3.33,1.96,0.39,1.57,0.59,1.76,0.98,0,Matches
373,Óscar Mingueza,es ESP,"MF,DF",Celta Vigo,25,1999,30.3,1.25,0.79,0.69,0.4,0.17,0.86,2.28,37.7,1.42,1.16,0.17,0.99,0.73,1.98,1.52,0.23,Matches
374,Kim Minsu,kr KOR,"MF,FW",Girona,18,2006,0.2,5,0,0,5,0,0,0,,0,0,0,0,0,5,0,0,Matches
375,Bojan Miovski,mk MKD,FW,Girona,25,1999,9.7,0.72,0.52,0.21,0.21,0.31,0.21,0.72,28.6,0.52,0.41,0,0.41,0.21,0.93,0.72,0,Matches
376,Rafa Mir,es ESP,"FW,MF",Valencia,27,1997,8.4,1.43,0.71,0.95,0.48,0,0.36,1.07,33.3,0.71,0.6,0,0.6,0.6,2.02,1.07,0,Matches
377,Luka Modrić,hr CRO,MF,Real Madrid,38,1985,20.3,1.53,0.99,0.79,0.64,0.1,0.69,1.58,43.8,0.89,0.84,0.25,0.59,1.33,2.86,0.84,0,Matches
378,Johan Mojica,co COL,DF,Mallorca,31,1992,30.6,1.14,0.75,0.85,0.2,0.1,0.62,1.31,47.5,0.69,0.42,0.16,0.26,0.85,1.99,2.75,0.1,Matches
379,Alberto Moleiro,es ESP,"FW,MF",Las Palmas,20,2003,30.2,0.89,0.4,0.4,0.46,0.03,0.6,1.59,37.5,0.99,0.79,0,0.79,0.6,1.49,0.26,0,Matches
380,Nahuel Molina,ar ARG,DF,Atlético Madrid,26,1998,17.7,2.49,1.07,1.19,1.19,0.11,1.75,3.16,55.4,1.41,0.9,0.17,0.73,0.73,3.22,2.99,0,Matches
381,Jon Moncayola,es ESP,MF,Osasuna,26,1998,23.3,3,1.76,1.24,1.42,0.34,1.33,2.58,51.7,1.24,1.46,0.13,1.33,0.47,3.48,0.86,0,Matches
382,Gonzalo Montiel,ar ARG,"DF,MF",Sevilla,27,1997,1.3,3.08,1.54,2.31,0.77,0,2.31,3.08,75,0.77,0,0,0,1.54,4.62,8.46,0,Matches
383,Gerard Moreno,es ESP,FW,Villarreal,32,1992,8,0.88,0.5,0.38,0.25,0.25,0.38,1.5,25,1.13,0,0,0,0.25,1.13,1,0,Matches
384,Xavier Moreno,es ESP,FW,Valladolid,19,2004,0.5,0,0,0,0,0,0,0,,0,0,0,0,0,0,2,0,Matches
385,Mateu Morey,es ESP,DF,Mallorca,24,2000,8.2,2.68,2.2,1.59,0.73,0.37,1.46,2.68,54.5,1.22,1.34,0,1.34,1.83,4.51,3.9,0.24,Matches
386,Ilaix Moriba,gn GUI,MF,Celta Vigo,21,2003,23.7,2.87,1.77,1.01,1.27,0.59,1.35,2.41,56.1,1.05,1.22,0.17,1.05,0.59,3.46,1.39,0.04,Matches
387,Manu Morlanes,es ESP,MF,Mallorca,25,1999,14.9,2.89,1.81,1.21,1.34,0.34,1.21,2.01,60,0.81,1.28,0.54,0.74,1.61,4.5,1.07,0,Matches
388,Raúl Moro,es ESP,"MF,FW",Valladolid,21,2002,26,0.85,0.5,0.58,0.15,0.12,0.5,1.23,40.6,0.73,0.31,0,0.31,0.38,1.23,0.77,0.04,Matches
389,Cristhian Mosquera,es ESP,DF,Valencia,20,2004,36.9,1.52,0.98,1.11,0.35,0.05,0.84,1.08,77.5,0.24,1,0.65,0.35,0.95,2.47,3.47,0.11,Matches
390,Santiago Mouriño,uy URU,DF,Alavés,22,2002,20.5,2.1,1.37,1.51,0.59,0,1.02,1.85,55.3,0.83,1.32,0.59,0.73,1.41,3.51,5.85,0,Matches
391,Abdul Mumin,gh GHA,DF,Rayo Vallecano,26,1998,22.4,1.65,1.12,1.34,0.31,0,0.76,1.21,63,0.45,1.79,1.29,0.49,1.03,2.68,5.58,0,Matches
392,Aihen Muñoz,es ESP,DF,Real Sociedad,26,1997,12.2,1.97,0.98,1.15,0.66,0.16,1.15,2.3,50,1.15,0.9,0.49,0.41,1.15,3.11,3.85,0,Matches
393,Álex Muñoz,es ESP,DF,Las Palmas,30,1994,15.7,2.48,1.85,1.4,1.02,0.06,1.34,2.42,55.3,1.08,1.78,0.7,1.08,1.02,3.5,4.39,0,Matches
394,Iker Muñoz,es ESP,MF,Osasuna,21,2002,6.8,0.74,0.29,0.44,0.29,0,0.44,1.32,33.3,0.88,1.32,0.29,1.03,0.59,1.32,1.76,0.15,Matches
395,Javier Muñoz,es ESP,"MF,DF",Las Palmas,29,1995,28.8,1.56,1.22,0.63,0.59,0.35,0.56,1.6,34.8,1.04,0.94,0.14,0.8,1.08,2.64,1.35,0.1,Matches
396,Víctor Muñoz,es ESP,"FW,DF",Real Madrid,21,2003,0.4,0,0,0,0,0,0,0,,0,0,0,0,0,0,0,0,Matches
397,Vedat Muriqi,xk KVX,FW,Mallorca,30,1994,22.9,0.31,0.22,0.13,0.09,0.09,0.13,0.31,42.9,0.17,0.31,0.04,0.26,0.31,0.61,1.88,0,Matches
398,Juan Musso,ar ARG,GK,Atlético Madrid,30,1994,2,0,0,0,0,0,0,0,,0,0,0,0,0,0,0,0,Matches
399,Matija Nastasić,rs SRB,DF,Leganés,31,1993,23.4,1.07,0.47,0.9,0.17,0,0.73,1.07,68,0.34,1.67,1.28,0.38,0.9,1.97,7.05,0,Matches
400,Natan,br BRA,DF,Betis,23,2001,24.2,1.45,0.99,0.99,0.37,0.08,1.07,1.24,86.7,0.17,0.99,0.58,0.41,1.16,2.6,5.08,0.08,Matches
401,Pau Navarro,es ESP,DF,Villarreal,19,2005,10.2,2.25,1.67,1.47,0.59,0.2,1.86,3.82,48.7,1.96,1.27,0.59,0.69,0.39,2.65,4.02,0,Matches
402,Roberto Navarro,es ESP,"MF,FW",Mallorca,22,2002,14.2,2.04,1.55,0.99,0.77,0.28,0.63,1.34,47.4,0.7,1.27,0,1.27,1.34,3.38,0.85,0,Matches
403,Jesús Navas,es ESP,"FW,MF",Sevilla,38,1985,4.7,1.06,0.43,0.64,0,0.43,0,0.64,0,0.64,0.21,0,0.21,0.85,1.91,1.28,0,Matches
404,Yvan Neyou,cm CMR,MF,Leganés,27,1997,25.7,2.06,1.28,0.82,1.01,0.23,0.86,1.83,46.8,0.97,1.36,0.19,1.17,1.01,3.07,1.48,0.04,Matches
405,Tanguy Nianzou,fr FRA,DF,Sevilla,22,2002,5.8,1.21,0.86,1.03,0,0.17,0.86,1.03,83.3,0.17,0.17,0,0.17,1.38,2.59,4.66,0,Matches
406,Saúl Ñíguez,es ESP,MF,Sevilla,29,1994,17.3,2.72,1.85,0.92,1.39,0.4,0.69,1.79,38.7,1.1,1.45,0.12,1.33,1.27,3.99,1.97,0,Matches
407,Tamás Nikitscher,hu HUN,"MF,DF",Valladolid,24,1999,9.5,1.79,0.84,0.84,0.95,0,0.84,1.37,61.5,0.53,1.79,0.42,1.37,1.16,2.95,1.68,0.11,Matches
408,Adrian Niño,es ESP,FW,Atlético Madrid,20,2004,0.1,0,0,0,0,0,0,0,,0,0,0,0,0,0,0,0,Matches
409,Hugo Novoa,es ESP,"DF,MF",Alavés,21,2003,2.6,3.08,1.92,1.54,1.15,0.38,1.92,1.92,100,0,0.77,0.38,0.38,0,3.08,2.31,0,Matches
410,Randy Nteka,ao ANG,FW,Rayo Vallecano,26,1997,12.5,1.28,0.4,0.24,0.72,0.32,0.4,0.96,41.7,0.56,1.04,0.16,0.88,0.32,1.6,1.6,0,Matches
411,Unai Núñez,es ESP,DF,Athletic Club,27,1997,7.2,1.39,0.69,0.97,0.42,0,0.56,0.97,57.1,0.42,0.56,0.56,0,2.36,3.75,6.39,0.14,Matches
412,Ørjan Nyland,no NOR,GK,Sevilla,33,1990,29.7,0.1,0.07,0.1,0,0,0.1,0.17,60,0.07,0,0,0,0,0.1,0.4,0.13,Matches
413,Allan Nyom,cm CMR,"DF,MF",Getafe,36,1988,9.9,1.82,1.11,0.71,0.91,0.2,1.52,1.72,88.2,0.2,0.4,0.2,0.2,0.4,2.22,2.32,0,Matches
414,Jan Oblak,si SVN,GK,Atlético Madrid,31,1993,36,0,0,0,0,0,0,0,,0,0,0,0,0,0,0.47,0.06,Matches
415,Lucas Ocampos,ar ARG,FW,Sevilla,30,1994,1.9,1.58,1.05,1.05,0,0.53,0.53,1.05,50,0.53,1.05,0,1.05,0,1.58,1.05,0,Matches
416,Álvaro Odriozola,es ESP,DF,Real Sociedad,28,1995,0.5,2,2,2,0,0,0,0,,0,0,0,0,0,2,2,0,Matches
417,Thiago Ojeda,ar ARG,MF,Villarreal,21,2003,0.1,0,0,0,0,0,0,0,,0,0,0,0,0,0,10,0,Matches
418,Aingeru Olabarrieta,es ESP,FW,Athletic Club,18,2005,0.6,0,0,0,0,0,0,0,,0,3.33,0,3.33,1.67,1.67,1.67,0,Matches
419,Olasagasti,es ESP,MF,Real Sociedad,23,2000,9.5,2.21,1.05,0.74,0.95,0.53,0.84,1.89,44.4,1.05,0.84,0.21,0.63,1.58,3.79,1.05,0,Matches
420,Brian Oliván,es ESP,DF,Espanyol,30,1994,11.3,1.15,0.88,0.62,0.53,0,0.35,1.15,30.8,0.8,0.53,0.18,0.35,0.88,2.04,2.04,0,Matches
421,Lucas Oliveira Rosa,br BRA,DF,Valladolid,24,2000,21,2.52,1.57,1.9,0.52,0.1,1.67,2.43,68.6,0.76,1.14,0.43,0.71,1.33,3.86,3.29,0.1,Matches
422,Dani Olmo,es ESP,"MF,FW",Barcelona,26,1998,13.5,1.19,0.81,0.59,0.37,0.22,0.3,1.04,28.6,0.74,0.44,0.22,0.22,0.22,1.41,0.81,0.07,Matches
423,Aimar Oroz,es ESP,MF,Osasuna,22,2001,33,1.06,0.58,0.48,0.39,0.18,0.42,1.39,30.4,0.97,0.88,0.06,0.82,0.61,1.67,0.3,0,Matches
424,Ángel Ortíz,es ESP,DF,Betis,20,2004,3.9,3.08,2.05,2.05,0.77,0.26,2.05,4.36,47.1,2.31,1.54,0,1.54,1.28,4.36,1.79,0,Matches
425,Gabriel Osei Misehouy,nl NED,"FW,MF",Girona,19,2005,2.9,0.34,0.34,0,0.34,0,0,0.34,0,0.34,0,0,0,0,0.34,0,0,Matches
426,David Otorbi,es ESP,MF,Valencia,16,2007,0.2,0,0,0,0,0,0,0,,0,5,0,5,0,0,0,0,Matches
427,Jesús Owono,gq EQG,GK,Alavés,23,2001,5.4,0.19,0.19,0.19,0,0,0.19,0.19,100,0,0,0,0,0,0.19,0.37,0,Matches
428,Mikel Oyarzabal,es ESP,FW,Real Sociedad,27,1997,25,1,0.64,0.36,0.4,0.24,0.4,0.92,43.5,0.52,0.68,0.04,0.64,0.16,1.16,0.6,0,Matches
429,Cenk Özkacar,tr TUR,DF,Valladolid,23,2000,8.4,1.07,0.6,0.83,0.24,0,0.48,1.67,28.6,1.19,1.07,0.71,0.36,2.14,3.21,8.21,0.12,Matches
430,Jon Pacheco,es ESP,DF,Real Sociedad,23,2001,9.5,1.58,0.95,1.26,0.32,0,1.05,1.26,83.3,0.21,0.84,0.63,0.21,0.95,2.53,5.16,0.21,Matches
431,Alex Padilla,es ESP,GK,Athletic Club,20,2003,3.6,0,0,0,0,0,0,0,,0,0,0,0,0,0,0.56,0.28,Matches
432,Isaac Palazón Camacho,es ESP,"MF,FW",Rayo Vallecano,29,1994,24,0.92,0.71,0.42,0.25,0.25,0.33,1.42,23.5,1.08,0.92,0.13,0.79,0.33,1.25,0.54,0.04,Matches
433,Aitor Paredes,es ESP,DF,Athletic Club,24,2000,20.1,0.75,0.65,0.5,0.25,0,0.4,0.75,53.3,0.35,1.29,0.75,0.55,1.09,1.84,5.67,0.2,Matches
434,Daniel Parejo,es ESP,MF,Villarreal,35,1989,25.3,2.06,1.58,1.07,0.79,0.2,1.15,2.13,53.7,0.99,0.95,0.28,0.67,0.95,3,1.58,0.04,Matches
435,Iago Parente,es ESP,DF,Valladolid,18,2006,0.8,0,0,0,0,0,0,0,,0,0,0,0,0,0,2.5,0,Matches
436,Álvaro Pascual,es ESP,FW,Sevilla,22,2002,4.5,1.11,0.67,0,0.67,0.44,0.22,1.11,20,0.89,0.89,0,0.89,0.44,1.56,2,0,Matches
437,Alfonso Pedraza,es ESP,"DF,MF",Villarreal,28,1996,5.1,0.59,0.39,0.39,0,0.2,0.39,0.78,50,0.39,0.59,0.2,0.39,1.18,1.76,3.14,0,Matches
438,Pedri,es ESP,MF,Barcelona,21,2002,32,1.91,1.06,0.44,1.19,0.28,0.75,2.19,34.3,1.44,1.41,0.09,1.31,0.81,2.72,0.66,0.03,Matches
439,Adrià Pedrosa,es ESP,DF,Sevilla,26,1998,25.5,2.2,1.25,1.33,0.63,0.24,1.22,2.12,57.4,0.9,1.69,0.43,1.25,0.94,3.14,3.33,0,Matches
440,Pejiño,es ESP,FW,Las Palmas,28,1996,0.2,5,5,0,5,0,5,5,100,0,0,0,0,0,5,0,0,Matches
441,Andy Pelmard,fr FRA,DF,Las Palmas,24,2000,2.3,2.17,0,1.3,0.87,0,1.74,2.17,80,0.43,1.3,0.43,0.87,0.87,3.04,8.7,0,Matches
442,Iñaki Peña,es ESP,GK,Barcelona,25,1999,15.5,0,0,0,0,0,0,0.13,0,0.13,0,0,0,0,0,1.29,0.06,Matches
443,Rubén Peña,es ESP,"FW,DF",Osasuna,33,1991,8.6,1.4,0.58,0.47,0.35,0.58,0.58,2.79,20.8,2.21,1.28,0,1.28,0.7,2.09,1.4,0,Matches
444,Nicolas Pépé,ci CIV,"FW,MF",Villarreal,29,1995,16.7,1.32,0.54,0.72,0.36,0.24,0.36,1.02,35.3,0.66,0.72,0.06,0.66,0.3,1.62,0.72,0,Matches
445,Peque,es ESP,"MF,FW",Sevilla,21,2002,12.6,1.27,0.4,0.32,0.79,0.16,0.56,1.35,41.2,0.79,1.27,0,1.27,0.63,1.9,0.4,0,Matches
446,Ayoze Pérez,es ESP,FW,Villarreal,31,1993,21.9,1.23,0.64,0.23,0.82,0.18,0.27,1.1,25,0.82,0.78,0,0.78,0.37,1.6,0.68,0,Matches
447,Carles Pérez,es ESP,"MF,FW",Getafe,26,1998,15.9,2.08,1.45,0.69,0.88,0.5,1.32,3.02,43.8,1.7,1.19,0.13,1.07,0.38,2.45,1.38,0,Matches
448,Francisco Perez,es ESP,"FW,MF",Valencia,21,2002,6.3,2.7,1.9,1.11,1.27,0.32,1.59,2.54,62.5,0.95,1.27,0.16,1.11,0.48,3.17,0.95,0,Matches
449,Kike Pérez,es ESP,MF,Valladolid,27,1997,13.2,2.8,1.97,1.14,1.44,0.23,1.14,1.97,57.7,0.83,1.21,0.3,0.91,0.53,3.33,1.36,0,Matches
450,Luis Pérez,es ESP,DF,Valladolid,29,1995,28.4,1.44,1.06,0.88,0.39,0.18,0.85,1.41,60,0.56,0.92,0.32,0.6,1.02,2.46,3.03,0,Matches
451,Romain Perraud,fr FRA,DF,Betis,26,1997,22.2,1.62,0.99,0.68,0.72,0.23,0.95,2.07,45.7,1.13,0.81,0.18,0.63,0.99,2.61,3.2,0.05,Matches
452,Valentín Pezzolesi,es ESP,DF,Las Palmas,17,2007,0.1,0,0,0,0,0,0,0,,0,0,0,0,0,0,10,10,Matches
453,Pica,es ESP,DF,Alavés,22,2002,5.5,1.64,1.27,1.27,0.36,0,0.73,1.64,44.4,0.91,1.27,1.09,0.18,1.64,3.27,4.73,0,Matches
454,Yeremi Pino,es ESP,"MF,FW",Villarreal,21,2002,21.5,2.79,1.49,0.93,1.49,0.37,1.49,3.02,49.2,1.53,1.77,0.14,1.63,0.37,3.16,0.84,0,Matches
455,Portu,es ESP,"FW,MF",Girona,32,1992,8.7,1.49,0.8,0.57,0.57,0.34,0.8,1.15,70,0.34,0.92,0,0.92,0,1.49,0.23,0,Matches
456,Beñat Prados,es ESP,MF,Athletic Club,23,2001,19.1,2.88,1.88,1.05,1.41,0.42,1.31,2.77,47.2,1.47,1.1,0.1,0.99,1.47,4.35,1.36,0,Matches
457,Abdón Prats,es ESP,"FW,MF",Mallorca,31,1992,5.1,0.39,0.2,0.2,0.2,0,0.2,0.39,50,0.2,0.39,0.2,0.2,0.2,0.59,0.98,0,Matches
458,Javi Puado,es ESP,"FW,MF",Espanyol,26,1998,33,0.67,0.52,0.42,0.12,0.12,0.24,0.61,40,0.36,0.55,0.09,0.45,0.15,0.82,0.58,0,Matches
459,Dani Raba,es ESP,"FW,MF",Leganés,28,1995,20.9,1.77,1.1,0.81,0.72,0.24,0.81,2.01,40.5,1.2,1.29,0.14,1.15,0.67,2.44,0.91,0.05,Matches
460,Arnau Rafús,es ESP,GK,Valladolid,21,2003,1,0,0,0,0,0,0,0,,0,0,0,0,0,0,0,1,Matches
461,Antonio Raillo,es ESP,DF,Mallorca,32,1991,35.6,0.87,0.51,0.51,0.28,0.08,0.39,0.56,70,0.17,1.43,1.07,0.37,0.81,1.69,6.24,0.03,Matches
462,Benito Ramírez,es ESP,"DF,FW",Las Palmas,29,1995,5.3,1.89,0.94,0.75,1.13,0,1.7,3.02,56.3,1.32,1.51,0.57,0.94,0.19,2.08,2.64,0.19,Matches
463,Sandro Ramírez,es ESP,"FW,MF",Las Palmas,29,1995,22.6,1.19,0.66,0.44,0.58,0.18,0.58,1.33,43.3,0.75,0.88,0,0.88,0.71,1.9,0.97,0.09,Matches
464,Jacobo Ramón,es ESP,DF,Real Madrid,19,2005,2.3,3.04,1.3,1.74,1.3,0,0.87,0.87,100,0,0.43,0,0.43,1.3,4.35,3.48,0.87,Matches
465,Raphinha,br BRA,"FW,MF",Barcelona,27,1996,31.5,1.14,0.7,0.19,0.6,0.35,0.6,1.24,48.7,0.63,0.92,0.06,0.86,0.35,1.49,0.83,0,Matches
466,Andrei Ratiu,ro ROU,DF,Rayo Vallecano,26,1998,34.1,2.08,1.2,1.17,0.62,0.29,1.23,2.05,60,0.82,1.32,0.15,1.17,0.79,2.87,2.14,0.06,Matches
467,Raúl,es ESP,"FW,MF",Osasuna,23,2000,8.3,1.57,0.96,0.36,0.72,0.48,0.6,1.2,50,0.6,0.48,0,0.48,0,1.57,0.72,0,Matches
468,Abderrahman Rebbach,dz ALG,"FW,MF",Alavés,25,1998,4.3,0.7,0.47,0.7,0,0,0,1.4,0,1.4,0.93,0,0.93,0,0.7,1.4,0,Matches
469,Álex Remiro,es ESP,GK,Real Sociedad,29,1995,36,0.03,0,0.03,0,0,0.03,0.06,50,0.03,0,0,0,0,0.03,0.5,0.11,Matches
470,Daniel Requena,es ESP,MF,Villarreal,20,2004,0.1,0,0,0,0,0,0,0,,0,0,0,0,0,0,0,0,Matches
471,Diego Rico,es ESP,DF,Getafe,31,1993,31.3,2.59,1.57,1.5,0.93,0.16,1.5,2.72,55.3,1.21,1.31,0.1,1.21,1.09,3.67,3.26,0.06,Matches
472,Luis Rioja,es ESP,FW,Alavés,30,1993,0.3,6.67,3.33,0,3.33,3.33,3.33,6.67,50,3.33,6.67,0,6.67,0,6.67,0,0,Matches
473,Luis Rioja,es ESP,"MF,FW",Valencia,30,1993,31.5,1.05,0.67,0.44,0.38,0.22,0.44,1.33,33.3,0.89,0.95,0.03,0.92,0.7,1.75,1.4,0.03,Matches
474,Rodrigo Riquelme,es ESP,"MF,DF",Atlético Madrid,24,2000,5.7,1.93,0.88,0.7,1.05,0.18,1.05,1.93,54.5,0.88,0.53,0,0.53,0.35,2.28,0.53,0,Matches
475,Alberto Risco,es ESP,"MF,FW",Getafe,18,2005,0.8,5,5,2.5,0,2.5,1.25,7.5,16.7,6.25,2.5,0,2.5,0,5,0,0,Matches
476,Mihailo Ristić,rs SRB,"DF,MF",Celta Vigo,28,1995,4.8,1.46,1.46,0.83,0.42,0.21,0.83,1.25,66.7,0.42,0.21,0,0.21,0.42,1.88,3.75,0,Matches
477,Gorka Rivera Alonso,es ESP,"DF,MF",Getafe,19,2004,0.2,10,0,0,10,0,10,10,100,0,0,0,0,0,10,0,0,Matches
478,Marc Roca,es ESP,MF,Betis,27,1996,10.1,1.98,1.39,0.99,0.89,0.1,0.89,1.68,52.9,0.79,1.68,0.5,1.19,1.39,3.37,1.39,0.2,Matches
479,Rodri,es ESP,FW,Betis,24,2000,1.3,1.54,0.77,0.77,0.77,0,0.77,1.54,50,0.77,1.54,0.77,0.77,0.77,2.31,0.77,0.77,Matches
480,Adrian Rodriguez,es ESP,GK,Alavés,23,2000,1.4,0,0,0,0,0,0,0.71,0,0.71,0,0,0,0,0,2.14,0.71,Matches
481,Álvaro Rodríguez,uy URU,FW,Getafe,20,2004,9.5,1.05,0.74,0,0.74,0.32,0.53,1.05,50,0.53,2.42,0,2.42,0.32,1.37,1.26,0,Matches
482,Óscar Rodríguez Arnaiz,es ESP,"MF,FW",Leganés,26,1998,14.8,2.16,1.15,0.68,1.08,0.41,0.95,2.16,43.8,1.22,0.68,0.07,0.61,1.35,3.51,1.35,0,Matches
483,Arturo Rodríguez,es ESP,FW,Las Palmas,17,2006,0.2,0,0,0,0,0,0,0,,0,0,0,0,0,0,0,0,Matches
484,Damián Rodríguez,es ESP,MF,Celta Vigo,21,2003,10.3,1.36,0.87,0.29,0.97,0.1,0.58,1.55,37.5,0.97,0.58,0.1,0.49,0.68,2.04,1.26,0,Matches
485,Dani Rodríguez,es ESP,"MF,FW",Mallorca,36,1988,24,2.04,1.21,0.75,0.88,0.42,0.58,1.13,51.9,0.54,0.92,0.13,0.79,0.5,2.54,1.25,0,Matches
486,Daniel Rodriguez,es ESP,FW,Barcelona,18,2005,0.4,0,0,0,0,0,0,0,,0,2.5,0,2.5,0,0,0,0,Matches
487,James Rodríguez,co COL,"MF,FW",Rayo Vallecano,33,1991,1.6,1.88,1.25,0.63,1.25,0,0,1.25,0,1.25,1.25,0,1.25,0.63,2.5,0,0,Matches
488,Javi Rodríguez,es ESP,DF,Celta Vigo,21,2003,27.9,1.9,1.36,1.25,0.61,0.04,1.18,1.68,70.2,0.5,1.04,0.36,0.68,1.18,3.08,3.44,0.07,Matches
489,Jesus Rodríguez,es ESP,FW,Betis,18,2005,12.3,1.3,1.14,0.49,0.49,0.33,0.41,1.46,27.8,1.06,1.3,0,1.3,0.49,1.79,0.24,0,Matches
490,Kirian Rodríguez,es ESP,MF,Las Palmas,28,1996,19.5,1.69,0.87,0.62,0.92,0.15,1.13,2.21,51.2,1.08,1.13,0.21,0.92,0.51,2.21,1.08,0,Matches
491,Ricardo Rodríguez,ch SUI,DF,Betis,31,1992,14.2,1.97,1.06,1.13,0.35,0.49,1.2,1.83,65.4,0.63,0.7,0.07,0.63,0.56,2.54,3.59,0,Matches
492,Rodrygo,br BRA,"FW,MF",Real Madrid,23,2001,21.4,0.98,0.65,0.65,0.23,0.09,0.33,1.07,30.4,0.75,0.84,0.05,0.79,0.51,1.5,0.42,0,Matches
493,Leo Román,es ESP,GK,Mallorca,24,2000,7,0,0,0,0,0,0,0,,0,0,0,0,0,0,0.86,0,Matches
494,Carlos Romero,es ESP,DF,Espanyol,22,2001,28.4,2.57,1.65,1.73,0.56,0.28,1.58,2.89,54.9,1.3,1.76,0.53,1.23,1.06,3.63,3.59,0.04,Matches
495,Isaac Romero,es ESP,FW,Sevilla,24,2000,24,0.54,0.29,0.17,0.17,0.21,0.13,0.67,18.8,0.54,0.75,0.04,0.71,0.29,0.83,1.13,0,Matches
496,Luka Romero,ar ARG,"FW,MF",Alavés,19,2004,2.2,1.82,1.82,0.45,0.45,0.91,0.91,1.36,66.7,0.45,0.91,0,0.91,0.45,2.27,0,0,Matches
497,Oriol Romeu,es ESP,MF,Girona,32,1991,15.1,2.52,1.66,0.93,1.26,0.33,0.93,1.72,53.8,0.79,1.46,0.53,0.93,0.79,3.31,1.32,0.26,Matches
498,Vitor Roque,br BRA,FW,Betis,19,2005,13.7,0.8,0.44,0.07,0.44,0.29,0.07,0.36,20,0.29,0.36,0,0.36,0.51,1.31,0.29,0,Matches
499,Valentin Rosier,fr FRA,DF,Leganés,27,1996,28.8,2.5,1.81,1.67,0.56,0.28,1.49,2.36,63.2,0.87,1.39,0.52,0.87,1.81,4.31,5.17,0.07,Matches
500,Antonio Rüdiger,de GER,DF,Real Madrid,31,1993,25.5,0.78,0.51,0.55,0.24,0,0.43,0.59,73.3,0.16,0.86,0.55,0.31,0.35,1.14,3.76,0.04,Matches
501,Aitor Ruibal,es ESP,"DF,FW",Betis,28,1996,14.6,2.19,1.58,1.51,0.27,0.41,1.71,3.22,53.2,1.51,1.37,0.34,1.03,0.96,3.15,2.74,0.07,Matches
502,Abel Ruiz,es ESP,FW,Girona,24,2000,15,0.4,0.13,0.13,0.13,0.13,0.13,0.33,40,0.2,0.47,0.13,0.33,0.33,0.73,0.47,0,Matches
503,Ferrán Ruiz,es ESP,MF,Girona,21,2003,0.2,0,0,0,0,0,0,0,,0,10,5,5,5,5,0,0,Matches
504,Youssouf Sabaly,sn SEN,DF,Betis,31,1993,17.6,2.27,1.42,1.19,0.85,0.23,1.36,1.82,75,0.45,1.19,0.23,0.97,0.74,3.01,2.27,0,Matches
505,Umar Sadiq,ng NGA,FW,Valencia,27,1997,9.2,1.09,0.54,0.33,0.54,0.22,0.43,0.65,66.7,0.22,0.76,0,0.76,0.11,1.2,0.76,0,Matches
506,Umar Sadiq,ng NGA,FW,Real Sociedad,27,1997,2.5,0.8,0.4,0.4,0.4,0,0.4,0.8,50,0.4,1.2,0.4,0.8,0.4,1.2,0.8,0,Matches
507,Jorge Sáenz,es ESP,DF,Leganés,27,1996,18.8,1.97,1.22,0.96,0.96,0.05,0.59,1.06,55,0.48,1.38,0.9,0.48,1.33,3.3,8.56,0,Matches
508,Jan Salas,es ESP,"MF,FW",Mallorca,18,2005,0.5,6,2,4,2,0,4,4,100,0,0,0,0,0,6,0,0,Matches
509,Kike Salas,es ESP,DF,Sevilla,22,2002,24.9,1.89,1.12,0.96,0.64,0.28,1.08,1.85,58.7,0.76,1.04,0.56,0.48,1.29,3.17,5.86,0,Matches
510,Albert Sambi Lokonga,be BEL,MF,Sevilla,24,1999,16.3,1.35,0.92,0.61,0.55,0.18,0.61,0.86,71.4,0.25,0.8,0.06,0.74,0.55,1.9,1.47,0.18,Matches
511,Chuky san jose,es ESP,MF,Valladolid,20,2004,8.1,0.99,0.25,0.37,0.37,0.25,0.25,1.11,22.2,0.86,0.49,0.12,0.37,0,0.99,0.49,0,Matches
512,Oihan Sancet,es ESP,MF,Athletic Club,24,2000,18,0.72,0.44,0.33,0.33,0.06,0.28,0.78,35.7,0.5,0.56,0,0.56,0.28,1,0.33,0,Matches
513,Antonio Sánchez,es ESP,"MF,DF",Mallorca,27,1997,15.5,1.81,1.03,1.03,0.52,0.26,0.9,2.32,38.9,1.42,1.03,0.13,0.9,1.16,2.97,2.32,0.06,Matches
514,Iván Sánchez,es ESP,"MF,FW",Valladolid,31,1992,15.6,2.37,1.28,1.15,0.64,0.58,0.77,1.73,44.4,0.96,1.15,0.19,0.96,0.9,3.27,0.64,0,Matches
515,Javi Sánchez,es ESP,DF,Valladolid,27,1997,22.5,1.16,0.71,0.84,0.27,0.04,0.76,1.16,65.4,0.4,1.73,1.24,0.49,0.98,2.13,4.93,0.13,Matches
516,Juanlu Sánchez,es ESP,"MF,DF",Sevilla,20,2003,19.1,2.62,1.78,1.47,0.79,0.37,1.83,3.09,59.3,1.26,1.41,0.1,1.31,0.89,3.51,0.99,0,Matches
517,Manu Sánchez,es ESP,DF,Alavés,23,2000,29.3,2.83,1.91,1.37,1.13,0.34,1.4,2.35,59.4,0.96,1.74,0.41,1.33,1.02,3.86,2.59,0.03,Matches
518,Maroan Sannadi,es ESP,FW,Athletic Club,23,2001,8.4,0.6,0,0.12,0.48,0,0.24,0.83,28.6,0.6,0.12,0,0.12,0.12,0.71,0.24,0.12,Matches
519,Jesús Santiago,es ESP,MF,Getafe,20,2004,4.1,3.41,1.95,1.46,1.95,0,1.22,2.44,50,1.22,1.46,0.49,0.98,0.24,3.66,0.73,0,Matches
520,Aleksandar Sedlar,rs SRB,DF,Alavés,32,1991,6.6,2.73,1.52,1.06,1.67,0,1.21,1.52,80,0.3,0.3,0.15,0.15,1.52,4.24,3.64,0.15,Matches
521,Sergi,es ESP,DF,Leganés,32,1992,32.9,1.22,0.88,0.67,0.49,0.06,0.55,0.97,56.3,0.43,1.16,0.88,0.27,1.19,2.4,5.62,0.06,Matches
522,Nicolás Serrano,es ESP,FW,Athletic Club,21,2003,1.2,0.83,0.83,0,0.83,0,0.83,2.5,33.3,1.67,3.33,0,3.33,0.83,1.67,0.83,0,Matches
523,Fábio Silva,pt POR,FW,Las Palmas,22,2002,20.7,0.58,0.34,0.19,0.24,0.14,0.19,0.68,28.6,0.48,0.58,0,0.58,0.19,0.77,1.3,0,Matches
524,Rui Silva,pt POR,GK,Betis,30,1994,15,0,0,0,0,0,0,0.07,0,0.07,0.07,0,0.07,0,0,0.47,0,Matches
525,Giuliano Simeone,ar ARG,MF,Atlético Madrid,21,2002,21.4,1.26,0.61,0.28,0.51,0.47,0.7,1.4,50,0.7,1.03,0.14,0.89,0.65,1.92,1.03,0.05,Matches
526,Unai Simón,es ESP,GK,Athletic Club,27,1997,21,0,0,0,0,0,0,0,,0,0.05,0,0.05,0.05,0.05,0.67,0.19,Matches
527,Daley Sinkgraven,nl NED,DF,Las Palmas,29,1995,1,5,1,3,2,0,1,3,33.3,2,1,0,1,1,6,2,0,Matches
528,Jailson Siqueira,br BRA,"DF,MF",Celta Vigo,28,1995,6.8,1.91,1.62,1.32,0.44,0.15,1.32,1.62,81.8,0.29,0.88,0.59,0.29,1.32,3.24,4.12,0.15,Matches
529,Antonio Sivera,es ESP,GK,Alavés,27,1996,31.2,0.06,0.03,0.06,0,0,0.06,0.06,100,0,0.03,0,0.03,0,0.06,0.64,0,Matches
530,Justin Smith,ca CAN,MF,Espanyol,21,2003,2.3,3.91,1.3,1.3,2.61,0,1.74,2.61,66.7,0.87,2.17,0.43,1.74,1.74,5.65,1.3,0,Matches
531,Alex Sola,es ESP,"MF,FW",Getafe,25,1999,11.4,1.84,1.23,0.79,1.05,0,0.79,2.19,36,1.4,0.7,0,0.7,0.61,2.46,0.96,0.09,Matches
532,Arnau Solà,es ESP,MF,Villarreal,21,2003,0.1,0,0,0,0,0,0,20,0,20,10,10,0,0,0,0,0,Matches
533,Jhon Solis,co COL,MF,Girona,19,2004,5.9,2.2,1.19,0.51,1.53,0.17,1.02,2.37,42.9,1.36,2.2,0.17,2.03,0.68,2.88,1.02,0.17,Matches
534,David Soria,es ESP,GK,Getafe,31,1993,38,0.11,0.11,0.11,0,0,0.11,0.13,80,0.03,0,0,0,0.03,0.13,0.55,0.08,Matches
535,Juan Soriano,es ESP,GK,Leganés,26,1997,6,0.17,0.17,0.17,0,0,0.17,0.17,100,0,0,0,0,0,0.17,0.33,0,Matches
536,Hugo Sotelo,es ESP,MF,Celta Vigo,20,2003,13.9,2.01,1.22,0.58,0.72,0.72,0.94,2.23,41.9,1.29,0.65,0.07,0.58,0.36,2.37,0.65,0.07,Matches
537,Djibril Sow,ch SUI,MF,Sevilla,27,1997,22.9,1.09,0.61,0.57,0.44,0.09,0.35,0.74,47.1,0.39,0.79,0.13,0.66,1.22,2.31,1.14,0.04,Matches
538,Carl Starfelt,se SWE,DF,Celta Vigo,29,1995,25.2,1.59,0.79,0.99,0.56,0.04,0.71,1.07,66.7,0.36,1.15,0.83,0.32,1.23,2.82,5.12,0.12,Matches
539,Orri Steinn Óskarsson,is ISL,FW,Real Sociedad,19,2004,10.5,0.57,0.57,0.19,0.1,0.29,0.19,0.76,25,0.57,0.95,0.1,0.86,0.19,0.76,1.05,0,Matches
540,Stoichkov,es ESP,"MF,FW",Alavés,30,1993,7.8,1.79,1.15,0.77,0.9,0.13,0.77,1.41,54.5,0.64,0.26,0,0.26,0.13,1.92,0.9,0,Matches
541,Cristhian Stuani,uy URU,FW,Girona,37,1986,12,0.75,0.58,0.08,0.58,0.08,0.42,0.67,62.5,0.25,0.33,0.08,0.25,0.58,1.33,0.92,0,Matches
542,Álex Suárez,es ESP,DF,Las Palmas,31,1993,27.3,1.47,0.84,1.1,0.33,0.04,0.73,0.99,74.1,0.26,1.43,0.88,0.55,0.48,1.94,3.92,0.07,Matches
543,Denis Suárez,es ESP,MF,Villarreal,30,1994,6.8,1.76,1.18,1.03,0.29,0.44,0.59,1.47,40,0.88,0.59,0.15,0.44,0.44,2.21,0.44,0,Matches
544,Luka Sučić,hr CRO,MF,Real Sociedad,21,2002,19.9,1.26,0.9,0.4,0.6,0.25,0.5,1.31,38.5,0.8,1.51,0.1,1.41,0.75,2.01,0.8,0.05,Matches
545,Suso,es ESP,"FW,MF",Sevilla,30,1993,6.7,1.49,1.04,0.45,0.9,0.15,0.6,1.64,36.4,1.04,0.6,0,0.6,0.6,2.09,0.3,0,Matches
546,Williot Swedberg,se SWE,"FW,MF",Celta Vigo,20,2004,15,1.53,1.07,0.6,0.67,0.27,0.87,1.33,65,0.47,0.8,0.07,0.73,0.2,1.73,0.67,0.07,Matches
547,Mamadou Sylla,sn SEN,"FW,MF",Valladolid,30,1994,17.6,0.45,0.23,0.17,0.17,0.11,0.11,0.51,22.2,0.4,0.45,0,0.45,0.17,0.63,0.8,0.06,Matches
548,Wojciech Szczęsny,pl POL,GK,Barcelona,34,1990,15,0.07,0.07,0.07,0,0,0,0,,0,0,0,0,0,0.07,1.33,0.07,Matches
549,Alexander Sørloth,no NOR,FW,Atlético Madrid,28,1995,17.4,0.52,0.29,0.11,0.29,0.11,0.17,0.34,50,0.17,0.34,0.06,0.29,0.06,0.57,1.61,0,Matches
550,Renato Tapia,pe PER,"MF,DF",Leganés,29,1995,26.9,2.27,1.3,1.12,1,0.15,0.89,1.86,48,0.97,2.16,0.86,1.3,1,3.27,3.2,0.07,Matches
551,César Tárrega,es ESP,DF,Valencia,22,2002,33.6,1.46,1.1,0.98,0.39,0.09,0.57,0.92,61.3,0.36,1.22,0.6,0.63,0.65,2.11,6.61,0.06,Matches
552,Aurélien Tchouaméni,fr FRA,"DF,MF",Real Madrid,24,2000,29.9,1.57,0.77,0.84,0.64,0.1,0.7,1.37,51.2,0.67,1.14,0.84,0.3,1.54,3.11,3.08,0.03,Matches
553,Álvaro Tejero,es ESP,"MF,DF",Espanyol,28,1996,13.8,1.01,0.29,0.51,0.43,0.07,0.51,1.67,30.4,1.16,0.65,0.07,0.58,0.94,1.96,2.46,0.07,Matches
554,Martín Tejón,es ESP,"MF,DF",Valencia,20,2004,0.5,4,0,0,4,0,2,4,50,2,0,0,0,0,4,0,0,Matches
555,Nahuel Tenaglia,ar ARG,DF,Alavés,28,1996,32.5,2.95,1.88,1.88,0.92,0.15,1.63,2.71,60.2,1.08,1.02,0.28,0.74,1.45,4.4,3.78,0.06,Matches
556,Marc-André ter Stegen,de GER,GK,Barcelona,32,1992,7.5,0,0,0,0,0,0,0.13,0,0.13,0,0,0,0,0,0.27,0.27,Matches
557,Ramón Terrats,es ESP,"MF,FW",Villarreal,23,2000,1.5,2,2,0.67,1.33,0,1.33,2.67,50,1.33,2,0.67,1.33,1.33,3.33,2,0,Matches
558,Ramón Terrats,es ESP,"MF,FW",Getafe,23,2000,13.5,1.48,0.74,0.52,0.59,0.37,0.59,2.07,28.6,1.48,0.67,0.15,0.52,0.59,2.07,1.19,0,Matches
559,Raúl de Tomás,es ESP,"DF,FW",Rayo Vallecano,29,1994,0.2,10,10,5,0,5,0,0,,0,0,0,0,0,10,0,0,Matches
560,Pablo Torre,es ESP,"MF,FW",Barcelona,21,2003,3.4,1.47,1.18,0.29,0.88,0.29,0.59,1.18,50,0.59,0,0,0,0.88,2.35,1.47,0.29,Matches
561,David Torres,es ESP,DF,Valladolid,21,2003,15.4,0.84,0.52,0.78,0.06,0,0.45,0.71,63.6,0.26,1.23,1.1,0.13,0.65,1.49,4.81,0,Matches
562,Ferrán Torres,es ESP,"FW,MF",Barcelona,24,2000,12.3,0.65,0.33,0.16,0.24,0.24,0.24,0.65,37.5,0.41,0.57,0.08,0.49,0.33,0.98,0.41,0,Matches
563,Lucas Torró,es ESP,MF,Osasuna,30,1994,32.9,2.25,1.25,1.03,1.06,0.15,1.09,1.95,56.3,0.85,1.09,0.27,0.82,1.37,3.62,2.13,0.09,Matches
564,Hamari Traoré,ml MLI,DF,Real Sociedad,32,1992,7.8,2.44,1.54,1.28,0.9,0.26,1.92,2.82,68.2,0.9,0.77,0.26,0.51,1.15,3.59,2.69,0,Matches
565,Óscar Trejo,ar ARG,MF,Rayo Vallecano,36,1988,5.5,1.45,0.91,0.18,0.91,0.36,0.55,1.64,33.3,1.09,1.64,0,1.64,0.73,2.18,0.91,0,Matches
566,Viktor Tsyhankov,ua UKR,"FW,MF",Girona,26,1997,21.3,0.89,0.56,0.19,0.33,0.38,0.42,0.89,47.4,0.47,0.33,0.05,0.28,0.7,1.6,0.75,0.05,Matches
567,Beñat Turrientes,es ESP,MF,Real Sociedad,22,2002,10.5,1.43,0.57,0.38,0.95,0.1,0.38,1.43,26.7,1.05,1.43,0.29,1.14,0.48,1.9,1.33,0.1,Matches
568,Christantus Uche,ng NGA,"FW,MF",Getafe,21,2003,27.6,1.27,0.76,0.29,0.69,0.29,0.33,0.72,45,0.4,0.72,0.07,0.65,0.36,1.63,0.69,0,Matches
569,Naci Ünüvar,nl NED,"MF,DF",Espanyol,21,2003,0.3,6.67,6.67,3.33,3.33,0,3.33,6.67,50,3.33,0,0,0,0,6.67,0,0,Matches
570,Óscar Valentín,es ESP,MF,Rayo Vallecano,29,1994,20.4,2.7,2.01,1.03,0.98,0.69,1.62,3.73,43.4,2.11,1.76,0.39,1.37,1.03,3.73,2.5,0.1,Matches
571,Germán Valera,es ESP,MF,Valencia,22,2002,1.6,0.63,0.63,0.63,0,0,0,0.63,0,0.63,1.25,0,1.25,2.5,3.13,1.25,0.63,Matches
572,Martin Valjent,sk SVK,DF,Mallorca,28,1995,30.7,0.98,0.68,0.72,0.23,0.03,0.49,0.81,60,0.33,1.04,0.68,0.36,0.59,1.56,6.35,0.03,Matches
573,Jesús Vallejo,es ESP,DF,Real Madrid,27,1997,1.5,0,0,0,0,0,0,0,,0,0,0,0,1.33,1.33,5.33,0,Matches
574,Federico Valverde,uy URU,"MF,DF",Real Madrid,26,1998,33.7,1.48,0.89,0.65,0.68,0.15,0.86,1.28,67.4,0.42,1.13,0.24,0.89,1.63,3.12,1.54,0.03,Matches
575,Siebe Van Der Heyden,be BEL,"DF,MF",Mallorca,26,1998,1.1,0.91,0.91,0,0.91,0,0,0,,0,0.91,0,0.91,1.82,2.73,2.73,0,Matches
576,Ruben Vargas,ch SUI,"FW,MF",Sevilla,25,1998,7.5,0.93,0.53,0.13,0.67,0.13,0.4,1.07,37.5,0.67,1.2,0,1.2,0.4,1.33,1.33,0,Matches
577,José Luis García Vayá,es ESP,MF,Valencia,25,1998,19.4,2.22,1.29,1.24,0.67,0.31,0.98,1.7,57.6,0.72,1.19,0.31,0.88,0.98,3.2,2.16,0,Matches
578,Jesus Vazquez,es ESP,DF,Valencia,21,2003,10.2,2.25,1.76,1.18,0.88,0.2,0.98,1.86,52.6,0.88,1.57,0.49,1.08,0.98,3.24,2.94,0,Matches
579,Lucas Vázquez,es ESP,DF,Real Madrid,33,1991,24.3,2.39,1.4,1.36,0.7,0.33,1.11,1.98,56.3,0.86,0.99,0.25,0.74,0.7,3.09,1.44,0.04,Matches
580,Alejo Véliz,ar ARG,FW,Espanyol,20,2003,12.5,0.08,0.08,0,0.08,0,0.08,0.56,14.3,0.48,0.96,0.16,0.8,0.32,0.4,1.84,0.08,Matches
581,Mikel Vesga,es ESP,MF,Athletic Club,31,1993,11,2,1.36,0.64,1.18,0.18,1.09,2.55,42.9,1.45,0.91,0.09,0.82,1.36,3.36,2.36,0,Matches
582,Carlos Vicente,es ESP,"FW,MF",Alavés,25,1999,34.4,1.37,0.9,0.76,0.32,0.29,0.73,1.86,39.1,1.13,0.99,0.06,0.93,0.41,1.77,1.16,0,Matches
583,Pau Victor,es ESP,FW,Barcelona,22,2001,3.5,0.86,0.29,0,0.57,0.29,0,0.86,0,0.86,1.71,0.29,1.43,0.57,1.43,1.43,0,Matches
584,Nacho Vidal,es ESP,DF,Osasuna,29,1995,1.4,1.43,0,0,0.71,0.71,0.71,2.86,25,2.14,0.71,0,0.71,0,1.43,4.29,0,Matches
585,Fran Vieites,es ESP,GK,Betis,25,1999,4,0,0,0,0,0,0,0,,0,0,0,0,0,0,0.25,0,Matches
586,Sergio Viera,es ESP,MF,Las Palmas,19,2005,1.1,0.91,0.91,0,0.91,0,0,0.91,0,0.91,0.91,0,0.91,0.91,1.82,0.91,0,Matches
587,Asier Villalibre,es ESP,FW,Alavés,26,1997,3.7,0.54,0.54,0,0.27,0.27,0.27,0.54,50,0.27,0.27,0,0.27,0.27,0.81,1.89,0,Matches
588,Iván Villar,es ESP,GK,Celta Vigo,27,1997,4,0,0,0,0,0,0,0,,0,0,0,0,0,0,0.75,0,Matches
589,Viti,es ESP,DF,Las Palmas,26,1997,22,3.23,2.09,1.95,0.95,0.32,1.41,2.05,68.9,0.64,1.27,0.32,0.95,1.23,4.45,2.77,0,Matches
590,Daniel Vivian,es ESP,DF,Athletic Club,25,1999,29,1.38,0.9,0.79,0.48,0.1,0.72,1.1,65.6,0.38,0.9,0.34,0.55,1.62,3,5.24,0.07,Matches
591,Krapyvtsov Vladyslav,ua UKR,GK,Girona,19,2005,2,0,0,0,0,0,0,0,,0,0,0,0,0,0,0.5,0.5,Matches
592,Iñaki Williams,gh GHA,FW,Athletic Club,30,1994,29.5,0.58,0.34,0.14,0.27,0.17,0.41,0.78,52.2,0.37,1.15,0.17,0.98,0.41,0.98,1.08,0,Matches
593,Nico Williams,es ESP,FW,Athletic Club,22,2002,22.2,1.26,0.81,0.45,0.5,0.32,0.5,1.44,34.4,0.95,0.9,0.05,0.86,0.32,1.58,0.41,0,Matches
594,Axel Witsel,be BEL,DF,Atlético Madrid,35,1989,9.5,1.68,1.26,0.42,1.05,0.21,1.26,1.47,85.7,0.21,1.58,0.84,0.74,1.16,2.84,3.58,0.11,Matches
595,Lamine Yamal,es ESP,FW,Barcelona,17,2007,31.7,1.32,0.88,0.25,0.54,0.54,0.5,1.2,42.1,0.69,0.38,0,0.38,0.5,1.83,0.09,0,Matches
596,Daniel Yáñez,es ESP,FW,Real Madrid,17,2007,0,0,0,0,0,0,0,0,,0,0,0,0,0,0,0,0,Matches
597,Bertuğ Yıldırım,tr TUR,FW,Getafe,22,2002,12,0.83,0.42,0,0.58,0.25,0.17,0.58,28.6,0.42,1.08,0.17,0.92,0.08,0.92,1.33,0,Matches
598,Arsen Zakharyan,ru RUS,"MF,FW",Real Sociedad,21,2003,0.8,1.25,1.25,1.25,0,0,1.25,1.25,100,0,1.25,1.25,0,1.25,2.5,0,0,Matches
599,Bryan Zaragoza,es ESP,"FW,MF",Osasuna,23,2001,20.4,0.64,0.44,0.39,0.2,0.05,0.29,1.03,28.6,0.74,0.49,0,0.49,0.2,0.83,0.39,0,Matches
600,Igor Zubeldia,es ESP,DF,Real Sociedad,27,1997,25.2,1.35,0.87,0.83,0.4,0.12,0.56,1.03,53.8,0.48,1.27,0.71,0.56,1.23,2.58,3.97,0.08,Matches
601,Martín Zubimendi,es ESP,MF,Real Sociedad,25,1999,32.9,2.22,1.12,0.94,0.88,0.4,0.85,1.34,63.6,0.49,1.28,0.49,0.79,1.34,3.56,2.4,0.09,Matches