Rk,Player,Nation,Pos,Squad,Age,Born,90s,CrdY,CrdR,2CrdY,Fls,Fld,Off,Crs,Int,TklW,PKwon,PKcon,OG,Recov,Won,Lost,Won%,Matches
1,Max Aarons,eng ENG,"DF,MF",Valencia,24,2000,1.3,2,0,0,0,2,0,5,0,4,0,0,0,7,2,1,66.7,Matches
2,Rodrigo Abajas,es ESP,DF,Valencia,21,2003,0.7,1,0,0,2,0,1,1,1,2,0,0,0,2,0,1,0,Matches
3,Abel,es ESP,DF,Osasuna,23,2000,23,3,0,0,25,32,3,85,18,37,0,1,0,106,20,17,54.1,Matches
4,Nabil Aberdin,fr FRA,MF,Getafe,21,2002,2.9,1,0,0,7,6,0,0,0,4,0,0,0,8,10,3,76.9,Matches
5,Abdel Abqar,ma MAR,DF,Alavés,25,1999,27.4,13,0,0,47,31,2,5,39,23,1,2,0,87,40,35,53.3,Matches
6,Akor Adams,ng NGA,FW,Sevilla,24,2000,1.5,0,0,0,1,0,1,0,0,0,0,0,0,4,6,10,37.5,Matches
7,Adrián,es ESP,GK,Betis,37,1987,19,3,0,0,0,4,0,0,0,0,0,0,0,20,2,1,66.7,Matches
8,Julen Agirrezabala,es ESP,GK,Athletic Club,23,2000,13.4,1,1,0,3,1,0,0,0,0,0,2,0,21,5,0,100,Matches
9,Lucien Agoume,fr FRA,MF,Sevilla,22,2002,23.5,5,1,0,49,6,2,18,41,32,0,1,0,136,42,40,51.2,Matches
10,Álvaro Aguado,es ESP,MF,Espanyol,28,1996,4.9,3,0,0,5,8,0,12,4,2,0,0,0,37,3,2,60,Matches
11,Lorenzo Aguado,es ESP,DF,Real Madrid,21,2002,0.1,0,0,0,0,0,0,0,0,0,0,0,0,0,0,0,,Matches
12,Nayef Aguerd,ma MAR,DF,Real Sociedad,28,1996,19.6,5,0,0,11,19,0,2,13,24,0,1,0,73,61,32,65.6,Matches
13,Joseph Aidoo,gh GHA,DF,Valladolid,28,1995,6.5,0,0,0,4,2,0,0,5,5,0,0,0,25,9,8,52.9,Matches
14,Joseph Aidoo,gh GHA,DF,Celta Vigo,28,1995,0,0,0,0,0,0,0,0,0,0,0,0,0,1,0,0,,Matches
15,Ilias Akhomach,ma MAR,"MF,FW",Villarreal,20,2004,6.5,1,0,0,9,21,1,18,3,7,0,0,0,30,6,6,50,Matches
16,David Alaba,at AUT,DF,Real Madrid,32,1992,3.5,1,0,0,2,0,0,3,6,0,0,0,0,8,4,1,80,Matches
17,Ibrahim Alani,ng NGA,MF,Valladolid,18,2006,1.8,0,0,0,2,5,0,0,1,7,0,0,0,13,3,1,75,Matches
18,Raúl Albiol,es ESP,DF,Villarreal,38,1985,13.2,5,0,0,11,6,0,0,6,9,0,2,1,44,29,14,67.4,Matches
19,Omar Alderete,py PAR,DF,Getafe,27,1996,33,8,0,0,33,12,8,6,40,29,1,4,0,115,101,51,66.4,Matches
20,Carles Aleñá,es ESP,"MF,FW",Getafe,26,1998,5,1,0,0,8,11,2,6,0,3,0,0,0,12,10,9,52.6,Matches
21,Carles Aleñá,es ESP,"MF,FW",Alavés,26,1998,12.1,1,0,0,11,24,0,31,2,12,0,0,0,47,9,6,60,Matches
22,Alfon,es ESP,"FW,MF",Celta Vigo,25,1999,15.2,1,1,0,15,31,6,40,5,3,1,0,0,37,3,14,17.6,Matches
23,Tadeo Allende,ar ARG,FW,Celta Vigo,25,1999,0,1,0,0,0,0,0,0,0,0,0,0,0,1,0,0,,Matches
24,Domingos André Ribeiro Almeida,pt POR,"MF,FW",Valencia,24,2000,22,2,0,0,28,38,2,67,8,32,0,0,0,89,5,15,25,Matches
25,Iker Almena,es ESP,"FW,DF",Girona,20,2004,0.5,0,0,0,0,1,0,4,0,0,0,0,0,2,0,0,,Matches
26,Marcos Alonso,es ESP,DF,Celta Vigo,33,1990,29.4,10,2,1,31,28,2,42,34,21,0,1,0,176,70,42,62.5,Matches
27,Adrià Altimira,es ESP,"DF,FW",Leganés,23,2001,18.1,6,0,0,27,28,3,28,15,24,0,1,0,71,12,19,38.7,Matches
28,Sergi Altimira,es ESP,MF,Betis,22,2001,21.9,4,0,0,35,33,0,5,24,37,1,0,0,117,11,22,33.3,Matches
29,Hugo Álvarez,es ESP,"MF,DF",Celta Vigo,21,2003,17.5,6,0,0,25,16,3,31,8,9,0,1,0,78,6,12,33.3,Matches
30,Julián Álvarez,ar ARG,FW,Atlético Madrid,24,2000,27.9,5,0,0,26,9,9,69,2,17,0,0,0,75,13,31,29.5,Matches
31,Yeray Álvarez,es ESP,DF,Athletic Club,29,1995,19.8,4,0,0,15,15,0,3,34,13,0,0,0,83,49,42,53.8,Matches
32,Selim Amallah,ma MAR,MF,Valladolid,27,1996,15.3,6,0,0,32,28,1,31,14,18,0,0,0,73,5,16,23.8,Matches
33,Amath,sn SEN,"FW,DF",Valladolid,28,1996,4.2,1,0,0,4,7,2,7,2,0,0,0,0,13,1,6,14.3,Matches
34,Marcos André,br BRA,FW,Valladolid,27,1996,13.2,5,0,0,12,28,5,1,3,6,0,0,0,44,47,44,51.6,Matches
35,Leandro Antonetti,pr PUR,FW,Sevilla,21,2003,0.3,0,0,0,0,0,0,0,0,0,0,0,0,3,0,0,,Matches
36,Antoniu,es ESP,"FW,MF",Espanyol,21,2002,11.4,3,0,0,19,23,4,20,8,10,0,0,0,39,6,18,25,Matches
37,Antony,br BRA,FW,Betis,24,2000,15.1,2,1,0,15,27,1,40,10,11,1,0,0,73,5,14,26.3,Matches
38,Anuar,ma MAR,"MF,FW",Valladolid,29,1995,19.1,7,0,0,30,48,10,22,18,27,1,0,0,71,23,35,39.7,Matches
39,Aritz Arambarri,es ESP,DF,Leganés,26,1998,2,0,0,0,0,0,0,0,3,1,0,0,0,4,6,8,42.9,Matches
40,Mauro Arambarri,uy URU,MF,Getafe,28,1995,29.6,10,0,0,51,52,3,14,15,29,0,0,0,137,59,54,52.2,Matches
41,Jon Aramburu,ve VEN,DF,Real Sociedad,22,2002,27.3,8,0,0,50,42,3,45,30,70,0,1,0,127,40,33,54.8,Matches
42,Ronald Araújo,uy URU,DF,Barcelona,25,1999,8.4,3,0,0,9,4,0,0,9,9,0,0,0,27,33,20,62.3,Matches
43,Adu Ares,es ESP,FW,Athletic Club,22,2001,0.2,0,0,0,0,0,0,1,0,0,0,0,0,1,0,0,,Matches
44,Jesús Areso,es ESP,DF,Osasuna,25,1999,34.2,9,0,0,31,20,8,169,8,38,0,0,0,118,27,19,58.7,Matches
45,David Argüelles,es ESP,MF,Getafe,22,2002,0.1,0,0,0,0,0,0,0,0,0,0,0,0,0,0,0,,Matches
46,José Arnaiz,es ESP,"FW,MF",Osasuna,29,1995,1.5,0,0,0,0,5,4,18,5,5,0,0,0,16,1,3,25,Matches
47,Sergio Arribas,es ESP,DF,Betis,21,2003,1,0,0,0,0,0,0,0,3,4,0,0,0,3,1,0,100,Matches
48,Takuma Asano,jp JPN,"FW,MF",Mallorca,29,1994,11.7,0,0,0,5,15,6,20,6,9,0,0,0,42,5,26,16.1,Matches
49,Raúl Asencio,es ESP,DF,Real Madrid,21,2003,18.6,3,0,0,12,19,1,0,16,16,0,0,0,75,30,15,66.7,Matches
50,Iago Aspas,es ESP,"FW,MF",Celta Vigo,36,1987,19.4,6,1,1,16,34,5,15,8,8,1,0,0,55,7,8,46.7,Matches
51,Yaser Asprilla,co COL,"FW,MF",Girona,20,2003,15.6,2,0,0,12,23,1,93,7,12,0,1,0,62,4,3,57.1,Matches
52,Ezequiel Ávila,ar ARG,FW,Betis,30,1994,7.5,5,1,0,13,18,5,29,2,3,0,0,0,28,6,8,42.9,Matches
53,Adam Aznou,ma MAR,DF,Valladolid,18,2006,9.7,1,0,0,14,17,0,12,10,21,0,0,0,56,11,4,73.3,Matches
54,César Azpilicueta,es ESP,DF,Atlético Madrid,34,1989,9.7,1,0,0,8,6,3,5,5,14,0,0,0,28,14,14,50,Matches
55,Papa Ba,es ESP,MF,Girona,19,2004,0.5,0,0,0,1,4,0,1,0,1,0,0,0,1,0,0,,Matches
56,Loïc Bade,fr FRA,DF,Sevilla,24,2000,29.8,7,1,0,26,10,0,8,29,27,0,1,0,138,65,30,68.4,Matches
57,Alex Baena,es ESP,"MF,FW",Villarreal,23,2001,28.8,9,0,0,43,47,5,207,22,15,0,0,0,140,16,19,45.7,Matches
58,Juma Bah,sl SLE,DF,Valladolid,18,2006,9.6,1,0,0,6,6,0,0,12,7,0,0,0,35,31,13,70.5,Matches
59,Eric Bailly,ci CIV,DF,Villarreal,30,1994,6.9,2,1,0,7,1,0,0,6,4,0,1,0,19,11,7,61.1,Matches
60,Stefan Bajcetic,es ESP,"MF,DF",Las Palmas,19,2004,10.8,4,0,0,21,14,0,4,15,14,0,1,0,61,17,13,56.7,Matches
61,Cédric Bakambu,cd COD,FW,Betis,33,1991,7.9,4,0,0,23,7,12,2,0,4,1,0,0,25,12,26,31.6,Matches
62,Alejandro Balde,es ESP,DF,Barcelona,20,2003,25.4,2,0,0,16,37,0,67,5,10,0,0,0,122,16,9,64,Matches
63,Iván Balliu,al ALB,DF,Rayo Vallecano,32,1992,13.3,3,0,0,19,15,1,19,13,14,0,0,0,39,14,26,35,Matches
64,Jonathan Bamba,ci CIV,"FW,MF",Celta Vigo,28,1996,9,1,0,0,7,17,4,25,5,7,0,0,0,52,5,10,33.3,Matches
65,Adrian Baquerin,es ESP,FW,Valladolid,17,2007,0.5,0,0,0,0,2,0,0,0,1,0,0,0,1,1,0,100,Matches
66,Valentín Barco,ar ARG,"DF,FW",Sevilla,20,2004,3.2,0,0,0,7,5,0,24,2,9,0,0,0,16,0,2,0,Matches
67,Borna Barišić,hr CRO,DF,Leganés,31,1992,0.1,0,0,0,0,0,0,0,0,0,0,0,0,0,0,0,,Matches
68,Kike Barja,es ESP,"FW,MF",Osasuna,27,1997,3.5,3,0,0,9,4,1,37,3,4,0,0,0,10,5,8,38.5,Matches
69,Enzo Barrenechea,ar ARG,MF,Valencia,23,2001,24.3,6,0,0,25,45,0,3,28,30,1,0,0,117,37,24,60.7,Matches
70,Ander Barrenetxea,es ESP,"MF,FW",Real Sociedad,22,2001,14,6,0,0,33,13,6,54,11,19,0,1,0,88,7,14,33.3,Matches
71,Pablo Barrios,es ESP,MF,Atlético Madrid,21,2003,25.9,4,1,0,28,27,0,26,34,26,0,0,0,131,35,21,62.5,Matches
72,Thierno Barry,fr FRA,FW,Villarreal,21,2002,25.8,4,0,0,47,51,20,5,0,8,1,1,0,36,99,48,67.3,Matches
73,Marc Bartra,es ESP,DF,Betis,33,1991,23.3,2,0,0,15,14,2,1,33,19,0,1,0,88,50,42,54.3,Matches
74,Aboubacar Bassinga,ci CIV,MF,Las Palmas,19,2005,0,0,0,0,1,0,0,0,0,0,0,0,0,0,0,0,,Matches
75,Augusto Batalla,ar ARG,GK,Rayo Vallecano,28,1996,32,6,0,0,1,6,0,0,0,2,0,0,0,49,9,0,100,Matches
76,Rafael Bauza,es ESP,MF,Espanyol,19,2005,2,1,0,0,8,0,0,0,0,3,0,0,0,4,3,2,60,Matches
77,Sheraldo Becker,sr SUR,"FW,MF",Real Sociedad,29,1995,11.1,1,1,0,8,15,9,64,1,2,0,0,0,30,7,16,30.4,Matches
78,Donny van de Beek,nl NED,MF,Girona,27,1997,15.8,5,0,0,22,8,3,11,10,18,0,0,0,48,10,9,52.6,Matches
79,Luken Beitia,es ESP,DF,Real Sociedad,20,2004,0.1,0,0,0,0,0,0,0,0,1,0,0,0,1,1,0,100,Matches
80,Ismael Bekhoucha,ma MAR,"MF,DF",Getafe,19,2004,0.8,2,0,0,3,3,0,1,2,1,0,0,0,6,1,1,50,Matches
81,Héctor Bellerín,es ESP,DF,Betis,29,1995,6.4,1,0,0,6,0,0,10,6,7,0,0,0,13,6,7,46.2,Matches
82,Jude Bellingham,eng ENG,MF,Real Madrid,21,2003,27.6,5,1,0,33,64,9,18,28,33,1,0,0,97,30,31,49.2,Matches
83,Fran Beltrán,es ESP,MF,Celta Vigo,25,1999,26.9,3,0,0,34,12,0,5,26,35,0,1,0,119,19,27,41.3,Matches
84,Carlos Benavídez,uy URU,MF,Alavés,26,1998,5.4,3,0,0,18,6,1,1,8,14,0,0,0,32,8,7,53.3,Matches
85,Iker Benito,es ESP,"FW,MF",Osasuna,21,2002,0.4,0,0,0,1,1,0,2,1,0,0,0,0,3,0,1,0,Matches
86,Yuri Berchiche,es ESP,DF,Athletic Club,34,1990,22.7,5,0,0,18,19,4,42,27,21,0,1,0,121,28,20,58.3,Matches
87,Álex Berenguer,es ESP,"FW,MF",Athletic Club,29,1995,26,5,0,0,29,30,5,178,10,16,2,0,0,113,27,50,35.1,Matches
88,Marc Bernal,es ESP,MF,Barcelona,17,2007,2.7,2,0,0,4,3,0,0,1,6,0,0,0,9,1,6,14.3,Matches
89,Juan Bernat,es ESP,"DF,MF",Villarreal,31,1993,2.4,0,0,0,0,2,1,9,1,7,0,0,0,13,5,2,71.4,Matches
90,Juan Bernat,es ESP,"MF,DF",Getafe,31,1993,7.8,0,0,0,11,6,1,13,2,13,0,0,0,26,11,13,45.8,Matches
91,Juan Berrocal,es ESP,DF,Getafe,25,1999,11.8,8,1,1,17,1,0,0,15,7,0,1,0,35,30,17,63.8,Matches
92,Antonio Blanco,es ESP,MF,Alavés,24,2000,30.3,11,1,1,66,27,0,29,42,40,0,0,0,164,28,35,44.4,Matches
93,Daley Blind,nl NED,DF,Girona,34,1990,30.9,2,0,0,19,16,1,42,32,27,0,0,0,116,17,24,41.5,Matches
94,Adama Boiro,es ESP,"DF,FW",Athletic Club,22,2002,12.2,3,0,0,13,8,1,31,12,11,0,0,0,45,16,9,64,Matches
95,Enzo Boyomo,cm CMR,DF,Osasuna,22,2001,33.2,5,0,0,43,8,0,2,44,43,0,0,0,121,29,35,45.3,Matches
96,Enzo Boyomo,cm CMR,DF,Valladolid,22,2001,3,0,0,0,3,0,0,0,1,2,0,0,0,11,3,5,37.5,Matches
97,Darko Brašanac,rs SRB,MF,Leganés,32,1992,18,4,0,0,38,13,4,11,16,11,1,0,0,61,20,38,34.5,Matches
98,Tajon Buchanan,ca CAN,MF,Villarreal,25,1999,4.6,2,0,0,12,20,5,16,1,5,0,0,0,26,3,3,50,Matches
99,Ante Budimir,hr CRO,FW,Osasuna,33,1991,32.8,4,0,0,47,35,15,6,2,9,6,0,0,54,136,132,50.7,Matches
100,Manu Bueno,es ESP,"MF,FW",Sevilla,20,2004,1.6,0,0,0,2,3,0,1,0,3,0,0,0,6,0,1,0,Matches
101,Endika Buján,es ESP,FW,Athletic Club,21,2003,0.1,0,0,0,0,0,0,1,0,0,0,0,0,0,0,0,,Matches
102,Pau Cabanes,es ESP,"MF,FW",Villarreal,19,2005,1.8,0,0,0,4,7,0,6,3,4,1,0,0,6,1,2,33.3,Matches
103,Pau Cabanes,es ESP,"MF,FW",Alavés,19,2005,2.1,1,0,0,5,5,0,12,0,2,0,0,0,11,1,3,25,Matches
104,Leandro Cabrera,uy URU,DF,Espanyol,33,1991,31.9,4,1,0,24,8,0,17,30,23,1,1,0,83,77,42,64.7,Matches
105,Fernando Calero,es ESP,"DF,MF",Espanyol,28,1995,7.9,1,0,0,6,8,0,2,16,10,0,0,0,26,12,17,41.4,Matches
106,Eduardo Camavinga,fr FRA,"MF,DF",Real Madrid,21,2002,12.2,2,0,0,21,31,1,2,18,26,0,1,0,90,20,18,52.6,Matches
107,Sergio Camello,es ESP,FW,Rayo Vallecano,23,2001,12.6,2,0,0,11,10,2,6,4,3,0,0,0,32,11,26,29.7,Matches
108,José Campaña,es ESP,MF,Las Palmas,31,1993,13.2,5,0,0,7,20,0,34,19,16,0,1,0,84,15,4,78.9,Matches
109,Peio Canales,es ESP,"MF,FW",Athletic Club,19,2005,2.9,0,0,0,1,2,1,16,2,2,0,0,0,17,0,3,0,Matches
110,Antonio Candela,it ITA,DF,Valladolid,24,2000,10.1,1,0,0,5,7,2,20,6,6,0,0,0,23,3,8,27.3,Matches
111,Sergi Canós,es ESP,"MF,FW",Valencia,27,1997,4.1,3,0,0,12,6,1,18,5,7,0,0,0,20,4,8,33.3,Matches
112,Dani Cárdenas,es ESP,GK,Rayo Vallecano,27,1997,6,0,0,0,0,1,0,0,0,0,0,0,0,6,0,0,,Matches
113,Irvin Cardona,fr FRA,"FW,MF",Espanyol,26,1997,6.7,1,0,0,8,8,5,14,4,5,0,0,0,19,8,11,42.1,Matches
114,Marc Cardona,es ESP,"FW,DF",Las Palmas,29,1995,1.5,2,0,0,2,3,0,1,0,2,0,0,0,8,0,6,0,Matches
115,Sergi Cardona,es ESP,DF,Villarreal,25,1999,32.7,11,0,0,38,28,3,111,40,48,0,1,0,131,41,27,60.3,Matches
116,Johnny Cardoso,us USA,MF,Betis,22,2001,23.8,4,0,0,38,27,0,3,48,31,0,0,0,138,29,18,61.7,Matches
117,José Carlos González,es ESP,DF,Las Palmas,18,2006,0.1,0,0,0,0,0,0,0,0,0,0,0,0,0,0,0,,Matches
118,Carmona,es ESP,DF,Sevilla,22,2002,32.7,11,0,0,49,43,1,41,68,59,0,0,0,164,33,20,62.3,Matches
119,Sergio Carreira,es ESP,"MF,DF",Celta Vigo,23,2000,18.4,1,0,0,19,7,3,41,17,16,0,0,0,66,3,14,17.6,Matches
120,Dani Carvajal,es ESP,DF,Real Madrid,32,1992,6.8,1,0,0,3,6,0,14,10,8,0,0,0,21,7,5,58.3,Matches
121,William Carvalho,pt POR,MF,Betis,32,1992,5.4,1,0,0,7,3,0,2,3,6,0,0,0,29,6,5,54.5,Matches
122,Marc Casado,es ESP,MF,Barcelona,20,2003,17.9,4,1,1,26,36,0,9,22,25,0,0,0,90,8,23,25.8,Matches
123,Catena,es ESP,DF,Osasuna,29,1994,34.2,11,0,0,36,14,1,2,35,28,1,1,0,108,67,35,65.7,Matches
124,Maximiliano Caufriez,be BEL,DF,Valencia,27,1997,1,0,0,0,3,0,0,0,1,1,0,1,0,1,2,5,28.6,Matches
125,Dani Ceballos,es ESP,MF,Real Madrid,27,1996,13.5,4,0,0,13,30,0,14,14,21,0,0,0,87,2,1,66.7,Matches
126,Franco Cervi,ar ARG,"FW,MF",Celta Vigo,30,1994,3,1,0,0,4,1,0,6,8,3,0,0,0,12,4,6,40,Matches
127,Raúl Chasco,es ESP,DF,Valladolid,20,2003,1.4,0,0,0,3,0,0,3,2,1,0,0,0,2,0,0,,Matches
128,Pep Chavarría,es ESP,"DF,FW",Rayo Vallecano,26,1998,28.7,3,0,0,31,25,3,79,30,36,0,1,0,114,23,30,43.4,Matches
129,Walid Cheddira,ma MAR,FW,Espanyol,26,1998,7.1,3,0,0,30,27,11,2,1,0,1,0,0,19,15,25,37.5,Matches
130,Chema,es ESP,MF,Real Madrid,19,2005,0.1,0,0,0,1,0,0,0,0,0,0,0,0,0,1,1,50,Matches
131,Julián Chicco,ar ARG,"MF,DF",Leganés,26,1998,3.4,0,0,0,1,3,0,3,4,7,0,0,0,12,1,10,9.1,Matches
132,Chiquinho,pt POR,"MF,FW",Mallorca,24,2000,1.6,2,0,0,6,8,0,9,2,0,0,0,0,10,0,5,0,Matches
133,Andreas Christensen,dk DEN,DF,Barcelona,28,1996,2.8,3,0,0,5,0,0,0,4,4,0,0,0,14,11,3,78.6,Matches
134,Jasper Cillessen,nl NED,GK,Las Palmas,35,1989,25.9,1,0,0,0,5,0,0,0,0,0,0,0,20,2,2,50,Matches
135,Pathé Ciss,sn SEN,"MF,DF",Rayo Vallecano,30,1994,23.8,12,0,0,45,25,0,4,40,24,0,2,0,148,48,30,61.5,Matches
136,Seydouba Cissé,gn GUI,MF,Leganés,23,2001,27.1,3,1,0,39,25,2,10,12,37,1,1,0,154,25,38,39.7,Matches
137,Silvi Clúa,es ESP,MF,Girona,19,2005,1.8,0,0,0,5,0,0,0,2,7,0,0,0,4,6,3,66.7,Matches
138,Eray Cömert,ch SUI,"DF,MF",Valladolid,26,1998,19.8,6,0,0,18,16,0,0,24,14,0,0,0,51,18,22,45,Matches
139,Santi Comesaña,es ESP,MF,Villarreal,27,1996,28.4,7,0,0,37,27,1,14,19,49,0,0,0,160,32,49,39.5,Matches
140,Diego Conde,es ESP,GK,Villarreal,25,1998,21.8,2,0,0,0,1,0,0,1,2,0,0,0,30,1,0,100,Matches
141,Tomás Conechny,ar ARG,"FW,MF",Alavés,26,1998,9.4,8,0,0,28,11,5,31,6,12,0,0,0,45,23,20,53.5,Matches
142,Copete,es ESP,DF,Mallorca,24,1999,17,6,0,0,27,13,0,7,17,17,0,0,0,46,27,16,62.8,Matches
143,Iker Córdoba,es ESP,DF,Valencia,18,2005,0.2,0,0,0,0,0,0,1,0,0,0,0,0,1,1,0,100,Matches
144,Ángel Correa,ar ARG,"FW,MF",Atlético Madrid,29,1995,8.9,3,1,0,18,11,4,24,4,3,0,0,0,40,1,8,11.1,Matches
145,Thierry Correia,pt POR,DF,Valencia,25,1999,8.5,1,0,0,15,14,0,18,4,18,0,0,0,38,4,8,33.3,Matches
146,Coba da Costa,es ESP,"MF,FW",Getafe,22,2002,11.2,4,0,0,10,10,0,41,8,13,0,0,0,35,19,19,50,Matches
147,Logan Costa,cv CPV,DF,Villarreal,23,2001,28.7,3,0,0,19,3,2,5,21,21,1,2,0,104,46,37,55.4,Matches
148,Samu Costa,pt POR,MF,Mallorca,23,2000,29.4,10,1,1,62,63,2,20,32,44,0,0,0,129,68,40,63,Matches
149,Thibaut Courtois,be BEL,GK,Real Madrid,32,1992,30,1,0,0,0,2,0,0,1,0,0,0,1,45,8,0,100,Matches
150,Juan Cruz Armada,es ESP,DF,Osasuna,32,1992,16.6,4,0,0,16,2,2,11,9,14,0,1,0,46,9,10,47.4,Matches
151,Juan Cruz,es ESP,"FW,MF",Leganés,24,2000,25.1,2,0,0,14,23,7,92,13,19,0,0,0,109,15,19,44.1,Matches
152,Pau Cubarsí,es ESP,DF,Barcelona,17,2007,29.1,3,0,0,24,9,0,2,16,23,0,1,0,102,62,44,58.5,Matches
153,Cucho,co COL,FW,Betis,25,1999,12.7,0,0,0,10,9,5,12,7,10,1,0,0,28,29,35,45.3,Matches
154,Arnaut Danjuma,nl NED,FW,Villarreal,27,1997,2.2,1,0,0,1,1,3,0,0,1,0,0,0,2,2,0,100,Matches
155,Arnaut Danjuma,nl NED,"FW,MF",Girona,27,1997,14.8,2,0,0,16,16,14,76,2,6,0,1,0,40,1,3,25,Matches
156,Sergi Darder,es ESP,"MF,FW",Mallorca,30,1993,30.5,4,0,0,21,37,3,163,16,26,0,0,0,122,13,10,56.5,Matches
157,Rodrigo De Paul,ar ARG,MF,Atlético Madrid,30,1994,23.4,7,0,0,19,49,0,59,6,26,0,0,0,128,4,7,36.4,Matches
158,Mouctar Diakhaby,gn GUI,DF,Valencia,27,1996,7.3,0,0,0,2,4,0,1,11,3,0,0,0,23,18,5,78.3,Matches
159,Assane Diao,sn SEN,FW,Betis,18,2005,3.1,0,0,0,4,4,2,4,0,3,0,0,0,12,8,6,57.1,Matches
160,Moussa Diarra,ml MLI,DF,Alavés,23,2000,20.7,6,0,0,28,24,1,23,21,24,1,1,0,76,31,29,51.7,Matches
161,Brahim Díaz,ma MAR,"FW,MF",Real Madrid,24,1999,15.4,0,0,0,14,34,1,8,4,19,0,0,0,54,3,14,17.6,Matches
162,Daniel Díaz,es ESP,MF,Real Sociedad,18,2006,0.1,0,0,0,1,0,0,0,0,1,0,0,0,0,1,0,100,Matches
163,Pedro Díaz,es ESP,MF,Rayo Vallecano,26,1998,13.5,2,0,0,7,6,0,42,7,15,0,0,0,80,5,8,38.5,Matches
164,Diego,es ESP,FW,Leganés,24,2000,13.3,2,0,0,22,23,7,5,2,1,1,0,0,25,43,83,34.1,Matches
165,Stole Dimitrievski,mk MKD,GK,Valencia,30,1993,4,1,0,0,0,0,0,0,0,0,0,0,0,7,0,0,,Matches
166,Yan Diomandé,ci CIV,"MF,FW",Leganés,17,2006,6.1,1,0,0,8,16,2,12,8,9,0,0,0,41,3,12,20,Matches
167,Álvaro djaló,es ESP,FW,Athletic Club,24,1999,7.3,2,0,0,19,14,5,14,1,5,0,0,0,28,10,19,34.5,Matches
168,Djené,tg TOG,"DF,MF",Getafe,32,1991,28.3,10,1,0,40,26,1,32,21,13,0,0,0,102,43,30,58.9,Matches
169,Marko Dmitrović,rs SRB,GK,Leganés,32,1992,32,0,0,0,1,6,0,0,0,1,0,1,0,37,13,0,100,Matches
170,Marc Domenech,es ESP,"FW,MF",Mallorca,18,2006,3.4,0,0,0,5,1,0,4,0,4,0,0,0,8,8,7,53.3,Matches
171,Carlos Dominguez,es ESP,DF,Celta Vigo,23,2001,13.1,1,0,0,8,10,0,0,13,11,0,0,1,45,28,15,65.1,Matches
172,Israel Domínguez,es ESP,FW,Sevilla,21,2003,0.2,0,0,0,0,1,1,0,0,0,0,0,0,0,0,1,0,Matches
173,Sergi Dominguez,es ESP,DF,Barcelona,19,2005,1.9,1,0,0,2,0,0,0,3,1,0,1,0,8,1,3,25,Matches
174,Anastasios Douvikas,gr GRE,FW,Celta Vigo,24,1999,7.8,2,0,0,10,27,9,1,3,4,0,0,0,15,14,23,37.8,Matches
175,Domingos Duarte,pt POR,DF,Getafe,29,1995,20.7,4,2,1,24,13,0,0,18,15,0,2,0,63,28,18,60.9,Matches
176,Duk,cv CPV,"MF,FW",Leganés,24,2000,2,1,0,0,5,13,0,8,1,4,0,0,0,11,2,5,28.6,Matches
177,Pablo Durán,es ESP,"FW,MF",Celta Vigo,23,2001,15.5,3,0,0,32,18,7,18,8,9,0,0,0,46,13,32,28.9,Matches
178,Hugo Duro,es ESP,FW,Valencia,24,1999,24.1,5,0,0,38,50,7,7,10,8,2,1,1,46,59,101,36.9,Matches
179,Chidera Ejuke,ng NGA,FW,Sevilla,26,1998,10.7,0,0,0,6,16,4,22,5,13,0,0,0,63,4,9,30.8,Matches
180,Aritz Elustondo,es ESP,DF,Real Sociedad,30,1994,16.2,2,1,0,25,18,1,4,11,11,0,0,0,53,29,25,53.7,Matches
181,Adri Embarba,es ESP,"FW,MF",Rayo Vallecano,32,1992,17.9,4,0,0,25,21,14,114,13,20,0,0,0,67,13,33,28.3,Matches
182,Endrick,br BRA,FW,Real Madrid,18,2006,4,1,0,0,10,9,2,2,4,1,1,0,0,7,6,4,60,Matches
183,Alfonso Espino,uy URU,DF,Rayo Vallecano,32,1992,9.3,4,0,0,18,15,0,24,12,24,0,1,0,55,14,11,56,Matches
184,Dario Essugo,pt POR,MF,Las Palmas,19,2005,21.5,11,2,2,37,30,0,1,42,45,0,1,0,118,30,32,48.4,Matches
185,Etienne Eto'o,cm CMR,FW,Rayo Vallecano,21,2002,0.4,0,0,0,0,0,1,0,0,0,0,0,0,0,6,2,75,Matches
186,Karl Etta,cm CMR,"MF,FW",Villarreal,20,2003,0.4,0,0,0,0,1,0,0,0,0,0,0,0,0,1,0,100,Matches
187,Edu Expósito,es ESP,MF,Espanyol,27,1996,11.6,3,0,0,14,22,2,66,15,13,0,0,0,63,11,11,50,Matches
188,Abde Ezzalzouli,ma MAR,"FW,MF",Betis,22,2001,22,2,0,0,23,38,4,49,7,25,2,0,0,102,26,37,41.3,Matches
189,Ansu Fati,es ESP,FW,Barcelona,21,2002,2.6,1,0,0,2,2,2,0,1,1,0,0,0,7,2,7,22.2,Matches
190,Nabil Fekir,fr FRA,MF,Betis,31,1993,2,0,0,0,3,7,0,10,0,2,0,0,0,3,0,2,0,Matches
191,Kiko Femenía,es ESP,DF,Villarreal,33,1991,24.7,7,0,0,21,13,1,47,40,34,0,0,0,102,5,12,29.4,Matches
192,Aitor Fernández,es ESP,GK,Osasuna,33,1991,1,0,0,0,0,0,0,0,0,0,0,0,0,2,0,0,,Matches
193,Álvaro Fernández,es ESP,GK,Sevilla,26,1998,8.3,2,0,0,0,2,0,0,0,0,0,0,0,11,2,0,100,Matches
194,Pelayo Fernandez,es ESP,DF,Rayo Vallecano,21,2003,1.1,1,0,0,2,0,0,0,2,0,0,0,0,4,3,3,50,Matches
195,Roberto Férnandez,es ESP,FW,Espanyol,22,2002,16.6,1,0,0,28,25,9,2,3,4,1,0,0,33,34,54,38.6,Matches
196,Valery Fernández,es ESP,"MF,FW",Mallorca,24,1999,3.4,1,0,0,3,1,1,3,0,7,0,0,0,19,1,4,20,Matches
197,André Ferreira,pt POR,GK,Valladolid,28,1996,6,0,0,0,0,0,0,0,0,0,0,0,0,6,0,1,0,Matches
198,Mateo Flores,es ESP,MF,Betis,20,2004,1.7,1,0,0,4,1,0,1,2,1,0,0,0,12,0,2,0,Matches
199,Pablo Fornals,es ESP,"MF,FW",Betis,28,1996,20.3,2,0,0,12,14,3,54,23,13,0,0,0,114,18,21,46.2,Matches
200,Héctor Fort,es ESP,DF,Barcelona,17,2006,6.5,2,0,0,8,1,0,12,6,8,0,0,0,32,3,7,30,Matches
201,Dimitri Foulquier,fr FRA,DF,Valencia,31,1993,25.5,6,0,0,24,31,1,57,16,31,0,0,0,97,13,20,39.4,Matches
202,Juan Foyth,ar ARG,DF,Villarreal,26,1998,16.9,4,0,0,16,5,0,4,19,15,0,0,0,61,41,28,59.4,Matches
203,Fran,es ESP,GK,Real Madrid,19,2005,1,0,0,0,0,0,0,0,0,0,0,0,0,1,0,0,,Matches
204,Alejandro Francés,es ESP,DF,Girona,21,2002,13,2,0,0,20,14,1,25,17,24,0,0,0,37,6,13,31.6,Matches
205,Enric Franquesa,es ESP,"DF,FW",Leganés,27,1997,6.8,1,0,0,8,6,0,16,5,9,0,0,0,29,5,5,50,Matches
206,Jorge de Frutos,es ESP,"FW,MF",Rayo Vallecano,27,1997,27.7,3,1,0,41,33,9,69,19,21,0,0,0,111,15,24,38.5,Matches
207,Darío Fuentes,es ESP,DF,Sevilla,21,2003,0.1,1,0,0,0,0,0,0,0,0,0,0,0,0,0,0,,Matches
208,Manuel Fuster,es ESP,"FW,MF",Las Palmas,26,1997,11.1,2,0,0,12,37,1,67,4,11,0,0,0,63,3,13,18.8,Matches
209,Javi Galán,es ESP,DF,Atlético Madrid,29,1994,19.8,8,0,0,38,35,4,57,12,31,0,1,0,71,25,25,50,Matches
210,Iñigo Ruiz de Galarreta,es ESP,MF,Athletic Club,30,1993,16.4,5,0,0,43,17,1,29,16,22,0,0,0,120,8,12,40,Matches
211,Conor Gallagher,eng ENG,MF,Atlético Madrid,24,2000,18.1,2,0,0,32,39,1,13,20,32,1,0,0,107,9,21,30,Matches
212,Facundo Garcés,ar ARG,DF,Alavés,24,1999,7.5,2,0,0,7,2,0,1,5,2,0,1,0,14,13,14,48.1,Matches
213,Álvaro García,es ESP,"FW,MF",Rayo Vallecano,31,1992,28.4,4,0,0,18,19,16,109,32,24,1,1,0,94,9,18,33.3,Matches
214,Eric García,es ESP,"DF,MF",Barcelona,23,2001,17.4,4,0,0,20,8,0,7,14,21,0,0,0,54,27,25,51.9,Matches
215,Fran Garcia,es ESP,DF,Real Madrid,24,1999,24.1,0,0,0,13,22,4,66,28,36,0,0,0,106,17,21,44.7,Matches
216,Gonzalo García,es ESP,"FW,DF",Real Madrid,20,2004,0.6,0,0,0,0,0,0,0,0,0,0,0,0,1,1,0,100,Matches
217,Joan García,es ESP,GK,Espanyol,23,2001,38,2,0,0,0,7,0,0,0,0,0,0,0,35,21,1,95.5,Matches
218,Pablo Garcia,es ESP,FW,Betis,17,2006,0.4,0,0,0,0,0,1,2,0,0,0,0,0,3,0,0,,Matches
219,Rubén García,es ESP,"FW,MF",Osasuna,31,1993,26.8,2,0,0,36,31,10,136,15,31,1,0,0,122,28,37,43.1,Matches
220,Unai García,es ESP,DF,Osasuna,32,1992,0.7,0,0,0,3,3,0,0,0,0,0,0,0,2,1,5,16.7,Matches
221,Yarek Gasiorowski,es ESP,DF,Valencia,19,2005,10.5,1,0,0,5,2,0,3,26,16,0,0,0,40,24,13,64.9,Matches
222,Gavi,es ESP,"MF,FW",Barcelona,19,2004,12.1,4,0,0,38,26,1,9,10,21,0,0,0,61,21,26,44.7,Matches
223,Paulo Gazzaniga,ar ARG,GK,Girona,32,1992,35.5,4,0,0,1,3,0,0,0,1,0,0,0,47,1,2,33.3,Matches
224,Bryan Gil,es ESP,"FW,MF",Girona,23,2001,19.1,4,0,0,22,40,4,78,10,20,0,0,0,78,0,5,0,Matches
225,Dani Gómez,es ESP,FW,Valencia,26,1998,5.9,0,0,0,7,8,10,0,2,2,0,0,0,14,7,24,22.6,Matches
226,Moi Gómez,es ESP,"MF,FW",Osasuna,30,1994,8.8,1,0,0,14,6,1,28,6,9,0,0,1,66,7,12,36.8,Matches
227,Sergi Gómez,es ESP,DF,Espanyol,32,1992,7.4,1,0,0,6,1,0,1,7,5,0,0,0,15,11,22,33.3,Matches
228,Sergio Gómez,es ESP,"MF,DF",Real Sociedad,23,2000,30.4,4,0,0,29,16,9,231,19,39,0,1,0,146,20,22,47.6,Matches
229,Unai Gómez,es ESP,"MF,FW",Athletic Club,21,2003,14.3,1,0,0,12,18,0,23,2,8,0,0,0,42,29,31,48.3,Matches
230,Fabio González,es ESP,MF,Las Palmas,27,1997,0.6,0,0,0,1,0,0,1,0,0,0,0,0,3,1,0,100,Matches
231,Peter González,do DOM,"MF,FW",Getafe,22,2002,5.3,1,0,0,9,10,2,14,2,6,0,0,0,20,10,13,43.5,Matches
232,Urko González,es ESP,MF,Espanyol,23,2001,15.3,2,0,0,15,11,1,3,8,28,0,1,0,71,20,15,57.1,Matches
233,Urko González,es ESP,MF,Real Sociedad,23,2001,0.5,1,0,0,1,0,0,1,0,0,0,0,0,0,0,2,0,Matches
234,Andoni Gorosabel,es ESP,DF,Athletic Club,27,1996,16.5,5,0,0,24,4,1,41,18,28,0,0,0,56,20,28,41.7,Matches
235,José Gragera,es ESP,MF,Espanyol,23,2000,6.3,0,0,0,18,8,0,0,5,16,0,0,0,18,11,5,68.8,Matches
236,Dominik Greif,sk SVK,GK,Mallorca,27,1997,31,1,0,0,0,3,0,0,0,0,0,0,0,42,7,2,77.8,Matches
237,Antoine Griezmann,fr FRA,"FW,MF",Atlético Madrid,33,1991,27.4,2,0,0,11,26,14,138,6,17,0,0,0,93,21,23,47.7,Matches
238,Florian Grillitsch,at AUT,MF,Valladolid,28,1995,6.9,1,0,0,6,12,0,6,4,7,0,0,0,42,5,4,55.6,Matches
239,Vicente Guaita,es ESP,GK,Celta Vigo,37,1987,34,0,0,0,0,5,0,0,0,0,0,0,0,75,10,0,100,Matches
240,Sergi Guardiola,es ESP,FW,Rayo Vallecano,33,1991,4,1,0,0,9,7,2,4,1,3,0,0,0,7,6,12,33.3,Matches
241,Nemanja Gudelj,rs SRB,"MF,DF",Sevilla,32,1991,27.7,6,0,0,26,14,0,31,27,24,0,0,0,74,46,26,63.9,Matches
242,Javier Guerra,es ESP,MF,Valencia,21,2003,28.7,5,0,0,34,30,1,45,20,27,0,0,0,168,17,18,48.6,Matches
243,Ander Guevara,es ESP,MF,Alavés,27,1997,21.6,3,0,0,39,18,0,5,14,30,0,0,0,120,30,39,43.5,Matches
244,Pape Gueye,sn SEN,MF,Villarreal,25,1999,24.7,6,2,1,31,62,4,20,27,26,0,1,0,126,31,23,57.4,Matches
245,Hugo Guillamón,es ESP,MF,Valencia,24,2000,4,2,0,0,6,4,1,1,5,8,0,0,0,21,5,4,55.6,Matches
246,Carlos Guirao,es ESP,MF,Betis,21,2003,1.2,0,0,0,4,0,0,0,3,3,0,0,0,6,2,1,66.7,Matches
247,Arda Güler,tr TUR,"MF,FW",Real Madrid,19,2005,13.9,1,0,0,15,31,4,57,7,16,1,0,0,56,7,11,38.9,Matches
248,Gerard Gumbau,es ESP,MF,Rayo Vallecano,29,1994,9.4,4,0,0,21,11,2,38,5,12,0,0,0,27,17,22,43.6,Matches
249,Jon Guridi,es ESP,"MF,FW",Alavés,29,1995,23.1,6,0,0,35,14,5,17,14,22,0,1,0,86,47,66,41.6,Matches
250,Gorka Guruzeta,es ESP,FW,Athletic Club,27,1996,20.4,2,0,0,40,21,7,5,9,8,0,0,0,61,36,69,34.3,Matches
251,Miguel Gutiérrez,es ESP,"DF,MF",Girona,23,2001,27.3,4,0,0,29,34,6,153,16,24,0,1,0,144,4,16,20,Matches
252,Munir El Haddadi,ma MAR,"FW,MF",Leganés,28,1995,9.6,1,1,0,14,39,7,13,1,9,0,0,0,33,10,24,29.4,Matches
253,Sébastien Haller,ci CIV,FW,Leganés,30,1994,4.5,0,0,0,4,5,7,0,0,0,0,0,0,10,26,17,60.5,Matches
254,Henrique,br BRA,DF,Valladolid,30,1994,3.9,0,0,0,5,9,0,3,3,2,0,1,0,9,1,2,33.3,Matches
255,Javi Hernández,es ESP,DF,Leganés,26,1998,26.5,6,0,0,49,16,5,52,23,15,0,0,0,112,21,23,47.7,Matches
256,Aridane Hernández,es ESP,DF,Rayo Vallecano,35,1989,11.4,1,0,0,5,10,0,0,6,11,0,0,1,48,40,19,67.8,Matches
257,Jorge Herrando,es ESP,DF,Osasuna,23,2001,15.2,3,0,0,25,2,0,2,12,11,0,1,0,36,29,11,72.5,Matches
258,Ander Herrera,es ESP,MF,Athletic Club,34,1989,3,2,0,0,6,3,0,1,2,4,0,0,0,14,3,2,60,Matches
259,Sergio Herrera,es ESP,GK,Osasuna,31,1993,37,5,0,0,1,4,0,0,0,1,0,1,0,33,5,1,83.3,Matches
260,Yangel Herrera,ve VEN,MF,Girona,26,1998,25.1,10,1,0,72,68,5,44,31,39,1,0,0,106,50,45,52.6,Matches
261,Juan Herzog,es ESP,DF,Las Palmas,21,2003,14.6,1,0,0,6,7,0,0,18,12,0,0,0,41,44,25,63.8,Matches
262,Omar El Hilali,ma MAR,DF,Espanyol,20,2003,35,11,0,0,52,30,7,57,46,79,0,2,0,132,36,30,54.5,Matches
263,Roger Hinojo,es ESP,DF,Espanyol,19,2005,0.1,0,0,0,0,0,0,2,0,0,0,0,0,0,0,2,0,Matches
264,Dinko Horkaš,hr CRO,GK,Las Palmas,25,1999,12.1,1,0,0,1,1,0,0,0,0,0,1,0,14,0,0,,Matches
265,Pablo Ibáñez,es ESP,MF,Osasuna,25,1998,14.4,4,0,0,28,29,0,13,18,10,0,0,0,56,19,24,44.2,Matches
266,Stanis Idumbo,be BEL,"FW,MF",Sevilla,19,2005,3.2,0,0,0,1,7,0,0,4,5,0,0,0,19,1,0,100,Matches
267,Iglesias,es ESP,DF,Getafe,26,1998,32.1,4,0,0,45,41,1,84,50,47,0,0,0,107,35,38,47.9,Matches
268,Borja Iglesias,es ESP,FW,Celta Vigo,31,1993,21.7,2,0,0,40,34,14,6,7,9,2,0,0,46,14,27,34.1,Matches
269,Kelechi Iheanacho,ng NGA,FW,Sevilla,27,1996,4.4,0,0,0,5,1,7,0,0,0,0,0,0,7,2,8,20,Matches
270,Isco,es ESP,MF,Betis,32,1992,17.2,5,0,0,23,44,4,92,11,13,0,0,0,71,13,21,38.2,Matches
271,Diego Iturralde,es ESP,FW,Sevilla,21,2003,0.4,0,0,0,1,1,0,0,1,0,0,0,0,1,1,0,100,Matches
272,Ivan Jaime Pajuelo,es ESP,MF,Valencia,23,2000,3.3,0,0,0,8,10,1,6,2,5,0,0,0,19,4,4,50,Matches
273,Karl Jakob Hein,ee EST,GK,Valladolid,22,2002,31,0,0,0,0,2,0,0,0,0,0,0,0,43,7,0,100,Matches
274,Adnan Januzaj,be BEL,"MF,FW",Las Palmas,29,1995,6.6,5,0,0,5,22,0,65,2,6,0,0,0,30,4,14,22.2,Matches
275,Mikel Jauregizar,es ESP,MF,Athletic Club,20,2003,24.9,4,1,0,46,42,0,27,29,48,1,0,0,144,34,35,49.3,Matches
276,John Joe,ie IRL,"MF,FW",Getafe,20,2003,0.5,1,0,0,1,2,0,0,0,0,0,0,0,3,2,2,50,Matches
277,Jofre,es ESP,"MF,FW",Espanyol,23,2001,24.1,5,0,0,28,59,3,54,15,16,0,0,0,105,5,17,22.7,Matches
278,Frenkie de Jong,nl NED,MF,Barcelona,27,1997,12.7,3,0,0,14,18,0,6,12,11,0,1,0,57,10,7,58.8,Matches
279,Joan Jordán,es ESP,MF,Alavés,30,1994,15.7,4,0,0,28,11,1,106,9,18,0,0,0,61,16,13,55.2,Matches
280,Juanmi,es ESP,"FW,MF",Getafe,31,1993,7.7,2,0,0,19,10,6,0,2,11,0,0,0,23,6,8,42.9,Matches
281,Juanmi,es ESP,"FW,MF",Betis,31,1993,2.7,2,0,0,6,7,1,1,1,4,0,0,0,14,6,1,85.7,Matches
282,Juanpe,es ESP,DF,Girona,33,1991,8.1,2,0,0,4,2,0,1,8,5,0,0,0,22,25,9,73.5,Matches
283,Luiz Lúcio Reis Júnior,br BRA,GK,Villarreal,23,2001,16.2,2,0,0,0,6,0,0,0,0,0,0,0,18,6,1,85.7,Matches
284,Vinicius Júnior,br BRA,FW,Real Madrid,24,2000,25,8,1,0,30,70,10,56,3,10,2,0,0,71,1,7,12.5,Matches
285,Stanko Jurić,hr CRO,MF,Valladolid,27,1996,19.2,7,1,1,38,9,0,0,24,24,0,0,0,92,50,22,69.4,Matches
286,Willy Kambwala,fr FRA,DF,Villarreal,19,2004,12.4,1,1,0,5,0,0,0,10,12,0,0,0,30,16,18,47.1,Matches
287,Abdoulaye Keita,es ESP,"FW,MF",Getafe,21,2002,1.1,0,0,0,6,0,0,1,0,2,0,0,0,6,3,3,50,Matches
288,Kenedy,br BRA,"MF,FW",Valladolid,28,1996,0.1,0,0,0,0,0,0,0,0,0,0,0,0,1,0,0,,Matches
289,Kiké,es ESP,FW,Alavés,34,1989,28.2,5,1,1,49,59,22,13,1,14,1,0,0,90,110,100,52.4,Matches
290,Koke,es ESP,MF,Atlético Madrid,32,1992,21.4,4,0,0,23,16,0,22,20,23,0,0,1,122,8,9,47.1,Matches
291,Jules Koundé,fr FRA,DF,Barcelona,25,1998,28.9,4,0,0,22,19,7,63,20,43,0,0,0,107,30,23,56.6,Matches
292,Alex Král,cz CZE,MF,Espanyol,26,1998,30.2,1,0,0,31,23,0,38,28,37,0,0,0,127,38,28,57.6,Matches
293,Ladislav Krejčí,cz CZE,DF,Girona,25,1999,27.1,9,0,0,24,17,0,11,34,16,1,0,1,101,55,24,69.6,Matches
294,Takefusa Kubo,jp JPN,"MF,FW",Real Sociedad,23,2001,26.4,5,0,0,21,73,8,85,17,20,1,0,0,118,11,19,36.7,Matches
295,Marash Kumbulla,al ALB,DF,Espanyol,24,2000,33,9,0,0,37,29,0,6,34,26,0,0,1,74,71,44,61.7,Matches
296,Luca de la Torre,us USA,MF,Celta Vigo,26,1998,0,0,0,0,1,0,0,0,0,0,0,0,0,0,0,1,0,Matches
297,Yoel Lago,es ESP,DF,Celta Vigo,20,2004,6.5,2,0,0,16,9,0,0,4,8,0,1,0,22,3,6,33.3,Matches
298,Cyle Larin,ca CAN,FW,Mallorca,29,1995,19.6,4,0,0,32,31,24,6,1,6,1,0,0,46,66,86,43.4,Matches
299,Juanmi Latasa,es ESP,FW,Valladolid,23,2001,15.5,6,1,0,40,36,7,5,0,2,0,1,0,24,90,58,60.8,Matches
300,Toni Lato,es ESP,DF,Mallorca,26,1997,6.9,1,1,0,12,3,2,23,6,11,0,0,0,30,6,7,46.2,Matches
301,Robin Le Normand,es ESP,DF,Atlético Madrid,27,1996,23.9,8,0,0,35,24,3,1,10,18,0,1,0,82,54,39,58.1,Matches
302,Florian Lejeune,fr FRA,DF,Rayo Vallecano,33,1991,36.9,8,0,0,50,19,0,8,41,28,0,3,0,156,92,60,60.5,Matches
303,Iñigo Lekue,es ESP,DF,Athletic Club,31,1993,8.6,1,0,0,5,2,0,16,9,12,0,0,0,39,6,2,75,Matches
304,Thomas Lemar,fr FRA,MF,Atlético Madrid,28,1995,0.9,0,0,0,1,2,0,3,0,1,0,0,0,3,0,1,0,Matches
305,Clément Lenglet,fr FRA,DF,Atlético Madrid,29,1995,21.9,9,0,0,29,19,2,4,22,17,0,2,0,74,37,38,49.3,Matches
306,Robert Lewandowski,pl POL,FW,Barcelona,35,1988,29.6,1,0,0,30,39,17,5,3,5,0,0,0,45,37,39,48.7,Matches
307,Samuel Lino,br BRA,"MF,DF",Atlético Madrid,24,1999,17.2,3,0,0,15,30,3,41,8,17,1,0,0,85,13,12,52,Matches
308,Javier Llabrés,es ESP,FW,Mallorca,21,2002,0.6,0,0,0,0,1,1,4,0,0,0,0,0,3,1,0,100,Matches
309,Diego Llorente,es ESP,DF,Betis,30,1993,28,4,0,0,20,23,0,1,43,20,0,1,1,93,77,45,63.1,Matches
310,Marcos Llorente,es ESP,"DF,MF",Atlético Madrid,29,1995,27.9,0,1,0,23,25,4,62,27,52,1,0,0,131,15,15,50,Matches
311,Giovani Lo Celso,ar ARG,"MF,FW",Betis,28,1996,16.2,4,0,0,13,63,0,95,5,22,0,0,0,76,5,11,31.3,Matches
312,Enzo Loiodice,fr FRA,MF,Las Palmas,23,2000,7.6,3,0,0,10,6,1,10,10,7,0,0,0,29,7,8,46.7,Matches
313,David López,es ESP,DF,Mallorca,21,2003,1.9,0,0,0,0,0,0,0,1,2,0,0,0,2,2,5,28.6,Matches
314,David López,es ESP,DF,Girona,34,1989,27,4,0,0,12,15,1,3,14,24,0,1,0,95,30,29,50.8,Matches
315,Diego López,es ESP,"MF,FW",Valencia,22,2002,30.4,3,0,0,21,33,13,67,16,18,1,1,0,105,14,55,20.3,Matches
316,Fer López,,"FW,MF",Celta Vigo,,,7.5,2,0,0,13,8,2,2,2,5,0,0,0,25,2,9,18.2,Matches
317,Fermin López,es ESP,"MF,FW",Barcelona,21,2003,13.9,4,1,0,27,21,5,47,5,15,0,0,0,66,9,18,33.3,Matches
318,Javi López,es ESP,DF,Real Sociedad,22,2002,21.5,4,0,0,30,27,1,60,11,23,0,0,0,92,10,19,34.5,Matches
319,Pau López,es ESP,GK,Girona,29,1994,0.5,0,0,0,0,1,0,0,0,0,0,0,0,1,0,0,,Matches
320,Roberto López,es ESP,MF,Leganés,24,2000,4.4,0,0,0,1,3,0,24,1,6,0,0,0,28,1,5,16.7,Matches
321,Unai López,es ESP,MF,Rayo Vallecano,28,1995,19,9,1,0,18,21,1,33,21,21,0,0,0,117,10,18,35.7,Matches
322,Iker Losada,es ESP,"FW,MF",Celta Vigo,22,2001,4,2,0,0,3,0,0,5,1,3,0,0,0,8,2,7,22.2,Matches
323,Iker Losada,es ESP,"MF,FW",Betis,22,2001,3.7,0,0,0,1,2,0,4,3,7,0,0,0,19,3,4,42.9,Matches
324,Pol Lozano,es ESP,MF,Espanyol,24,1999,21.6,12,0,0,56,14,0,19,22,34,0,0,0,86,10,16,38.5,Matches
325,José Luis Gayà,es ESP,DF,Valencia,29,1995,20,7,0,0,28,14,3,84,25,40,0,0,0,93,10,11,47.6,Matches
326,Dodi Lukebakio,be BEL,FW,Sevilla,26,1997,34.4,3,1,0,39,55,27,124,11,14,0,0,0,120,18,21,46.2,Matches
327,Daniel Luna,co COL,MF,Mallorca,21,2003,0.2,0,0,0,0,1,0,3,0,0,0,0,0,2,0,0,,Matches
328,Andriy Lunin,ua UKR,GK,Real Madrid,25,1999,7,0,0,0,0,1,0,0,0,0,0,0,0,14,2,0,100,Matches
329,Darwin Machís,ve VEN,"MF,FW",Valladolid,31,1993,7.1,0,0,0,4,14,2,68,5,4,0,0,0,34,6,2,75,Matches
330,Pablo Maffeo,es ESP,DF,Mallorca,27,1997,26.3,7,0,0,22,37,1,96,25,40,0,0,0,107,21,18,53.8,Matches
331,Jon Magunazelaia,es ESP,MF,Real Sociedad,23,2001,0.1,0,0,0,1,1,0,0,0,1,0,0,0,5,3,0,100,Matches
332,Giorgi Mamardashvili,ge GEO,GK,Valencia,23,2000,34,2,0,0,1,6,0,0,1,2,0,1,0,29,4,2,66.7,Matches
333,Reinildo Mandava,mz MOZ,DF,Atlético Madrid,30,1994,10.5,4,0,0,19,18,1,8,16,11,0,1,0,52,10,14,41.7,Matches
334,Javier Manquillo,es ESP,DF,Celta Vigo,30,1994,5.7,1,0,0,9,1,0,3,7,5,0,0,0,18,5,8,38.5,Matches
335,Marcão,br BRA,DF,Sevilla,28,1996,6.1,6,1,1,9,10,0,0,7,7,0,1,0,27,14,5,73.7,Matches
336,Óscar de Marcos,es ESP,DF,Athletic Club,35,1989,17.4,0,0,0,16,5,1,55,16,15,0,0,0,89,8,12,40,Matches
337,Alberto Marí,es ESP,FW,Valencia,23,2001,0.1,0,0,0,1,0,0,0,0,0,0,0,0,0,0,0,,Matches
338,José María Giménez,uy URU,DF,Atlético Madrid,29,1995,22.2,5,0,0,13,12,0,0,27,16,0,0,1,78,38,37,50.7,Matches
339,Arkaitz Mariezkurrena,es ESP,"FW,MF",Real Sociedad,19,2005,2.7,1,0,0,13,1,0,5,1,0,0,0,0,10,4,3,57.1,Matches
340,Pablo Marín,es ESP,MF,Real Sociedad,21,2003,13.8,3,0,0,19,16,0,12,5,17,0,1,0,62,18,26,40.9,Matches
341,Mika Mármol,es ESP,DF,Las Palmas,23,2001,26.7,5,0,0,33,8,3,57,38,29,0,1,0,78,28,21,57.1,Matches
342,Mario Maroto,es ESP,MF,Valladolid,20,2003,0.7,0,0,0,2,0,0,2,2,0,0,0,0,2,1,1,50,Matches
343,Unai Marrero,es ESP,GK,Real Sociedad,22,2001,2,0,0,0,0,0,0,0,0,0,0,0,0,1,0,0,,Matches
344,Carlos Martín,es ESP,"FW,MF",Alavés,22,2002,14.8,3,0,0,32,28,6,24,5,21,0,0,0,55,15,19,44.1,Matches
345,Diego Martín,es ESP,FW,Las Palmas,20,2003,0.4,0,0,0,0,1,0,4,0,1,0,0,0,1,0,3,0,Matches
346,Gerard Martín,es ESP,DF,Barcelona,22,2002,11.5,2,0,0,14,9,0,36,13,10,0,0,0,42,14,6,70,Matches
347,Iván Martín,es ESP,MF,Girona,25,1999,22.7,1,0,0,21,14,4,21,11,19,0,0,0,110,4,18,18.2,Matches
348,Jon Martin,es ESP,DF,Real Sociedad,18,2006,10,2,0,0,20,0,0,0,7,9,0,0,0,22,53,9,85.5,Matches
349,Mario Martín,es ESP,MF,Valladolid,20,2004,19.4,8,3,1,50,44,1,11,21,32,0,1,0,83,31,34,47.7,Matches
350,Arnau Martinez,es ESP,"DF,MF",Girona,21,2003,29.2,3,0,0,20,37,2,58,31,28,0,1,0,125,29,22,56.9,Matches
351,Iñigo Martínez,es ESP,DF,Barcelona,33,1991,27.7,5,0,0,18,28,0,8,18,14,1,0,0,126,58,33,63.7,Matches
352,Javi Martínez,es ESP,MF,Osasuna,24,1999,0.1,0,0,0,0,0,0,0,0,0,0,0,0,0,0,0,,Matches
353,Ramón Martínez,es ESP,DF,Sevilla,21,2002,2.9,0,0,0,1,1,0,0,2,3,0,0,0,5,7,3,70,Matches
354,Toni Martínez,es ESP,FW,Alavés,27,1997,11.2,1,0,0,17,13,8,7,1,7,0,1,0,30,79,68,53.7,Matches
355,Javi Martón,es ESP,"FW,MF",Athletic Club,25,1999,0.6,1,0,0,1,0,1,0,0,0,0,0,0,2,2,1,66.7,Matches
356,Marvin,es ESP,"DF,FW",Las Palmas,24,2000,11.5,4,0,0,20,17,0,52,15,13,0,1,0,53,10,17,37,Matches
357,Omar Mascarell,gq EQG,MF,Mallorca,31,1993,22.1,5,1,0,30,13,0,5,49,13,0,0,0,90,44,25,63.8,Matches
358,Jaime Mata,es ESP,"FW,MF",Las Palmas,35,1988,7.3,9,0,0,20,14,12,9,3,2,0,0,0,18,26,30,46.4,Matches
359,Borja Mayoral,es ESP,FW,Getafe,27,1997,12.4,0,0,0,9,15,12,9,2,4,0,0,0,36,17,41,29.3,Matches
360,Kylian Mbappé,fr FRA,FW,Real Madrid,25,1998,32.3,3,1,0,25,40,44,35,1,5,3,0,0,36,4,6,40,Matches
361,Oliver McBurnie,sct SCO,FW,Las Palmas,28,1996,20.4,3,0,0,32,19,9,2,6,7,0,0,0,40,87,93,48.3,Matches
362,Scott McKenna,sct SCO,DF,Las Palmas,27,1996,27.4,5,1,0,13,8,1,2,9,13,0,1,1,69,85,44,65.9,Matches
363,Mateo Mejía,es ESP,FW,Sevilla,21,2003,0.1,0,0,0,0,1,0,0,0,0,0,0,0,0,1,0,100,Matches
364,Arthur Melo,br BRA,MF,Girona,27,1996,10.5,2,0,0,16,27,0,7,8,11,0,0,0,49,0,3,0,Matches
365,Brais Méndez,es ESP,MF,Real Sociedad,27,1997,17,4,0,0,41,45,9,52,7,13,0,0,0,76,18,27,40,Matches
366,Ferland Mendy,fr FRA,DF,Real Madrid,29,1995,11.2,1,1,0,5,7,0,1,9,14,0,0,0,36,4,2,66.7,Matches
367,Nobel Mendy,fr FRA,DF,Betis,19,2004,1.2,1,0,0,1,1,0,0,4,0,0,0,0,7,1,0,100,Matches
368,Víctor Meseguer,es ESP,MF,Valladolid,25,1999,4.6,1,0,0,8,5,0,3,2,6,0,0,0,25,10,8,55.6,Matches
369,Miguel,es ESP,FW,Leganés,24,1999,19.2,3,0,0,23,30,12,9,4,7,0,0,0,27,29,96,23.2,Matches
370,Éder Militão,br BRA,DF,Real Madrid,26,1998,10.4,2,0,0,18,8,0,2,12,17,0,0,0,44,21,12,63.6,Matches
371,Luis Milla,es ESP,MF,Getafe,29,1994,31.9,6,0,0,38,48,0,201,24,40,0,1,0,168,31,35,47,Matches
372,Pere Milla,es ESP,"MF,FW",Espanyol,31,1992,5.1,3,0,0,5,12,2,14,3,2,0,0,0,25,11,8,57.9,Matches
373,Óscar Mingueza,es ESP,"MF,DF",Celta Vigo,25,1999,30.3,6,1,0,24,31,2,139,22,24,1,0,0,138,11,11,50,Matches
374,Kim Minsu,kr KOR,"MF,FW",Girona,18,2006,0.2,0,0,0,0,1,0,0,0,0,0,0,0,1,0,1,0,Matches
375,Bojan Miovski,mk MKD,FW,Girona,25,1999,9.7,0,0,0,13,11,8,3,2,5,1,0,0,13,13,22,37.1,Matches
376,Rafa Mir,es ESP,"FW,MF",Valencia,27,1997,8.4,4,0,0,13,7,5,7,5,6,0,0,0,18,12,21,36.4,Matches
377,Luka Modrić,hr CRO,MF,Real Madrid,38,1985,20.3,7,0,0,23,19,2,112,27,20,0,0,0,105,6,13,31.6,Matches
378,Johan Mojica,co COL,DF,Mallorca,31,1992,30.6,5,0,0,18,24,0,143,26,23,1,2,0,181,9,18,33.3,Matches
379,Alberto Moleiro,es ESP,"FW,MF",Las Palmas,20,2003,30.2,5,0,0,31,40,2,32,18,12,0,0,0,132,5,22,18.5,Matches
380,Nahuel Molina,ar ARG,DF,Atlético Madrid,26,1998,17.7,1,0,0,13,8,4,55,13,19,0,0,0,66,10,12,45.5,Matches
381,Jon Moncayola,es ESP,MF,Osasuna,26,1998,23.3,8,0,0,34,9,0,107,11,41,0,0,0,91,15,16,48.4,Matches
382,Gonzalo Montiel,ar ARG,"DF,MF",Sevilla,27,1997,1.3,1,0,0,3,1,0,3,2,2,0,0,0,4,1,0,100,Matches
383,Gerard Moreno,es ESP,FW,Villarreal,32,1992,8,0,0,0,10,11,1,10,2,4,1,0,0,25,17,4,81,Matches
384,Xavier Moreno,es ESP,FW,Valladolid,19,2004,0.5,0,0,0,0,1,0,2,0,0,0,0,0,1,1,0,100,Matches
385,Mateu Morey,es ESP,DF,Mallorca,24,2000,8.2,1,0,0,17,10,1,16,15,18,0,0,0,41,8,6,57.1,Matches
386,Ilaix Moriba,gn GUI,MF,Celta Vigo,21,2003,23.7,9,1,1,32,58,2,6,14,42,1,0,0,108,24,25,49,Matches
387,Manu Morlanes,es ESP,MF,Mallorca,25,1999,14.9,7,0,0,15,13,0,8,24,27,0,0,0,79,10,16,38.5,Matches
388,Raúl Moro,es ESP,"MF,FW",Valladolid,21,2002,26,2,0,0,4,16,12,149,10,13,0,0,0,85,8,16,33.3,Matches
389,Cristhian Mosquera,es ESP,DF,Valencia,20,2004,36.9,6,0,0,14,26,0,2,35,36,0,3,0,190,41,51,44.6,Matches
390,Santiago Mouriño,uy URU,DF,Alavés,22,2002,20.5,7,0,0,32,23,1,4,29,28,1,0,0,85,38,28,57.6,Matches
391,Abdul Mumin,gh GHA,DF,Rayo Vallecano,26,1998,22.4,6,1,0,22,12,0,6,23,25,0,0,0,93,31,25,55.4,Matches
392,Aihen Muñoz,es ESP,DF,Real Sociedad,26,1997,12.2,5,0,0,15,12,0,35,14,12,0,1,0,43,23,17,57.5,Matches
393,Álex Muñoz,es ESP,DF,Las Palmas,30,1994,15.7,3,0,0,30,14,2,27,16,29,0,1,0,35,24,21,53.3,Matches
394,Iker Muñoz,es ESP,MF,Osasuna,21,2002,6.8,2,0,0,12,14,0,7,4,2,0,0,0,28,10,12,45.5,Matches
395,Javier Muñoz,es ESP,"MF,DF",Las Palmas,29,1995,28.8,5,0,0,30,26,2,51,31,35,0,0,0,112,15,26,36.6,Matches
396,Víctor Muñoz,es ESP,"FW,DF",Real Madrid,21,2003,0.4,0,0,0,2,0,0,2,0,0,0,0,0,1,0,0,,Matches
397,Vedat Muriqi,xk KVX,FW,Mallorca,30,1994,22.9,1,2,0,29,41,19,10,7,5,1,1,1,49,135,98,57.9,Matches
398,Juan Musso,ar ARG,GK,Atlético Madrid,30,1994,2,0,0,0,0,1,0,0,0,0,0,0,0,2,0,0,,Matches
399,Matija Nastasić,rs SRB,DF,Leganés,31,1993,23.4,3,0,0,15,8,2,0,21,11,1,2,0,50,39,17,69.6,Matches
400,Natan,br BRA,DF,Betis,23,2001,24.2,5,1,0,19,13,0,2,28,24,0,0,0,75,65,30,68.4,Matches
401,Pau Navarro,es ESP,DF,Villarreal,19,2005,10.2,1,0,0,10,8,0,2,4,17,0,0,0,46,9,14,39.1,Matches
402,Roberto Navarro,es ESP,"MF,FW",Mallorca,22,2002,14.2,3,0,0,14,21,2,29,19,22,0,0,0,94,5,9,35.7,Matches
403,Jesús Navas,es ESP,"FW,MF",Sevilla,38,1985,4.7,0,0,0,1,4,3,33,4,2,0,0,0,10,5,5,50,Matches
404,Yvan Neyou,cm CMR,MF,Leganés,27,1997,25.7,14,0,0,33,50,0,15,26,33,0,0,0,121,22,19,53.7,Matches
405,Tanguy Nianzou,fr FRA,DF,Sevilla,22,2002,5.8,3,1,1,10,5,0,0,8,5,0,0,1,9,17,2,89.5,Matches
406,Saúl Ñíguez,es ESP,MF,Sevilla,29,1994,17.3,8,1,0,44,11,1,19,22,32,0,1,0,86,40,33,54.8,Matches
407,Tamás Nikitscher,hu HUN,"MF,DF",Valladolid,24,1999,9.5,2,0,0,18,9,0,1,11,8,0,0,0,34,15,9,62.5,Matches
408,Adrian Niño,es ESP,FW,Atlético Madrid,20,2004,0.1,0,0,0,0,0,0,0,0,0,0,0,0,0,0,1,0,Matches
409,Hugo Novoa,es ESP,"DF,MF",Alavés,21,2003,2.6,0,0,0,1,1,2,7,0,5,0,0,0,9,1,8,11.1,Matches
410,Randy Nteka,ao ANG,FW,Rayo Vallecano,26,1997,12.5,6,0,0,39,15,16,4,4,5,0,0,0,26,41,51,44.6,Matches
411,Unai Núñez,es ESP,DF,Athletic Club,27,1997,7.2,4,0,0,10,5,1,0,17,5,0,0,0,28,13,12,52,Matches
412,Ørjan Nyland,no NOR,GK,Sevilla,33,1990,29.7,2,0,0,1,2,0,0,0,2,0,0,0,28,7,0,100,Matches
413,Allan Nyom,cm CMR,"DF,MF",Getafe,36,1988,9.9,4,0,0,18,9,0,15,4,11,0,1,0,32,8,16,33.3,Matches
414,Jan Oblak,si SVN,GK,Atlético Madrid,31,1993,36,0,0,0,0,2,0,0,0,0,0,0,0,29,3,0,100,Matches
415,Lucas Ocampos,ar ARG,FW,Sevilla,30,1994,1.9,0,0,0,3,2,0,4,0,2,0,0,0,6,3,4,42.9,Matches
416,Álvaro Odriozola,es ESP,DF,Real Sociedad,28,1995,0.5,1,0,0,2,1,0,1,0,1,0,0,0,2,1,0,100,Matches
417,Thiago Ojeda,ar ARG,MF,Villarreal,21,2003,0.1,1,0,0,1,0,0,1,0,0,0,0,0,0,0,0,,Matches
418,Aingeru Olabarrieta,es ESP,FW,Athletic Club,18,2005,0.6,0,0,0,1,0,0,4,1,0,0,0,0,4,1,0,100,Matches
419,Olasagasti,es ESP,MF,Real Sociedad,23,2000,9.5,2,0,0,15,7,0,10,15,10,0,0,0,42,12,22,35.3,Matches
420,Brian Oliván,es ESP,DF,Espanyol,30,1994,11.3,2,0,0,13,6,3,55,10,10,0,0,0,28,3,10,23.1,Matches
421,Lucas Oliveira Rosa,br BRA,DF,Valladolid,24,2000,21,6,0,0,35,19,1,36,28,33,0,0,0,87,18,10,64.3,Matches
422,Dani Olmo,es ESP,"MF,FW",Barcelona,26,1998,13.5,1,0,0,21,27,1,21,3,11,3,0,0,46,9,9,50,Matches
423,Aimar Oroz,es ESP,MF,Osasuna,22,2001,33,8,0,0,28,64,5,29,20,19,0,0,0,164,18,22,45,Matches
424,Ángel Ortíz,es ESP,DF,Betis,20,2004,3.9,0,0,0,6,6,0,19,5,8,0,0,0,16,5,7,41.7,Matches
425,Gabriel Osei Misehouy,nl NED,"FW,MF",Girona,19,2005,2.9,0,0,0,1,5,2,6,0,1,0,0,0,11,0,3,0,Matches
426,David Otorbi,es ESP,MF,Valencia,16,2007,0.2,0,0,0,0,0,0,0,0,0,0,0,0,0,0,0,,Matches
427,Jesús Owono,gq EQG,GK,Alavés,23,2001,5.4,0,0,0,1,2,0,0,0,1,0,1,0,3,0,0,,Matches
428,Mikel Oyarzabal,es ESP,FW,Real Sociedad,27,1997,25,4,1,0,14,22,18,10,4,16,1,0,0,48,32,73,30.5,Matches
429,Cenk Özkacar,tr TUR,DF,Valladolid,23,2000,8.4,1,0,0,5,1,0,0,18,5,0,1,0,30,11,15,42.3,Matches
430,Jon Pacheco,es ESP,DF,Real Sociedad,23,2001,9.5,3,0,0,18,5,0,0,9,9,0,0,0,35,19,17,52.8,Matches
431,Alex Padilla,es ESP,GK,Athletic Club,20,2003,3.6,0,0,0,0,1,0,0,0,0,0,0,1,4,1,0,100,Matches
432,Isaac Palazón Camacho,es ESP,"MF,FW",Rayo Vallecano,29,1994,24,5,0,0,39,53,3,111,8,17,0,0,0,102,18,40,31,Matches
433,Aitor Paredes,es ESP,DF,Athletic Club,24,2000,20.1,4,1,1,23,6,0,1,22,13,0,1,0,62,30,29,50.8,Matches
434,Daniel Parejo,es ESP,MF,Villarreal,35,1989,25.3,8,0,0,20,37,1,37,24,40,0,0,0,142,24,9,72.7,Matches
435,Iago Parente,es ESP,DF,Valladolid,18,2006,0.8,0,0,0,0,1,0,1,0,0,0,0,0,1,0,0,,Matches
436,Álvaro Pascual,es ESP,FW,Sevilla,22,2002,4.5,1,0,0,11,5,1,3,2,3,0,0,0,12,11,17,39.3,Matches
437,Alfonso Pedraza,es ESP,"DF,MF",Villarreal,28,1996,5.1,0,0,0,4,2,0,26,6,2,0,0,0,18,5,2,71.4,Matches
438,Pedri,es ESP,MF,Barcelona,21,2002,32,3,0,0,10,51,2,58,26,34,0,0,0,254,7,6,53.8,Matches
439,Adrià Pedrosa,es ESP,DF,Sevilla,26,1998,25.5,7,0,0,38,19,3,97,24,32,0,0,0,100,11,28,28.2,Matches
440,Pejiño,es ESP,FW,Las Palmas,28,1996,0.2,0,0,0,1,0,0,1,0,1,0,0,0,2,0,0,,Matches
441,Andy Pelmard,fr FRA,DF,Las Palmas,24,2000,2.3,1,0,0,2,3,0,2,2,0,0,0,0,4,1,1,50,Matches
442,Iñaki Peña,es ESP,GK,Barcelona,25,1999,15.5,1,0,0,0,0,0,0,0,0,0,0,0,65,1,0,100,Matches
443,Rubén Peña,es ESP,"FW,DF",Osasuna,33,1991,8.6,1,0,0,12,7,0,52,6,5,1,0,0,33,7,15,31.8,Matches
444,Nicolas Pépé,ci CIV,"FW,MF",Villarreal,29,1995,16.7,3,0,0,20,25,8,44,5,9,1,0,0,53,16,18,47.1,Matches
445,Peque,es ESP,"MF,FW",Sevilla,21,2002,12.6,1,0,0,22,26,2,10,8,5,0,1,0,41,8,26,23.5,Matches
446,Ayoze Pérez,es ESP,FW,Villarreal,31,1993,21.9,4,0,0,22,39,6,15,8,14,0,0,0,56,13,32,28.9,Matches
447,Carles Pérez,es ESP,"MF,FW",Getafe,26,1998,15.9,2,0,0,44,11,1,42,6,23,0,0,0,50,13,27,32.5,Matches
448,Francisco Perez,es ESP,"FW,MF",Valencia,21,2002,6.3,1,0,0,6,12,0,27,3,12,0,0,0,27,5,7,41.7,Matches
449,Kike Pérez,es ESP,MF,Valladolid,27,1997,13.2,6,0,0,32,21,1,33,7,26,0,0,0,60,12,15,44.4,Matches
450,Luis Pérez,es ESP,DF,Valladolid,29,1995,28.4,2,0,0,13,25,3,105,29,30,0,1,0,77,15,34,30.6,Matches
451,Romain Perraud,fr FRA,DF,Betis,26,1997,22.2,8,1,0,26,44,5,71,22,22,0,1,0,95,9,17,34.6,Matches
452,Valentín Pezzolesi,es ESP,DF,Las Palmas,17,2007,0.1,0,0,0,0,0,0,0,0,0,0,0,0,1,0,0,,Matches
453,Pica,es ESP,DF,Alavés,22,2002,5.5,1,0,0,6,3,0,2,9,7,0,0,0,13,18,11,62.1,Matches
454,Yeremi Pino,es ESP,"MF,FW",Villarreal,21,2002,21.5,11,0,0,49,30,15,47,8,32,1,0,0,93,12,16,42.9,Matches
455,Portu,es ESP,"FW,MF",Girona,32,1992,8.7,4,0,0,14,10,7,26,0,7,0,0,0,24,10,12,45.5,Matches
456,Beñat Prados,es ESP,MF,Athletic Club,23,2001,19.1,7,0,0,40,15,0,9,28,36,0,0,0,91,29,22,56.9,Matches
457,Abdón Prats,es ESP,"FW,MF",Mallorca,31,1992,5.1,4,0,0,6,19,2,0,1,1,1,0,0,13,19,32,37.3,Matches
458,Javi Puado,es ESP,"FW,MF",Espanyol,26,1998,33,8,0,0,22,27,6,27,5,17,1,0,0,105,9,30,23.1,Matches
459,Dani Raba,es ESP,"FW,MF",Leganés,28,1995,20.9,6,0,0,40,56,9,90,14,23,1,0,0,90,5,15,25,Matches
460,Arnau Rafús,es ESP,GK,Valladolid,21,2003,1,0,0,0,0,0,0,0,0,0,0,0,0,3,0,0,,Matches
461,Antonio Raillo,es ESP,DF,Mallorca,32,1991,35.6,7,1,0,50,9,2,3,29,18,0,0,0,104,132,84,61.1,Matches
462,Benito Ramírez,es ESP,"DF,FW",Las Palmas,29,1995,5.3,2,1,0,5,8,0,39,1,5,0,0,0,32,4,11,26.7,Matches
463,Sandro Ramírez,es ESP,"FW,MF",Las Palmas,29,1995,22.6,6,0,0,26,43,5,122,16,15,1,1,0,93,12,16,42.9,Matches
464,Jacobo Ramón,es ESP,DF,Real Madrid,19,2005,2.3,1,0,0,2,1,0,0,3,3,0,0,0,5,8,7,53.3,Matches
465,Raphinha,br BRA,"FW,MF",Barcelona,27,1996,31.5,4,0,0,11,37,10,215,11,22,2,0,0,94,9,6,60,Matches
466,Andrei Ratiu,ro ROU,DF,Rayo Vallecano,26,1998,34.1,5,0,0,24,21,5,77,27,41,0,0,0,169,20,33,37.7,Matches
467,Raúl,es ESP,"FW,MF",Osasuna,23,2000,8.3,1,0,0,11,12,6,6,0,8,0,0,0,14,20,22,47.6,Matches
468,Abderrahman Rebbach,dz ALG,"FW,MF",Alavés,25,1998,4.3,1,0,0,5,6,2,17,0,2,0,0,0,16,1,11,8.3,Matches
469,Álex Remiro,es ESP,GK,Real Sociedad,29,1995,36,0,0,0,0,6,0,0,0,0,0,0,0,64,5,0,100,Matches
470,Daniel Requena,es ESP,MF,Villarreal,20,2004,0.1,0,0,0,1,0,0,0,0,0,0,0,0,0,0,0,,Matches
471,Diego Rico,es ESP,DF,Getafe,31,1993,31.3,9,1,0,38,56,3,148,34,49,1,0,0,132,26,19,57.8,Matches
472,Luis Rioja,es ESP,FW,Alavés,30,1993,0.3,0,0,0,1,1,0,6,0,1,0,0,0,1,0,0,,Matches
473,Luis Rioja,es ESP,"MF,FW",Valencia,30,1993,31.5,6,0,0,18,38,11,203,22,21,0,0,0,111,15,22,40.5,Matches
474,Rodrigo Riquelme,es ESP,"MF,DF",Atlético Madrid,24,2000,5.7,0,0,0,8,8,4,34,2,5,0,0,0,21,3,3,50,Matches
475,Alberto Risco,es ESP,"MF,FW",Getafe,18,2005,0.8,0,0,0,1,2,0,4,0,4,0,0,0,5,1,3,25,Matches
476,Mihailo Ristić,rs SRB,"DF,MF",Celta Vigo,28,1995,4.8,1,0,0,8,2,0,13,2,7,0,0,0,17,3,9,25,Matches
477,Gorka Rivera Alonso,es ESP,"DF,MF",Getafe,19,2004,0.2,0,0,0,1,1,0,0,0,0,0,0,0,1,0,1,0,Matches
478,Marc Roca,es ESP,MF,Betis,27,1996,10.1,4,0,0,16,5,0,10,14,14,0,0,0,51,5,13,27.8,Matches
479,Rodri,es ESP,FW,Betis,24,2000,1.3,0,0,0,2,2,1,6,1,1,0,0,0,10,0,2,0,Matches
480,Adrian Rodriguez,es ESP,GK,Alavés,23,2000,1.4,1,0,0,0,3,0,0,0,0,0,0,0,0,0,0,,Matches
481,Álvaro Rodríguez,uy URU,FW,Getafe,20,2004,9.5,6,0,0,30,19,6,5,3,7,0,0,0,31,104,84,55.3,Matches
482,Óscar Rodríguez Arnaiz,es ESP,"MF,FW",Leganés,26,1998,14.8,6,1,0,19,25,1,55,20,17,1,1,0,56,12,24,33.3,Matches
483,Arturo Rodríguez,es ESP,FW,Las Palmas,17,2006,0.2,0,0,0,0,0,0,2,0,0,0,0,0,1,0,1,0,Matches
484,Damián Rodríguez,es ESP,MF,Celta Vigo,21,2003,10.3,3,0,0,13,9,0,30,7,9,0,0,0,49,0,4,0,Matches
485,Dani Rodríguez,es ESP,"MF,FW",Mallorca,36,1988,24,5,0,0,51,40,8,116,12,29,0,0,0,70,27,37,42.2,Matches
486,Daniel Rodriguez,es ESP,FW,Barcelona,18,2005,0.4,0,0,0,0,0,0,3,0,0,0,0,0,0,0,0,,Matches
487,James Rodríguez,co COL,"MF,FW",Rayo Vallecano,33,1991,1.6,1,0,0,2,1,3,13,1,2,0,0,0,8,2,3,40,Matches
488,Javi Rodríguez,es ESP,DF,Celta Vigo,21,2003,27.9,7,0,0,37,22,0,4,33,38,0,0,0,87,40,35,53.3,Matches
489,Jesus Rodríguez,es ESP,FW,Betis,18,2005,12.3,0,0,0,17,38,2,18,6,14,1,0,0,58,3,8,27.3,Matches
490,Kirian Rodríguez,es ESP,MF,Las Palmas,28,1996,19.5,2,0,0,9,18,0,18,10,17,0,0,0,100,13,17,43.3,Matches
491,Ricardo Rodríguez,ch SUI,DF,Betis,31,1992,14.2,0,0,0,12,6,0,15,8,15,0,0,0,55,27,17,61.4,Matches
492,Rodrygo,br BRA,"FW,MF",Real Madrid,23,2001,21.4,0,0,0,8,37,1,81,11,14,1,0,0,71,7,16,30.4,Matches
493,Leo Román,es ESP,GK,Mallorca,24,2000,7,0,0,0,0,1,0,0,0,0,0,0,0,8,0,0,,Matches
494,Carlos Romero,es ESP,DF,Espanyol,22,2001,28.4,7,0,0,34,21,1,92,30,47,0,2,0,125,14,24,36.8,Matches
495,Isaac Romero,es ESP,FW,Sevilla,24,2000,24,10,1,0,38,37,11,18,7,7,1,1,0,59,29,51,36.3,Matches
496,Luka Romero,ar ARG,"FW,MF",Alavés,19,2004,2.2,0,0,0,3,3,1,10,1,4,1,0,0,9,2,4,33.3,Matches
497,Oriol Romeu,es ESP,MF,Girona,32,1991,15.1,5,0,0,28,18,0,8,12,25,0,1,0,71,13,18,41.9,Matches
498,Vitor Roque,br BRA,FW,Betis,19,2005,13.7,4,0,0,30,30,5,6,7,6,2,0,0,35,15,29,34.1,Matches
499,Valentin Rosier,fr FRA,DF,Leganés,27,1996,28.8,8,0,0,44,18,8,39,52,52,0,0,0,121,26,17,60.5,Matches
500,Antonio Rüdiger,de GER,DF,Real Madrid,31,1993,25.5,3,0,0,15,15,2,4,9,13,2,1,0,102,35,24,59.3,Matches
501,Aitor Ruibal,es ESP,"DF,FW",Betis,28,1996,14.6,5,0,0,10,18,2,32,14,23,0,0,0,71,7,13,35,Matches
502,Abel Ruiz,es ESP,FW,Girona,24,2000,15,3,0,0,7,13,5,4,5,2,0,0,0,21,9,19,32.1,Matches
503,Ferrán Ruiz,es ESP,MF,Girona,21,2003,0.2,0,0,0,0,0,0,0,1,0,0,0,0,1,0,1,0,Matches
504,Youssouf Sabaly,sn SEN,DF,Betis,31,1993,17.6,1,0,0,18,12,1,31,13,25,0,0,0,87,9,13,40.9,Matches
505,Umar Sadiq,ng NGA,FW,Valencia,27,1997,9.2,4,0,0,29,16,13,0,1,5,0,0,0,14,23,19,54.8,Matches
506,Umar Sadiq,ng NGA,FW,Real Sociedad,27,1997,2.5,1,0,0,8,1,5,2,1,1,0,0,0,5,9,11,45,Matches
507,Jorge Sáenz,es ESP,DF,Leganés,27,1996,18.8,4,1,0,30,15,1,0,25,23,0,1,1,58,41,38,51.9,Matches
508,Jan Salas,es ESP,"MF,FW",Mallorca,18,2005,0.5,0,0,0,0,3,0,1,0,1,0,0,0,2,1,0,100,Matches
509,Kike Salas,es ESP,DF,Sevilla,22,2002,24.9,6,0,0,21,15,0,9,32,28,0,0,0,95,77,33,70,Matches
510,Albert Sambi Lokonga,be BEL,MF,Sevilla,24,1999,16.3,4,0,0,22,21,0,2,9,15,0,0,0,69,28,14,66.7,Matches
511,Chuky san jose,es ESP,MF,Valladolid,20,2004,8.1,1,0,0,3,10,4,24,0,2,0,0,0,20,2,10,16.7,Matches
512,Oihan Sancet,es ESP,MF,Athletic Club,24,2000,18,2,0,0,16,24,5,18,5,8,0,0,0,77,12,13,48,Matches
513,Antonio Sánchez,es ESP,"MF,DF",Mallorca,27,1997,15.5,3,0,0,24,11,4,33,18,16,0,0,0,77,6,16,27.3,Matches
514,Iván Sánchez,es ESP,"MF,FW",Valladolid,31,1992,15.6,4,0,0,15,48,3,114,14,20,0,0,0,59,11,11,50,Matches
515,Javi Sánchez,es ESP,DF,Valladolid,27,1997,22.5,6,0,0,19,3,0,0,22,16,0,2,0,57,34,31,52.3,Matches
516,Juanlu Sánchez,es ESP,"MF,DF",Sevilla,20,2003,19.1,6,1,1,18,12,1,40,17,34,0,0,0,66,19,19,50,Matches
517,Manu Sánchez,es ESP,DF,Alavés,23,2000,29.3,6,1,0,56,21,1,78,30,56,0,1,1,105,8,32,20,Matches
518,Maroan Sannadi,es ESP,FW,Athletic Club,23,2001,8.4,0,0,0,20,30,7,6,1,0,1,0,0,24,14,17,45.2,Matches
519,Jesús Santiago,es ESP,MF,Getafe,20,2004,4.1,5,0,0,14,6,0,3,1,8,0,0,0,21,1,5,16.7,Matches
520,Aleksandar Sedlar,rs SRB,DF,Alavés,32,1991,6.6,1,1,0,9,5,0,0,10,10,0,0,0,18,9,6,60,Matches
521,Sergi,es ESP,DF,Leganés,32,1992,32.9,2,1,0,30,12,7,1,39,29,1,1,1,80,63,58,52.1,Matches
522,Nicolás Serrano,es ESP,FW,Athletic Club,21,2003,1.2,0,0,0,2,2,0,13,1,1,0,0,0,3,0,2,0,Matches
523,Fábio Silva,pt POR,FW,Las Palmas,22,2002,20.7,7,0,0,39,43,20,21,4,7,0,0,0,48,51,52,49.5,Matches
524,Rui Silva,pt POR,GK,Betis,30,1994,15,1,0,0,1,2,0,0,0,0,0,1,0,25,2,0,100,Matches
525,Giuliano Simeone,ar ARG,MF,Atlético Madrid,21,2002,21.4,4,0,0,23,42,7,49,14,13,1,0,0,72,11,23,32.4,Matches
526,Unai Simón,es ESP,GK,Athletic Club,27,1997,21,0,0,0,0,3,0,0,1,0,0,0,0,33,6,0,100,Matches
527,Daley Sinkgraven,nl NED,DF,Las Palmas,29,1995,1,0,0,0,2,2,0,4,1,1,0,0,0,6,1,0,100,Matches
528,Jailson Siqueira,br BRA,"DF,MF",Celta Vigo,28,1995,6.8,2,0,0,4,4,0,1,9,11,0,0,1,32,18,17,51.4,Matches
529,Antonio Sivera,es ESP,GK,Alavés,27,1996,31.2,6,1,0,4,5,0,0,0,1,0,3,1,21,5,1,83.3,Matches
530,Justin Smith,ca CAN,MF,Espanyol,21,2003,2.3,0,0,0,5,2,0,1,4,3,0,0,0,8,3,0,100,Matches
531,Alex Sola,es ESP,"MF,FW",Getafe,25,1999,11.4,4,0,0,24,26,7,18,7,14,0,0,0,47,18,28,39.1,Matches
532,Arnau Solà,es ESP,MF,Villarreal,21,2003,0.1,0,0,0,1,0,0,0,0,0,0,0,0,0,0,0,,Matches
533,Jhon Solis,co COL,MF,Girona,19,2004,5.9,3,0,0,9,6,0,3,4,7,0,0,0,27,3,5,37.5,Matches
534,David Soria,es ESP,GK,Getafe,31,1993,38,2,0,0,0,2,0,0,1,4,0,0,0,28,6,0,100,Matches
535,Juan Soriano,es ESP,GK,Leganés,26,1997,6,1,1,0,0,3,0,0,0,1,0,0,1,5,0,0,,Matches
536,Hugo Sotelo,es ESP,MF,Celta Vigo,20,2003,13.9,5,0,0,19,9,1,50,5,17,0,0,0,71,2,10,16.7,Matches
537,Djibril Sow,ch SUI,MF,Sevilla,27,1997,22.9,5,0,0,23,41,0,9,28,14,0,0,0,110,24,23,51.1,Matches
538,Carl Starfelt,se SWE,DF,Celta Vigo,29,1995,25.2,5,0,0,21,11,0,0,31,20,0,0,0,77,60,51,54.1,Matches
539,Orri Steinn Óskarsson,is ISL,FW,Real Sociedad,19,2004,10.5,1,0,0,7,6,10,7,2,6,0,0,0,15,31,55,36,Matches
540,Stoichkov,es ESP,"MF,FW",Alavés,30,1993,7.8,1,0,0,9,16,5,13,1,9,0,0,0,44,5,15,25,Matches
541,Cristhian Stuani,uy URU,FW,Girona,37,1986,12,4,0,0,35,7,11,2,7,7,0,0,0,14,22,17,56.4,Matches
542,Álex Suárez,es ESP,DF,Las Palmas,31,1993,27.3,12,0,0,27,21,1,1,13,23,0,1,2,68,25,48,34.2,Matches
543,Denis Suárez,es ESP,MF,Villarreal,30,1994,6.8,0,0,0,1,7,0,25,3,8,0,0,0,25,1,6,14.3,Matches
544,Luka Sučić,hr CRO,MF,Real Sociedad,21,2002,19.9,4,0,0,11,15,3,18,15,18,0,0,0,109,26,25,51,Matches
545,Suso,es ESP,"FW,MF",Sevilla,30,1993,6.7,3,0,0,6,16,2,59,4,7,0,0,0,31,2,5,28.6,Matches
546,Williot Swedberg,se SWE,"FW,MF",Celta Vigo,20,2004,15,1,0,0,21,32,7,18,3,16,0,0,0,46,8,15,34.8,Matches
547,Mamadou Sylla,sn SEN,"FW,MF",Valladolid,30,1994,17.6,5,0,0,16,32,13,9,3,4,2,0,0,35,41,58,41.4,Matches
548,Wojciech Szczęsny,pl POL,GK,Barcelona,34,1990,15,0,0,0,1,1,0,0,0,1,0,1,0,52,0,0,,Matches
549,Alexander Sørloth,no NOR,FW,Atlético Madrid,28,1995,17.4,4,0,0,26,13,8,5,1,5,0,0,0,41,98,50,66.2,Matches
550,Renato Tapia,pe PER,"MF,DF",Leganés,29,1995,26.9,8,0,0,38,34,0,12,27,35,0,0,0,155,32,24,57.1,Matches
551,César Tárrega,es ESP,DF,Valencia,22,2002,33.6,7,0,0,56,15,0,1,22,37,0,2,2,104,87,62,58.4,Matches
552,Aurélien Tchouaméni,fr FRA,"DF,MF",Real Madrid,24,2000,29.9,5,0,0,26,24,0,12,46,23,0,1,0,143,74,27,73.3,Matches
553,Álvaro Tejero,es ESP,"MF,DF",Espanyol,28,1996,13.8,2,0,0,14,19,1,113,13,4,0,0,0,64,10,12,45.5,Matches
554,Martín Tejón,es ESP,"MF,DF",Valencia,20,2004,0.5,0,0,0,1,1,0,1,0,0,0,0,0,4,0,3,0,Matches
555,Nahuel Tenaglia,ar ARG,DF,Alavés,28,1996,32.5,11,0,0,37,45,2,85,47,61,3,0,0,117,46,52,46.9,Matches
556,Marc-André ter Stegen,de GER,GK,Barcelona,32,1992,7.5,0,0,0,0,2,0,0,0,0,0,0,0,14,1,0,100,Matches
557,Ramón Terrats,es ESP,"MF,FW",Villarreal,23,2000,1.5,1,0,0,2,2,0,5,2,3,0,0,0,11,3,2,60,Matches
558,Ramón Terrats,es ESP,"MF,FW",Getafe,23,2000,13.5,1,0,0,13,22,4,35,8,10,0,0,0,53,14,13,51.9,Matches
559,Raúl de Tomás,es ESP,"DF,FW",Rayo Vallecano,29,1994,0.2,0,0,0,1,2,0,0,0,2,0,0,0,2,0,0,,Matches
560,Pablo Torre,es ESP,"MF,FW",Barcelona,21,2003,3.4,0,0,0,4,8,1,13,3,4,0,0,0,15,1,6,14.3,Matches
561,David Torres,es ESP,DF,Valladolid,21,2003,15.4,5,0,0,13,3,0,3,10,8,0,0,1,27,20,21,48.8,Matches
562,Ferrán Torres,es ESP,"FW,MF",Barcelona,24,2000,12.3,1,1,0,5,16,6,17,4,4,0,0,0,27,5,9,35.7,Matches
563,Lucas Torró,es ESP,MF,Osasuna,30,1994,32.9,10,0,0,75,37,1,1,45,41,0,2,0,172,159,67,70.4,Matches
564,Hamari Traoré,ml MLI,DF,Real Sociedad,32,1992,7.8,2,0,0,12,3,0,9,9,12,0,0,0,29,9,9,50,Matches
565,Óscar Trejo,ar ARG,MF,Rayo Vallecano,36,1988,5.5,1,0,0,17,12,1,7,4,5,0,0,0,25,5,7,41.7,Matches
566,Viktor Tsyhankov,ua UKR,"FW,MF",Girona,26,1997,21.3,1,0,0,14,28,4,124,15,12,1,0,0,69,9,18,33.3,Matches
567,Beñat Turrientes,es ESP,MF,Real Sociedad,22,2002,10.5,4,0,0,13,23,0,19,5,6,0,0,0,45,10,18,35.7,Matches
568,Christantus Uche,ng NGA,"FW,MF",Getafe,21,2003,27.6,8,2,1,55,68,19,22,10,21,0,0,0,110,91,124,42.3,Matches
569,Naci Ünüvar,nl NED,"MF,DF",Espanyol,21,2003,0.3,0,0,0,0,1,1,2,0,2,0,0,0,3,0,0,,Matches
570,Óscar Valentín,es ESP,MF,Rayo Vallecano,29,1994,20.4,5,0,0,57,31,0,2,21,41,0,0,0,109,33,39,45.8,Matches
571,Germán Valera,es ESP,MF,Valencia,22,2002,1.6,0,0,0,2,4,0,6,4,1,0,0,0,4,1,2,33.3,Matches
572,Martin Valjent,sk SVK,DF,Mallorca,28,1995,30.7,4,0,0,15,13,0,11,18,21,0,0,0,102,49,41,54.4,Matches
573,Jesús Vallejo,es ESP,DF,Real Madrid,27,1997,1.5,0,0,0,0,0,0,0,2,0,0,0,0,8,3,3,50,Matches
574,Federico Valverde,uy URU,"MF,DF",Real Madrid,26,1998,33.7,4,0,0,12,15,1,26,55,30,0,0,0,174,27,15,64.3,Matches
575,Siebe Van Der Heyden,be BEL,"DF,MF",Mallorca,26,1998,1.1,0,0,0,2,0,0,2,2,1,0,0,0,5,2,1,66.7,Matches
576,Ruben Vargas,ch SUI,"FW,MF",Sevilla,25,1998,7.5,0,0,0,11,9,3,37,3,4,0,0,0,31,7,6,53.8,Matches
577,José Luis García Vayá,es ESP,MF,Valencia,25,1998,19.4,8,1,0,26,19,1,109,19,25,0,0,0,99,23,21,52.3,Matches
578,Jesus Vazquez,es ESP,DF,Valencia,21,2003,10.2,3,0,0,17,11,1,23,10,18,0,0,0,42,12,13,48,Matches
579,Lucas Vázquez,es ESP,DF,Real Madrid,33,1991,24.3,4,0,0,29,32,3,63,17,34,0,0,0,83,6,13,31.6,Matches
580,Alejo Véliz,ar ARG,FW,Espanyol,20,2003,12.5,3,0,0,20,33,5,0,4,1,1,0,0,20,51,58,46.8,Matches
581,Mikel Vesga,es ESP,MF,Athletic Club,31,1993,11,1,0,0,14,4,0,8,15,15,0,0,0,66,25,16,61,Matches
582,Carlos Vicente,es ESP,"FW,MF",Alavés,25,1999,34.4,3,0,0,38,62,10,269,14,31,0,0,0,133,34,60,36.2,Matches
583,Pau Victor,es ESP,FW,Barcelona,22,2001,3.5,2,0,0,7,3,0,3,2,1,0,0,0,14,3,1,75,Matches
584,Nacho Vidal,es ESP,DF,Osasuna,29,1995,1.4,0,0,0,2,1,0,2,0,0,0,0,0,5,3,1,75,Matches
585,Fran Vieites,es ESP,GK,Betis,25,1999,4,0,0,0,0,2,0,0,0,0,0,0,0,7,1,0,100,Matches
586,Sergio Viera,es ESP,MF,Las Palmas,19,2005,1.1,1,0,0,1,1,0,0,1,1,0,0,0,5,1,2,33.3,Matches
587,Asier Villalibre,es ESP,FW,Alavés,26,1997,3.7,2,0,0,11,7,2,2,1,2,0,0,0,7,22,12,64.7,Matches
588,Iván Villar,es ESP,GK,Celta Vigo,27,1997,4,0,0,0,0,0,0,0,0,0,0,0,0,10,1,1,50,Matches
589,Viti,es ESP,DF,Las Palmas,26,1997,22,5,0,0,28,31,0,45,27,46,0,0,0,85,18,19,48.6,Matches
590,Daniel Vivian,es ESP,DF,Athletic Club,25,1999,29,3,0,0,27,21,1,8,47,26,0,1,0,164,43,31,58.1,Matches
591,Krapyvtsov Vladyslav,ua UKR,GK,Girona,19,2005,2,0,0,0,0,0,0,0,0,0,0,0,0,3,0,0,,Matches
592,Iñaki Williams,gh GHA,FW,Athletic Club,30,1994,29.5,1,0,0,22,39,17,115,12,10,1,0,0,87,30,20,60,Matches
593,Nico Williams,es ESP,FW,Athletic Club,22,2002,22.2,1,0,0,17,35,10,107,7,18,0,0,0,96,11,17,39.3,Matches
594,Axel Witsel,be BEL,DF,Atlético Madrid,35,1989,9.5,1,0,0,4,5,1,0,11,12,0,0,0,32,23,16,59,Matches
595,Lamine Yamal,es ESP,FW,Barcelona,17,2007,31.7,3,0,0,30,60,13,108,16,28,2,0,0,123,1,3,25,Matches
596,Daniel Yáñez,es ESP,FW,Real Madrid,17,2007,0,0,0,0,0,1,0,0,0,0,0,0,0,0,0,0,,Matches
597,Bertuğ Yıldırım,tr TUR,FW,Getafe,22,2002,12,7,0,0,33,18,14,7,1,5,1,0,0,24,73,63,53.7,Matches
598,Arsen Zakharyan,ru RUS,"MF,FW",Real Sociedad,21,2003,0.8,0,0,0,1,0,0,1,1,1,0,0,0,2,0,0,,Matches
599,Bryan Zaragoza,es ESP,"FW,MF",Osasuna,23,2001,20.4,4,0,0,19,39,9,104,4,9,0,0,0,55,2,10,16.7,Matches
600,Igor Zubeldia,es ESP,DF,Real Sociedad,27,1997,25.2,6,1,0,38,11,0,1,31,22,0,1,0,86,65,80,44.8,Matches
601,Martín Zubimendi,es ESP,MF,Real Sociedad,25,1999,32.9,6,0,0,44,19,0,12,44,37,1,0,0,140,53,32,62.4,Matches