Rk,Player,Nation,Pos,Squad,Age,Born,90s,Cmp,Att,Cmp%,TotDist,PrgDist,Cmp,Att,Cmp%,Cmp,Att,Cmp%,Cmp,Att,Cmp%,Ast,xAG,xA,A-xAG,KP,1/3,PPA,CrsPA,PrgP,Matches
1,Max Aarons,eng ENG,"DF,MF",Valencia,24,2000,1.3,36.2,50.8,71.2,542.3,146.2,18.5,23.1,80,16.2,23.1,70,0.77,3.08,25,0,0,0,0,0.77,1.54,0,0,4.62,Matches
2,Rodrigo Abajas,es ESP,DF,Valencia,21,2003,0.7,24.3,41.4,58.6,382.9,157.1,15.7,20,78.6,5.71,10,57.1,2.86,10,28.6,0,0,0,0,0,0,0,0,2.86,Matches
3,Abel,es ESP,DF,Osasuna,23,2000,23,33.7,46.6,72.5,560.8,219.4,16.7,19.1,87.7,13.7,17.4,78.6,2.52,6.87,36.7,0,0.04,0.07,-0.04,0.7,2.48,0.78,0.57,3.35,Matches
4,Nabil Aberdin,fr FRA,MF,Getafe,21,2002,2.9,12.4,21,59,234.5,92.1,4.14,6.9,60,4.14,6.55,63.2,2.76,4.48,61.5,0,0,0.03,0,0.34,2.41,0.69,0,2.07,Matches
5,Abdel Abqar,ma MAR,DF,Alavés,25,1999,27.4,26.2,34.3,76.6,585.4,210.6,6.57,7.08,92.8,15.4,16.8,91.5,4.16,9.42,44.2,0.04,0.01,0.01,0.03,0.29,2.45,0.36,0.07,2.88,Matches
6,Akor Adams,ng NGA,FW,Sevilla,24,2000,1.5,13.3,18,74.1,222.7,32,6,8,75,4.67,6,77.8,2,3.33,60,0,0,0,0,0,2,0.67,0,3.33,Matches
7,Adrián,es ESP,GK,Betis,37,1987,19,24.9,32.6,76.6,642.4,437.3,3.89,4,97.4,13.9,14.1,98.9,7.05,14.2,49.8,0,0,0,0,0,0.21,0,0,0,Matches
8,Julen Agirrezabala,es ESP,GK,Athletic Club,23,2000,13.4,21,30.7,68.4,573.2,431.1,3.43,3.43,100,12.3,12.3,100,5.22,14.6,35.7,0,0,0,0,0,0.07,0,0,0,Matches
9,Lucien Agoume,fr FRA,MF,Sevilla,22,2002,23.5,42.9,52.6,81.5,679.1,232.3,23.2,25.6,90.7,15.2,18.1,84,3.36,6.04,55.6,0.13,0.11,0.07,0.02,1.15,5.36,0.81,0.13,5.74,Matches
10,Álvaro Aguado,es ESP,MF,Espanyol,28,1996,4.9,39.4,50.6,77.8,764.9,242.2,12.9,16.5,77.8,20.2,23.7,85.3,5.71,8.16,70,0.2,0.12,0.08,0.08,0.82,6.33,1.63,0.61,7.55,Matches
11,Lorenzo Aguado,es ESP,DF,Real Madrid,21,2002,0.1,10,10,100,340,0,0,0,,0,0,,10,10,100,0,0,0,0,0,0,0,0,0,Matches
12,Nayef Aguerd,ma MAR,DF,Real Sociedad,28,1996,19.6,61.9,70.9,87.3,1205.9,426.8,22.3,23.6,94.8,31.5,33.8,93.4,7.35,11.7,62.9,0,0.01,0.02,-0.01,0.26,4.44,0.15,0.05,3.83,Matches
13,Joseph Aidoo,gh GHA,DF,Valladolid,28,1995,6.5,51.8,58.2,89.2,1083.7,387.4,12.3,13.4,92,33.1,34.8,95.1,6.31,9.69,65.1,0,0,0.02,0,0,1.38,0.31,0,2.15,Matches
14,Joseph Aidoo,gh GHA,DF,Celta Vigo,28,1995,0,6,7,85.7,126,81,1,1,100,5,5,100,0,0,,0,0,0,0,0,0,0,0,1,Matches
15,Ilias Akhomach,ma MAR,"MF,FW",Villarreal,20,2004,6.5,20.9,28.5,73.5,332.5,82.2,11.7,13.5,86.4,7.08,9.69,73,1.23,2.15,57.1,0,0.15,0.26,-0.15,1.38,0.77,1.23,0.31,1.85,Matches
16,David Alaba,at AUT,DF,Real Madrid,32,1992,3.5,58.9,65.1,90.4,1006.3,416,25.7,25.7,100,27.4,28,98,4.29,9.14,46.9,0,0.03,0.03,-0.03,0.29,3.14,0.29,0,2,Matches
17,Ibrahim Alani,ng NGA,MF,Valladolid,18,2006,1.8,39.4,47.2,83.5,769.4,165.6,12.8,13.9,92,20.6,21.7,94.9,4.44,8.33,53.3,0,0,0,0,0,3.89,0,0,2.78,Matches
18,Raúl Albiol,es ESP,DF,Villarreal,38,1985,13.2,55.1,61.6,89.4,1104.7,455,16.1,17,94.7,32.8,35.1,93.5,5.76,8.71,66.1,0,0,0.01,0,0,1.97,0.08,0,2.58,Matches
19,Omar Alderete,py PAR,DF,Getafe,27,1996,33,21.9,33.5,65.5,514.9,238.2,5.79,7.12,81.3,11.1,14.1,79.1,4.94,11.1,44.5,0,0.03,0.03,-0.03,0.33,4,0.45,0.06,3.39,Matches
20,Carles Aleñá,es ESP,"MF,FW",Getafe,26,1998,5,18.6,23.4,79.5,300.8,59.8,9,11,81.8,7.6,8.8,86.4,1.2,2.2,54.5,0,0.02,0.02,-0.02,0.6,1.8,0.6,0.2,2.4,Matches
21,Carles Aleñá,es ESP,"MF,FW",Alavés,26,1998,12.1,29.7,39,76.1,445,124,16.2,18.3,88.7,10.1,12.8,78.7,2.07,3.97,52.1,0.17,0.11,0.11,0.06,1.57,2.89,1.16,0.17,4.79,Matches
22,Alfon,es ESP,"FW,MF",Celta Vigo,25,1999,15.2,17.3,24.8,69.8,252.9,34.3,9.61,10.9,88.5,6.18,8.68,71.2,0.72,1.78,40.7,0.13,0.17,0.14,-0.04,1.58,0.53,0.46,0.07,1.45,Matches
23,Tadeo Allende,ar ARG,FW,Celta Vigo,25,1999,0,1,3,33.3,7,1,1,2,50,0,0,,0,0,,0,0,0,0,0,0,0,0,0,Matches
24,Domingos André Ribeiro Almeida,pt POR,"MF,FW",Valencia,24,2000,22,36.3,43,84.3,594,169.9,18.9,20.2,93.5,12.6,14.5,87.1,3.5,5.59,62.6,0.18,0.15,0.22,0.04,1.95,4.36,1.09,0.23,6.45,Matches
25,Iker Almena,es ESP,"FW,DF",Girona,20,2004,0.5,46,64,71.9,656,68,26,28,92.9,20,28,71.4,0,2,0,2,1.4,0.8,0.6,4,0,0,0,4,Matches
26,Marcos Alonso,es ESP,DF,Celta Vigo,33,1990,29.4,72.8,81.5,89.2,1324.4,476.8,29,30.7,94.5,36.7,38.8,94.6,6.12,9.8,62.5,0,0.04,0.07,-0.04,0.71,7.69,0.71,0.2,7.31,Matches
27,Adrià Altimira,es ESP,"DF,FW",Leganés,23,2001,18.1,26.7,34,78.5,427.1,118.7,14.1,16.1,87.3,10.3,13.1,78.5,1.88,3.37,55.7,0,0.03,0.04,-0.03,0.61,1.88,0.55,0.11,2.32,Matches
28,Sergi Altimira,es ESP,MF,Betis,22,2001,21.9,51.3,57.4,89.3,824.8,190.7,25.6,27.8,92.1,20.2,21.9,92.3,3.74,4.61,81.2,0.05,0.08,0.05,-0.03,1,4.16,0.59,0,4.52,Matches
29,Hugo Álvarez,es ESP,"MF,DF",Celta Vigo,21,2003,17.5,45.7,57.9,78.9,697.7,186,24.5,28.1,87.2,18.2,22,82.9,1.83,3.26,56.1,0.17,0.06,0.12,0.11,0.97,2,0.86,0.17,3.43,Matches
30,Julián Álvarez,ar ARG,FW,Atlético Madrid,24,2000,27.9,25.7,34.6,74.2,381.8,95.1,14.5,17.4,83.1,7.67,9.57,80.1,1.9,4.09,46.5,0.14,0.19,0.19,-0.05,1.47,1.61,1.36,0.18,3.3,Matches
31,Yeray Álvarez,es ESP,DF,Athletic Club,29,1995,19.8,50.2,59.7,84.1,1020.8,354.3,14.3,16,89.6,30.7,32.9,93.4,5.05,9.75,51.8,0,0.01,0.02,-0.01,0.2,4.04,0.15,0.1,5.3,Matches
32,Selim Amallah,ma MAR,MF,Valladolid,27,1996,15.3,20.8,26.5,78.3,363.4,108.4,10.5,11.6,91,6.47,7.71,83.9,2.94,4.97,59.2,0.07,0.07,0.07,-0.01,0.85,2.75,0.72,0,3.73,Matches
33,Amath,sn SEN,"FW,DF",Valladolid,28,1996,4.2,20.5,26.7,76.8,318.3,71.7,11.7,12.6,92.5,6.19,7.62,81.3,1.9,3.57,53.3,0.24,0.12,0.12,0.12,1.43,0.95,0.95,0.48,2.86,Matches
34,Marcos André,br BRA,FW,Valladolid,27,1996,13.2,10.5,15.9,65.7,178.6,29.9,5.98,7.8,76.7,3.18,4.92,64.6,1.06,1.36,77.8,0.15,0.06,0.02,0.09,0.68,0.98,0.23,0,1.21,Matches
35,Leandro Antonetti,pr PUR,FW,Sevilla,21,2003,0.3,6.67,13.3,50,63.3,20,6.67,6.67,100,0,3.33,0,0,0,,0,0,0,0,3.33,0,0,0,0,Matches
36,Antoniu,es ESP,"FW,MF",Espanyol,21,2002,11.4,13,19.4,67,181.7,55.8,7.81,9.56,81.7,4.12,5.88,70.1,0.35,1.23,28.6,0.09,0.1,0.1,-0.01,0.61,0.88,0.61,0.26,2.46,Matches
37,Antony,br BRA,FW,Betis,24,2000,15.1,41.2,50.9,81,556.5,146.4,26.5,29.9,88.5,10.3,13.3,77.1,1.92,3.51,54.7,0.13,0.23,0.19,-0.1,2.38,2.25,2.85,0.46,4.44,Matches
38,Anuar,ma MAR,"MF,FW",Valladolid,29,1995,19.1,21.5,26.4,81.4,321.3,59.3,11.4,13,87.1,8.27,10,82.7,0.89,1.62,54.8,0,0.06,0.04,-0.06,0.37,0.99,0.16,0.1,1.57,Matches
39,Aritz Arambarri,es ESP,DF,Leganés,26,1998,2,24.5,33.5,73.1,512.5,129,5.5,6.5,84.6,17,20.5,82.9,2,6,33.3,0,0,0,0,0,0.5,0,0,1,Matches
40,Mauro Arambarri,uy URU,MF,Getafe,28,1995,29.6,19.8,27,73.3,341.1,83,9.05,11.4,79.8,8.24,10.2,80.8,1.96,3.95,49.6,0,0.02,0.02,-0.02,0.57,2.5,0.14,0.03,2.53,Matches
41,Jon Aramburu,ve VEN,DF,Real Sociedad,22,2002,27.3,43.6,55.6,78.4,647.8,264.7,23.4,26,89.9,16.8,21.7,77.6,1.79,4.47,40.2,0.04,0.04,0.05,0,0.55,3,0.4,0.22,3.55,Matches
42,Ronald Araújo,uy URU,DF,Barcelona,25,1999,8.4,79.3,86.3,91.9,1477.1,471.1,26,27.9,93.2,46.2,48.3,95.6,5.95,8.33,71.4,0.12,0.05,0.02,0.07,0.48,6.07,0.36,0,5.83,Matches
43,Adu Ares,es ESP,FW,Athletic Club,22,2001,0.2,25,45,55.6,320,75,15,25,60,10,15,66.7,0,0,,0,0,0,0,0,0,5,0,15,Matches
44,Jesús Areso,es ESP,DF,Osasuna,25,1999,34.2,33.3,46,72.4,563.3,238.1,16.1,18.2,88.3,13.5,18.5,72.9,2.98,6.4,46.6,0.09,0.1,0.09,-0.01,0.88,2.81,1.46,0.88,3.1,Matches
45,David Argüelles,es ESP,MF,Getafe,22,2002,0.1,30,50,60,250,20,30,40,75,0,0,,0,10,0,0,0,0,0,0,0,0,0,0,Matches
46,José Arnaiz,es ESP,"FW,MF",Osasuna,29,1995,1.5,34.7,51.3,67.5,480,166,21.3,24,88.9,5.33,10,53.3,4,10,40,0,0.07,0.27,-0.07,2,1.33,2.67,2,2.67,Matches
47,Sergio Arribas,es ESP,DF,Betis,21,2003,1,37,54,68.5,533,210,22,23,95.7,12,20,60,2,5,40,0,0,0,0,0,1,0,0,1,Matches
48,Takuma Asano,jp JPN,"FW,MF",Mallorca,29,1994,11.7,12.6,18.7,67.6,177,41.5,7.95,9.4,84.5,4.1,5.73,71.6,0.34,1.45,23.5,0.09,0.06,0.05,0.03,0.51,0.68,0.26,0.17,1.71,Matches
49,Raúl Asencio,es ESP,DF,Real Madrid,21,2003,18.6,49.8,53.1,93.8,853.8,289.7,22.3,23.1,96.5,23.8,24.7,96.3,3.06,4.41,69.5,0.05,0.03,0.02,0.02,0.32,2.53,0.16,0,1.45,Matches
50,Iago Aspas,es ESP,"FW,MF",Celta Vigo,36,1987,19.4,34.1,45.2,75.4,551.7,157.9,18,22.1,81.4,10.4,13,79.4,3.76,5.41,69.5,0.26,0.24,0.2,0.02,1.96,3.81,1.8,0.21,6.8,Matches
51,Yaser Asprilla,co COL,"FW,MF",Girona,20,2003,15.6,30.2,41.9,72.1,552.1,140.6,14,16.5,85.2,11.8,15.3,77,3.97,7.37,53.9,0.06,0.18,0.22,-0.12,1.54,2.24,2.44,0.58,4.94,Matches
52,Ezequiel Ávila,ar ARG,FW,Betis,30,1994,7.5,22.1,31.7,69.7,368.3,81.9,11.9,14.7,80.9,7.47,10.4,71.8,2.13,4,53.3,0,0.13,0.13,-0.13,2,0.13,1.47,0.8,2.4,Matches
53,Adam Aznou,ma MAR,DF,Valladolid,18,2006,9.7,25.3,35.4,71.4,377.3,130,14.2,16.6,85.7,8.66,12.2,71.2,1.65,3.81,43.2,0,0.03,0.04,-0.03,0.62,1.75,0.41,0.21,2.58,Matches
54,César Azpilicueta,es ESP,DF,Atlético Madrid,34,1989,9.7,59.9,69.2,86.6,931.3,355.8,30.9,33,93.8,24.7,27.7,89.2,2.89,6.49,44.4,0,0.01,0.04,-0.01,0.31,4.74,0.41,0.1,6.8,Matches
55,Papa Ba,es ESP,MF,Girona,19,2004,0.5,10,26,38.5,158,14,6,16,37.5,2,4,50,2,4,50,0,0,0,0,0,2,0,0,0,Matches
56,Loïc Bade,fr FRA,DF,Sevilla,24,2000,29.8,52.4,61.1,85.7,1047.2,396.7,18,19.2,93.7,28.7,30.6,94,5.5,10.3,53.4,0.03,0.02,0.01,0.01,0.13,3.15,0.1,0,2.08,Matches
57,Alex Baena,es ESP,"MF,FW",Villarreal,23,2001,28.8,29.8,44.7,66.6,605.3,228.4,10.9,13.7,79.7,13.6,18.6,73.5,4.79,9.65,49.6,0.31,0.41,0.44,-0.09,3.3,3.3,2.5,0.66,6.56,Matches
58,Juma Bah,sl SLE,DF,Valladolid,18,2006,9.6,34.4,42.4,81.1,655.6,221.1,12.3,13.6,90.1,18.4,19.9,92.7,3.23,7.6,42.5,0,0,0,0,0.1,1.56,0,0,1.35,Matches
59,Eric Bailly,ci CIV,DF,Villarreal,30,1994,6.9,40.6,46.4,87.5,727.4,277.4,14.9,15.8,94.5,21.7,23.9,90.9,3.33,5.94,56.1,0,0,0,0,0,2.61,0,0,2.61,Matches
60,Stefan Bajcetic,es ESP,"MF,DF",Las Palmas,19,2004,10.8,27.8,38.7,71.8,545.6,148.1,11,13.9,79.3,11.9,14.6,81.6,4.44,8.15,54.5,0,0.02,0.03,-0.02,0.65,2.59,0.74,0,3.61,Matches
61,Cédric Bakambu,cd COD,FW,Betis,33,1991,7.9,10.6,15.9,66.7,122.4,27.6,7.59,9.87,76.9,1.9,3.54,53.6,0.25,0.51,50,0.25,0.08,0.1,0.18,1.01,1.14,0.63,0,1.77,Matches
62,Alejandro Balde,es ESP,DF,Barcelona,20,2003,25.4,51.4,58.4,88,754.3,156.9,28.9,30.9,93.5,19.5,21.5,90.5,1.69,2.8,60.6,0.16,0.13,0.11,0.02,1.02,2.01,1.54,0.43,3.66,Matches
63,Iván Balliu,al ALB,DF,Rayo Vallecano,32,1992,13.3,37,48.8,75.8,607.7,251,18.6,20.5,90.8,15.2,19.2,78.9,2.56,6.39,40,0,0.04,0.03,-0.04,0.53,2.86,0.45,0.3,3.46,Matches
64,Jonathan Bamba,ci CIV,"FW,MF",Celta Vigo,28,1996,9,31.9,40.4,78.8,446.1,115.7,18.9,21.9,86.3,9.44,11.3,83.3,1.56,2.67,58.3,0.11,0.2,0.18,-0.09,1.33,2.22,1.44,0.67,3.33,Matches
65,Adrian Baquerin,es ESP,FW,Valladolid,17,2007,0.5,18,20,90,244,22,10,10,100,4,4,100,2,4,50,0,0,0,0,0,0,2,0,2,Matches
66,Valentín Barco,ar ARG,"DF,FW",Sevilla,20,2004,3.2,43.4,59.7,72.8,668.4,279.7,24.1,27.5,87.5,11.9,16.6,71.7,4.06,9.38,43.3,0,0.19,0.09,-0.19,1.88,3.75,0.94,0,4.06,Matches
67,Borna Barišić,hr CRO,DF,Leganés,31,1992,0.1,30,40,75,480,20,10,10,100,20,20,100,0,0,,0,0,0,0,0,0,0,0,0,Matches
68,Kike Barja,es ESP,"FW,MF",Osasuna,27,1997,3.5,21.1,32.6,64.9,408,123.1,9.43,11.4,82.5,7.43,10.6,70.3,3.43,6,57.1,0.29,0.34,0.37,-0.06,2.86,0.86,2.29,2,1.14,Matches
69,Enzo Barrenechea,ar ARG,MF,Valencia,23,2001,24.3,48.1,55.6,86.5,828.8,223.1,22.8,25,91.3,20.2,22.3,90.6,4.32,6.3,68.6,0.08,0.04,0.05,0.05,0.62,5.88,0.29,0,5.19,Matches
70,Ander Barrenetxea,es ESP,"MF,FW",Real Sociedad,22,2001,14,26.8,37.8,70.9,445.4,100.6,14.4,17.2,83.8,8.43,11.6,72.4,3,5.07,59.2,0.21,0.14,0.18,0.08,1.14,1.64,1.57,0.29,3.43,Matches
71,Pablo Barrios,es ESP,MF,Atlético Madrid,21,2003,25.9,50.2,58.3,86,803.9,218.1,26.4,28.9,91.5,19.2,21.1,90.7,3.4,5.37,63.3,0.15,0.09,0.08,0.06,1,5.71,0.93,0.19,5.48,Matches
72,Thierno Barry,fr FRA,FW,Villarreal,21,2002,25.8,8.1,13.1,62,114.2,21.2,4.57,6.67,68.6,2.71,4.5,60.3,0.35,0.74,47.4,0.16,0.11,0.08,0.04,0.89,0.54,0.47,0.04,1.05,Matches
73,Marc Bartra,es ESP,DF,Betis,33,1991,23.3,40.6,49.9,81.3,827.1,282.1,13.5,14.5,93.2,21.2,23.4,90.3,5.41,10.7,50.6,0.04,0.01,0.01,0.03,0.17,2.75,0.21,0.04,2.92,Matches
74,Aboubacar Bassinga,ci CIV,MF,Las Palmas,19,2005,0,2,4,50,53,0,1,1,100,0,0,,1,3,33.3,0,0,0,0,0,0,0,0,0,Matches
75,Augusto Batalla,ar ARG,GK,Rayo Vallecano,28,1996,32,24.5,36.8,66.6,722.5,539.3,3.78,3.81,99.2,12.4,12.6,98.5,8.28,20.2,41.1,0,0,0,0,0.03,0.78,0.03,0,0.06,Matches
76,Rafael Bauza,es ESP,MF,Espanyol,19,2005,2,23,27,85.2,389.5,96,12,12.5,96,8.5,10,85,2,3.5,57.1,0,0,0,0,0,1.5,0.5,0,3.5,Matches
77,Sheraldo Becker,sr SUR,"FW,MF",Real Sociedad,29,1995,11.1,18,28.2,63.9,305.5,66.8,9.46,11.9,79.5,6.94,10.9,63.6,1.35,2.97,45.5,0.09,0.18,0.15,-0.09,0.72,0.54,1.53,0.45,2.07,Matches
78,Donny van de Beek,nl NED,MF,Girona,27,1997,15.8,23.1,28.3,81.7,333.2,66.8,13.7,15.3,89.3,7.59,9.3,81.6,1.01,1.52,66.7,0.13,0.2,0.23,-0.08,1.14,1.33,0.7,0,2.85,Matches
79,Luken Beitia,es ESP,DF,Real Sociedad,20,2004,0.1,50,50,100,1080,220,10,10,100,20,20,100,20,20,100,0,0,0,0,0,0,0,0,0,Matches
80,Ismael Bekhoucha,ma MAR,"MF,DF",Getafe,19,2004,0.8,21.3,30,70.8,280,92.5,16.3,17.5,92.9,5,6.25,80,0,3.75,0,0,0,0,0,0,1.25,0,0,1.25,Matches
81,Héctor Bellerín,es ESP,DF,Betis,29,1995,6.4,42.2,51.3,82.3,651.1,249.1,21.9,23.9,91.5,18.3,22.5,81.3,1.56,3.28,47.6,0.31,0.31,0.33,0,1.25,2.5,0.63,0.31,3.75,Matches
82,Jude Bellingham,eng ENG,MF,Real Madrid,21,2003,27.6,48.3,56.1,86.1,775.8,168.6,25.9,28.4,91.1,17.2,19.6,88,4.06,5.14,78.9,0.29,0.14,0.16,0.15,1.52,4.71,1.12,0,7.21,Matches
83,Fran Beltrán,es ESP,MF,Celta Vigo,25,1999,26.9,48.8,55.1,88.6,866,240.7,20.2,21.9,92.2,23.6,25.4,92.8,4.13,5.54,74.5,0.04,0.07,0.07,-0.03,0.56,4.91,0.52,0.04,5.65,Matches
84,Carlos Benavídez,uy URU,MF,Alavés,26,1998,5.4,29.8,43,69.4,569.3,172.4,12.8,15.4,83.1,11.9,15.4,77.1,4.63,9.44,49,0.19,0.11,0.11,0.07,0.56,4.26,0.74,0,4.81,Matches
85,Iker Benito,es ESP,"FW,MF",Osasuna,21,2002,0.4,22.5,32.5,69.2,320,17.5,10,15,66.7,7.5,10,75,2.5,5,50,0,0,0,0,2.5,0,0,0,0,Matches
86,Yuri Berchiche,es ESP,DF,Athletic Club,34,1990,22.7,51.7,61.6,84,922.6,335.3,23.2,25.6,90.4,23.3,27.2,85.9,4.67,7,66.7,0.09,0.1,0.1,-0.01,0.79,5.68,0.66,0.35,7.09,Matches
87,Álex Berenguer,es ESP,"FW,MF",Athletic Club,29,1995,26,24.2,36.7,65.8,388.8,97.6,12.9,15.4,83.5,8.23,11.2,73.3,2.19,7.15,30.6,0.27,0.19,0.17,0.08,1.77,1.88,1.08,0.42,3,Matches
88,Marc Bernal,es ESP,MF,Barcelona,17,2007,2.7,54.8,59.3,92.5,975.6,230.7,24.4,26.3,93,26.7,28.5,93.5,3.7,4.07,90.9,0,0,0.04,0,0.37,4.44,0,0,2.96,Matches
89,Juan Bernat,es ESP,"DF,MF",Villarreal,31,1993,2.4,42.1,54.2,77.7,616.3,101.7,22.5,25.4,88.5,18.8,22.1,84.9,0.42,2.5,16.7,0.42,0.17,0.17,0.25,1.67,1.67,0.42,0.42,3.33,Matches
90,Juan Bernat,es ESP,"MF,DF",Getafe,31,1993,7.8,18.2,25.4,71.7,234.7,65,11.9,14.2,83.8,4.49,6.15,72.9,0.51,1.15,44.4,0.13,0.09,0.05,0.04,0.9,1.28,0.9,0.38,1.79,Matches
91,Juan Berrocal,es ESP,DF,Getafe,25,1999,11.8,24.3,31.9,76.1,504.2,194,6.69,7.37,90.8,14.5,17.2,84.2,2.8,6.61,42.3,0,0,0.01,0,0.08,1.78,0.17,0,2.12,Matches
92,Antonio Blanco,es ESP,MF,Alavés,24,2000,30.3,33.4,42.2,79.3,610.5,217.6,14.1,16.6,85.3,15.2,17.7,85.8,3.47,5.94,58.3,0.03,0.05,0.06,-0.02,0.5,4.69,0.63,0.3,4.82,Matches
93,Daley Blind,nl NED,DF,Girona,34,1990,30.9,75,84.5,88.8,1379.7,481.9,32,34.1,93.8,34.8,37.7,92.3,7.7,10.7,72.1,0.06,0.05,0.08,0.01,0.61,10,0.84,0.26,8.8,Matches
94,Adama Boiro,es ESP,"DF,FW",Athletic Club,22,2002,12.2,32.9,41.1,79.9,507.9,158.8,17.7,19.6,90.4,13.9,17.7,78.7,0.9,2.38,37.9,0,0.04,0.05,-0.04,0.41,3.61,0.66,0.33,3.77,Matches
95,Enzo Boyomo,cm CMR,DF,Osasuna,22,2001,33.2,36.7,42.2,87,707.3,272.4,12.3,13.3,91.9,20.7,22.3,93.1,3.46,5.84,59.3,0,0.03,0.02,-0.03,0.12,2.59,0.18,0,3.34,Matches
96,Enzo Boyomo,cm CMR,DF,Valladolid,22,2001,3,58,63.3,91.6,1002.3,372.7,25,25.7,97.4,29,31,93.5,3.67,6.33,57.9,0,0,0,0,0,0.67,0,0,2.33,Matches
97,Darko Brašanac,rs SRB,MF,Leganés,32,1992,18,21.1,27.9,75.7,296.6,75.3,12.3,14.2,87.1,6.94,9.33,74.4,0.78,1.78,43.8,0.11,0.02,0.03,0.09,0.5,1.56,0.11,0,2.39,Matches
98,Tajon Buchanan,ca CAN,MF,Villarreal,25,1999,4.6,23,31.3,73.6,311.1,73.5,15.2,18.7,81.4,4.78,6.74,71,1.52,2.61,58.3,0.43,0.11,0.11,0.33,1.09,0.43,0.87,0.22,1.09,Matches
99,Ante Budimir,hr CRO,FW,Osasuna,33,1991,32.8,7.29,13,56.1,92.1,15.3,4.94,7.59,65.1,1.8,3.48,51.8,0.15,0.34,45.5,0.12,0.05,0.04,0.07,0.49,0.37,0.21,0,0.73,Matches
100,Manu Bueno,es ESP,"MF,FW",Sevilla,20,2004,1.6,41.9,46.3,90.5,676.3,68.8,21.9,23.8,92.1,14.4,15.6,92,3.13,3.75,83.3,0,0,0.06,0,0,2.5,0.63,0,3.13,Matches
101,Endika Buján,es ESP,FW,Athletic Club,21,2003,0.1,40,50,80,410,120,40,40,100,0,0,,0,10,0,0,0,0,0,0,0,0,0,0,Matches
102,Pau Cabanes,es ESP,"MF,FW",Villarreal,19,2005,1.8,33.3,46.7,71.4,498.3,106.7,20.6,25,82.2,11.7,16.1,72.4,0.56,1.67,33.3,0,0.22,0.11,-0.22,2.22,0.56,1.67,0,6.11,Matches
103,Pau Cabanes,es ESP,"MF,FW",Alavés,19,2005,2.1,28.1,40,70.2,357.6,48.1,16.2,20,81,10,14.3,70,0,1.9,0,0,0,0.05,0,0.48,1.43,0.48,0,2.38,Matches
104,Leandro Cabrera,uy URU,DF,Espanyol,33,1991,31.9,34,45.2,75.2,698.1,316.5,11.3,13.1,86.4,17.6,20.3,87,4.67,10.5,44.6,0.06,0.03,0.02,0.03,0.28,2.82,0.47,0.09,2.16,Matches
105,Fernando Calero,es ESP,"DF,MF",Espanyol,28,1995,7.9,41.1,48.2,85.3,811.1,319,13.4,14.6,92.2,21.6,23.4,92.4,5.44,8.48,64.2,0,0,0.01,0,0.38,2.15,0.13,0.13,2.15,Matches
106,Eduardo Camavinga,fr FRA,"MF,DF",Real Madrid,21,2002,12.2,57.4,65,88.3,931.2,246.9,28.2,30.1,93.7,24.3,26.1,92.8,3.52,5.41,65.2,0.16,0.07,0.06,0.1,0.9,5,0.41,0,5,Matches
107,Sergio Camello,es ESP,FW,Rayo Vallecano,23,2001,12.6,16.4,20.9,78.7,227.7,35.9,10.1,12,84.1,4.84,5.79,83.6,0.56,0.71,77.8,0.16,0.16,0.09,0,1.51,0.95,0.56,0,2.14,Matches
108,José Campaña,es ESP,MF,Las Palmas,31,1993,13.2,53.3,63.2,84.3,941.2,328.7,23.9,26.2,91.3,21.4,24.5,87.3,6.14,9.39,65.3,0.23,0.07,0.08,0.16,1.06,5.45,0.91,0.3,6.59,Matches
109,Peio Canales,es ESP,"MF,FW",Athletic Club,19,2005,2.9,30.7,38.6,79.5,513.1,83.8,15.2,16.9,89.8,12.1,14.8,81.4,2.41,5.52,43.8,0,0.07,0.07,-0.07,2.07,2.07,0.69,0,2.07,Matches
110,Antonio Candela,it ITA,DF,Valladolid,24,2000,10.1,33.9,43.9,77.2,582.8,190,16.6,18,92.3,13.4,17.4,76.7,2.97,6.63,44.8,0,0.08,0.07,-0.08,0.59,1.68,0.59,0.59,2.18,Matches
111,Sergi Canós,es ESP,"MF,FW",Valencia,27,1997,4.1,22.4,38.5,58.2,366.3,102,12.4,15.4,81,8.05,12.9,62.3,1.46,5.61,26.1,0.24,0.05,0.05,0.2,0.98,2.2,0.73,0.73,2.2,Matches
112,Dani Cárdenas,es ESP,GK,Rayo Vallecano,27,1997,6,15.7,29.8,52.5,502.3,396.2,1.83,1.83,100,8.5,8.67,98.1,5.33,19.2,27.8,0,0,0,0,0,0.33,0,0,0,Matches
113,Irvin Cardona,fr FRA,"FW,MF",Espanyol,26,1997,6.7,14.9,24,62.1,213.1,64.5,8.36,10.9,76.7,4.63,7.31,63.3,0.9,3.13,28.6,0.15,0.09,0.18,0.06,1.34,1.34,1.64,0.6,2.24,Matches
114,Marc Cardona,es ESP,"FW,DF",Las Palmas,29,1995,1.5,25.3,32,79.2,361.3,52.7,14,16,87.5,8,10,80,1.33,2,66.7,0,0,0.07,0,0,2.67,0,0,2,Matches
115,Sergi Cardona,es ESP,DF,Villarreal,25,1999,32.7,34.4,44.6,77.3,570.6,201.8,16.8,19.3,86.9,14.9,18.1,82,2.26,4.86,46.5,0.21,0.18,0.14,0.04,1.38,1.9,1.41,0.8,2.35,Matches
116,Johnny Cardoso,us USA,MF,Betis,22,2001,23.8,39.9,46.6,85.7,611.6,155,21.5,23.7,90.4,14.7,16.4,89.3,2.23,3.28,67.9,0.04,0.04,0.03,0,0.38,2.65,0.17,0,2.98,Matches
117,José Carlos González,es ESP,DF,Las Palmas,18,2006,0.1,80,90,88.9,920,220,60,60,100,20,20,100,0,0,,0,0,0,0,0,10,0,0,0,Matches
118,Carmona,es ESP,DF,Sevilla,22,2002,32.7,44.3,55,80.5,719.4,268.8,21.8,24.7,88.2,19.2,22.8,84.4,2.2,4.71,46.8,0,0.06,0.03,-0.06,0.58,3.03,0.43,0.18,3.33,Matches
119,Sergio Carreira,es ESP,"MF,DF",Celta Vigo,23,2000,18.4,37,48.6,76.1,627.4,196,17.3,20.1,86.2,16.8,21.1,79.9,2.61,5,52.2,0.22,0.17,0.13,0.05,0.87,1.9,1.3,0.43,2.88,Matches
120,Dani Carvajal,es ESP,DF,Real Madrid,32,1992,6.8,58.7,68.1,86.2,959.3,208.7,29,31.2,92.9,25,28.7,87.2,3.82,5.15,74.3,0,0.03,0.04,-0.03,0.74,2.94,0.74,0,3.97,Matches
121,William Carvalho,pt POR,MF,Betis,32,1992,5.4,63.5,73.1,86.8,952,294.6,35.6,38.5,92.3,20.9,22.8,91.9,4.07,6.11,66.7,0,0.04,0.13,-0.04,1.11,8.15,0.74,0,8.33,Matches
122,Marc Casado,es ESP,MF,Barcelona,20,2003,17.9,68.2,76.4,89.3,1046.1,239.1,36.5,39.4,92.6,26.4,27.9,94.4,3.46,5.25,66,0.17,0.08,0.1,0.09,0.5,7.71,0.34,0,5.98,Matches
123,Catena,es ESP,DF,Osasuna,29,1994,34.2,37.3,44.5,83.8,811.3,322.3,8.36,9.15,91.4,23.4,24.9,93.8,5.32,9.56,55.7,0.09,0.07,0.06,0.02,0.29,1.99,0.15,0.03,2.6,Matches
124,Maximiliano Caufriez,be BEL,DF,Valencia,27,1997,1,11,14,78.6,219,77,3,3,100,6,7,85.7,2,4,50,0,0,0,0,0,0,0,0,1,Matches
125,Dani Ceballos,es ESP,MF,Real Madrid,27,1996,13.5,95.1,100.8,94.3,1541.1,442.4,47.3,48.5,97.6,39.2,40.7,96.2,6.07,7.63,79.6,0,0.12,0.15,-0.12,1.63,11.6,0.74,0,11.1,Matches
126,Franco Cervi,ar ARG,"FW,MF",Celta Vigo,30,1994,3,30.3,44,68.9,555.7,195.7,12.3,15.7,78.7,14.7,17.3,84.6,2.67,7.33,36.4,0,0.1,0.1,-0.1,1.67,4,0.67,0,4.67,Matches
127,Raúl Chasco,es ESP,DF,Valladolid,20,2003,1.4,25,41.4,60.3,521.4,235,10.7,13.6,78.9,9.29,14.3,65,5,11.4,43.8,0,0,0.07,0,0.71,3.57,0.71,0,2.14,Matches
128,Pep Chavarría,es ESP,"DF,FW",Rayo Vallecano,26,1998,28.7,43.3,54.4,79.7,691.7,239.5,23,25.7,89.2,16.6,20.3,82,2.96,5.64,52.5,0.03,0.07,0.07,-0.03,0.84,2.61,0.94,0.35,3.97,Matches
129,Walid Cheddira,ma MAR,FW,Espanyol,26,1998,7.1,10.3,14.5,70.9,141,34.9,5.63,7.32,76.9,3.52,4.37,80.6,0.28,0.7,40,0.14,0.17,0.07,-0.03,0.85,0.42,0.14,0,1.69,Matches
130,Chema,es ESP,MF,Real Madrid,19,2005,0.1,10,10,100,160,0,0,0,,10,10,100,0,0,,0,0,0,0,0,0,0,0,0,Matches
131,Julián Chicco,ar ARG,"MF,DF",Leganés,26,1998,3.4,33.2,42.1,79,554.1,185.3,14.4,16.5,87.5,15,17.4,86.4,2.35,5,47.1,0.29,0.06,0.09,0.24,0.59,2.94,0.59,0,4.71,Matches
132,Chiquinho,pt POR,"MF,FW",Mallorca,24,2000,1.6,13.8,21.3,64.7,186.9,54.4,8.13,9.38,86.7,3.13,5.63,55.6,1.25,4.38,28.6,0,0,0.06,0,1.25,0,0,0,0.63,Matches
133,Andreas Christensen,dk DEN,DF,Barcelona,28,1996,2.8,72.1,78.6,91.8,1152.1,445.4,34.6,36.1,96,33.2,35,94.9,3.21,4.64,69.2,0,0,0.04,0,0.36,8.21,0,0,5.36,Matches
134,Jasper Cillessen,nl NED,GK,Las Palmas,35,1989,25.9,26.4,38.7,68.2,695.1,518,5.68,5.75,98.7,13.1,13.4,98,7.49,19.3,38.7,0,0,0,0,0,0.58,0,0,0,Matches
135,Pathé Ciss,sn SEN,"MF,DF",Rayo Vallecano,30,1994,23.8,42,49.5,84.7,742.3,243.1,18.2,20.3,90,19.1,21.3,89.7,3.87,5.67,68.1,0.04,0.05,0.03,0,0.67,4.29,0.34,0,5.38,Matches
136,Seydouba Cissé,gn GUI,MF,Leganés,23,2001,27.1,35.9,42.4,84.6,595.5,121.3,17.2,19.1,89.8,14.5,16.4,88.5,3.06,4.58,66.9,0.04,0.04,0.03,0,0.63,3.17,0.55,0.04,4.06,Matches
137,Silvi Clúa,es ESP,MF,Girona,19,2005,1.8,41.7,52.8,78.9,723.3,150.6,17.2,20.6,83.8,20,23.3,85.7,2.78,4.44,62.5,0,0,0,0,0.56,1.67,0,0,1.67,Matches
138,Eray Cömert,ch SUI,"DF,MF",Valladolid,26,1998,19.8,40.7,46.4,87.7,824.4,270.7,11.8,13.2,88.9,24.1,25.3,95.4,4.34,6.92,62.8,0,0,0.01,0,0,2.37,0.05,0,2.42,Matches
139,Santi Comesaña,es ESP,MF,Villarreal,27,1996,28.4,41,48.4,84.6,691.2,223.6,19,21.3,89.4,17.8,19.8,89.9,3.13,4.82,65,0.07,0.07,0.09,0,0.95,5.04,1.06,0.11,5.42,Matches
140,Diego Conde,es ESP,GK,Villarreal,25,1998,21.8,23.8,29.4,81.1,572.4,371.4,5.64,5.69,99.2,13,13.3,97.9,5,10.2,49.1,0.05,0.01,0,0.04,0.09,0.32,0.05,0,0,Matches
141,Tomás Conechny,ar ARG,"FW,MF",Alavés,26,1998,9.4,22.3,35,63.8,351.6,110.3,11.9,16.5,72.3,8.72,12.8,68.3,1.06,3.09,34.5,0,0.03,0.09,-0.03,0.74,1.49,1.17,0.85,2.45,Matches
142,Copete,es ESP,DF,Mallorca,24,1999,17,37.6,45.1,83.3,716.1,277.9,13.9,15.4,90.8,19,21.1,90.2,4.29,7.41,57.9,0,0,0.01,0,0,2.06,0.24,0,2.76,Matches
143,Iker Córdoba,es ESP,DF,Valencia,18,2005,0.2,45,55,81.8,845,455,15,25,60,25,25,100,5,5,100,0,0.5,0,-0.5,5,5,5,5,5,Matches
144,Ángel Correa,ar ARG,"FW,MF",Atlético Madrid,29,1995,8.9,23.1,31.5,73.6,303,83.7,14.6,17.6,82.8,5.62,7.64,73.5,1.01,2.13,47.4,0.11,0.24,0.25,-0.12,1.57,2.13,1.12,0.11,2.81,Matches
145,Thierry Correia,pt POR,DF,Valencia,25,1999,8.5,38.8,51.9,74.8,676.5,256.4,18.8,21.5,87.4,16.1,20.2,79.7,3.65,7.88,46.3,0,0.04,0.09,-0.04,0.59,2.71,1.41,0.35,5.18,Matches
146,Coba da Costa,es ESP,"MF,FW",Getafe,22,2002,11.2,17.4,27.1,64.4,263.6,63.1,9.29,12.9,72.2,5.18,7.68,67.4,1.61,3.13,51.4,0.09,0.13,0.13,-0.04,0.8,1.25,0.89,0.63,1.43,Matches
147,Logan Costa,cv CPV,DF,Villarreal,23,2001,28.7,47.2,53.8,87.7,914.4,341.3,17.5,18.4,94.7,23.4,25.1,93.3,5.71,9.34,61.2,0.03,0.02,0.02,0.01,0.14,3.73,0.21,0,4.04,Matches
148,Samu Costa,pt POR,MF,Mallorca,23,2000,29.4,39.6,49,80.7,703.3,196.4,17.8,20.5,86.6,17.3,20.1,86.1,3.95,5.82,67.8,0.07,0.04,0.06,0.03,0.51,3.98,0.48,0.17,3.95,Matches
149,Thibaut Courtois,be BEL,GK,Real Madrid,32,1992,30,28.3,34,83.1,666.7,427.8,5.43,5.47,99.4,17.5,17.7,99.2,5.27,10.8,48.8,0,0,0,0,0.03,0.13,0,0,0,Matches
150,Juan Cruz Armada,es ESP,DF,Osasuna,32,1992,16.6,31.6,40.5,78,513.2,238.9,15.7,17.5,89.3,13.5,17.2,78.6,1.81,4.16,43.5,0,0,0.01,0,0.12,3.25,0.12,0,3.19,Matches
151,Juan Cruz,es ESP,"FW,MF",Leganés,24,2000,25.1,19.4,28.5,68.2,306.4,116.9,10.6,12.9,82.4,6.77,9.6,70.5,1.51,4.02,37.6,0.16,0.16,0.15,0,0.96,1.35,1.27,0.56,2.63,Matches
152,Pau Cubarsí,es ESP,DF,Barcelona,17,2007,29.1,83.6,89.5,93.5,1568.9,550,28.4,29.8,95.3,47.7,49.4,96.5,6.7,8.63,77.7,0.1,0.05,0.03,0.05,0.31,7.22,0.14,0.03,6.56,Matches
153,Cucho,co COL,FW,Betis,25,1999,12.7,17.6,24.4,71.9,260,68.3,9.21,11.9,77.5,4.17,5.91,70.7,1.81,2.52,71.9,0.08,0.12,0.06,-0.04,1.1,1.57,0.79,0.08,2.68,Matches
154,Arnaut Danjuma,nl NED,FW,Villarreal,27,1997,2.2,10.5,13.6,76.7,163.2,18.2,5,6.82,73.3,4.55,5.45,83.3,0.45,0.91,50,0,0,0,0,0.45,0.45,0,0,0.45,Matches
155,Arnaut Danjuma,nl NED,"FW,MF",Girona,27,1997,14.8,21.5,29.6,72.6,368.1,99.5,10.8,12.5,86.5,8.04,10.5,76.3,2.09,4.12,50.8,0,0.11,0.16,-0.11,1.49,1.15,1.62,0.54,2.77,Matches
156,Sergi Darder,es ESP,"MF,FW",Mallorca,30,1993,30.5,32.2,42.7,75.3,607,185.7,14.4,16.3,88.5,12,15.1,79.2,4.92,8.98,54.7,0.2,0.12,0.17,0.08,1.77,4,1.08,0.49,4.66,Matches
157,Rodrigo De Paul,ar ARG,MF,Atlético Madrid,30,1994,23.4,61.9,75.8,81.7,1042.3,321.2,31.4,34.5,91,22,26.4,83.3,6.92,11.2,62.1,0.21,0.24,0.25,-0.03,1.79,7.69,2.48,0.56,9.87,Matches
158,Mouctar Diakhaby,gn GUI,DF,Valencia,27,1996,7.3,38.6,46,83.9,673.8,254.4,16.2,17.3,93.7,19.6,21.5,91.1,2.6,6.03,43.2,0,0,0.01,0,0.14,0.96,0.27,0,1.92,Matches
159,Assane Diao,sn SEN,FW,Betis,18,2005,3.1,15.8,21.3,74.2,201.9,44.8,11.6,13.9,83.7,1.94,2.58,75,0.65,0.65,100,0.65,0.48,0.19,0.16,2.58,0.65,0.32,0.32,0.32,Matches
160,Moussa Diarra,ml MLI,DF,Alavés,23,2000,20.7,32.4,40.3,80.2,585.1,258.1,13.4,14.8,90.2,16.1,18.7,86.1,2.46,5.17,47.7,0,0,0.02,0,0.14,2.13,0.39,0.14,3.38,Matches
161,Brahim Díaz,ma MAR,"FW,MF",Real Madrid,24,1999,15.4,37.2,42.9,86.8,475.5,124,25.5,28.1,91,9.16,10.6,86.5,0.91,1.36,66.7,0.13,0.21,0.15,-0.08,1.49,3.64,1.23,0,4.81,Matches
162,Daniel Díaz,es ESP,MF,Real Sociedad,18,2006,0.1,10,30,33.3,200,0,0,0,,10,30,33.3,0,0,,0,0,0,0,0,0,0,0,0,Matches
163,Pedro Díaz,es ESP,MF,Rayo Vallecano,26,1998,13.5,33,41.9,78.8,489.8,145.5,19.7,22.1,89,9.56,11.1,86,2.37,5.93,40,0,0.16,0.16,-0.16,1.93,3.33,1.26,0.15,4.59,Matches
164,Diego,es ESP,FW,Leganés,24,2000,13.3,9.1,14.4,63,126.2,24.2,4.66,6.69,69.7,3.16,5.11,61.8,0.45,0.9,50,0,0.02,0.02,-0.02,0.45,0.6,0.23,0.08,1.2,Matches
165,Stole Dimitrievski,mk MKD,GK,Valencia,30,1993,4,17,33.3,51.1,526.3,379,1.5,1.5,100,8.75,9.25,94.6,6.75,22.5,30,0,0,0,0,0,0.75,0,0,0,Matches
166,Yan Diomandé,ci CIV,"MF,FW",Leganés,17,2006,6.1,27.2,32.8,83,365.4,89,16.6,18.4,90.2,9.18,11.3,81.2,0.33,0.98,33.3,0.16,0.15,0.15,0.02,2.3,0.66,1.15,0.16,2.62,Matches
167,Álvaro djaló,es ESP,FW,Athletic Club,24,1999,7.3,11.6,17.5,66.4,178.5,45.9,6.85,8.49,80.6,3.56,6.16,57.8,1.1,1.78,61.5,0,0.12,0.08,-0.12,0.55,0.82,0.82,0.55,1.78,Matches
168,Djené,tg TOG,"DF,MF",Getafe,32,1991,28.3,24.5,32.4,75.6,447.6,177.2,10.4,12.7,81.8,11.1,13.7,81,2.76,5.05,54.5,0,0.02,0.03,-0.02,0.32,2.76,0.46,0.21,2.61,Matches
169,Marko Dmitrović,rs SRB,GK,Leganés,32,1992,32,14.7,32.9,44.7,551,466.9,1.75,1.75,100,5.28,5.34,98.8,7.66,25.6,30,0,0.01,0,-0.01,0.03,0.88,0,0,0.03,Matches
170,Marc Domenech,es ESP,"FW,MF",Mallorca,18,2006,3.4,10,14.4,69.4,136.8,38.8,6.47,8.24,78.6,1.76,2.94,60,0.88,1.47,60,0,0.06,0.09,-0.06,1.47,0,1.18,0.59,1.18,Matches
171,Carlos Dominguez,es ESP,DF,Celta Vigo,23,2001,13.1,65.3,73.8,88.5,1217.9,422.2,19.6,20.7,94.8,41.4,44.4,93.1,3.51,7.1,49.5,0,0.01,0.02,-0.01,0.15,4.89,0,0,5.04,Matches
172,Israel Domínguez,es ESP,FW,Sevilla,21,2003,0.2,10,10,100,120,0,5,5,100,5,5,100,0,0,,0,0,0,0,0,0,0,0,0,Matches
173,Sergi Dominguez,es ESP,DF,Barcelona,19,2005,1.9,90,94.7,95,1668.9,558.9,30,30,100,55.8,58.9,94.6,3.68,5.26,70,0,0,0,0,0,6.84,0,0,6.84,Matches
174,Anastasios Douvikas,gr GRE,FW,Celta Vigo,24,1999,7.8,9.74,13.7,71,137.7,18.8,5,6.79,73.6,3.85,4.74,81.1,0.26,0.26,100,0.13,0.03,0.03,0.1,0.38,0.26,0.13,0,0.77,Matches
175,Domingos Duarte,pt POR,DF,Getafe,29,1995,20.7,24,30.6,78.5,536.3,180.2,5.46,6.81,80.1,14.3,15.9,89.7,4.11,7.44,55.2,0,0,0,0,0.1,2.03,0,0,2.27,Matches
176,Duk,cv CPV,"MF,FW",Leganés,24,2000,2,16.5,26.5,62.3,231.5,67.5,10.5,12.5,84,5.5,8.5,64.7,0,1,0,0,0.35,0.2,-0.35,2.5,0,1,0.5,1.5,Matches
177,Pablo Durán,es ESP,"FW,MF",Celta Vigo,23,2001,15.5,18.3,25.8,71,269.7,47.4,10.1,12.5,80.9,6.32,8,79,1.03,2.39,43.2,0.26,0.18,0.06,0.08,1.1,1.35,0.65,0.19,1.94,Matches
178,Hugo Duro,es ESP,FW,Valencia,24,1999,24.1,12.3,17.8,69.2,170.1,20.4,7.14,9.25,77.1,3.98,5.48,72.7,0.46,0.87,52.4,0.08,0.05,0.02,0.03,0.58,0.75,0.12,0,1.16,Matches
179,Chidera Ejuke,ng NGA,FW,Sevilla,26,1998,10.7,33.9,41.6,81.6,556,104.9,18.6,20.6,90.5,10.9,13.1,83.6,3.46,4.95,69.8,0.09,0.18,0.11,-0.08,1.96,1.68,1.87,0.47,3.55,Matches
180,Aritz Elustondo,es ESP,DF,Real Sociedad,30,1994,16.2,47.8,56,85.4,904,301.2,17.7,18.7,94.4,25.1,27.7,90.4,4.63,7.84,59.1,0,0.01,0.02,-0.01,0.25,3.58,0.12,0,3.15,Matches
181,Adri Embarba,es ESP,"FW,MF",Rayo Vallecano,32,1992,17.9,21.4,33.5,63.9,341,83,12.2,15.2,80.1,5.81,8.72,66.7,2.4,6.59,36.4,0.06,0.15,0.14,-0.09,1.12,1.28,0.95,0.56,2.51,Matches
182,Endrick,br BRA,FW,Real Madrid,18,2006,4,14.8,18.8,78.7,234.8,30,7.75,9.25,83.8,4.5,5.75,78.3,1.5,1.75,85.7,0,0.13,0.05,-0.13,1,0.25,0.5,0,2,Matches
183,Alfonso Espino,uy URU,DF,Rayo Vallecano,32,1992,9.3,39.2,52.8,74.3,609,268.5,21.4,23.7,90.5,15.1,20.1,74.9,2.15,6.56,32.8,0.11,0.06,0.06,0.04,0.54,3.76,0.65,0.54,4.19,Matches
184,Dario Essugo,pt POR,MF,Las Palmas,19,2005,21.5,37.8,44.2,85.4,650.9,183.1,17.1,19.3,88.7,16.5,18.4,89.4,3.4,4.84,70.2,0,0.02,0.03,-0.02,0.6,3.4,0.37,0,3.53,Matches
185,Etienne Eto'o,cm CMR,FW,Rayo Vallecano,21,2002,0.4,2.5,12.5,20,25,7.5,2.5,5,50,0,2.5,0,0,0,,0,0,0.25,0,0,0,0,0,0,Matches
186,Karl Etta,cm CMR,"MF,FW",Villarreal,20,2003,0.4,0,2.5,0,0,0,0,2.5,0,0,0,,0,0,,0,0,0,0,0,0,0,0,0,Matches
187,Edu Expósito,es ESP,MF,Espanyol,27,1996,11.6,27.4,41.8,65.6,516.4,197.2,10.9,12.8,85.8,10.9,15.3,71.2,4.31,10.3,42,0.17,0.28,0.21,-0.1,2.41,3.1,1.21,0.34,5.52,Matches
188,Abde Ezzalzouli,ma MAR,"FW,MF",Betis,22,2001,22,24.6,34.4,71.6,304.3,87.6,17,20.6,82.2,5.95,8.68,68.6,0.5,1.68,29.7,0.09,0.09,0.1,0,1.23,1.91,0.86,0.09,3.09,Matches
189,Ansu Fati,es ESP,FW,Barcelona,21,2002,2.6,40,48.1,83.2,423.1,54.6,29.2,31.9,91.6,6.92,8.85,78.3,0.38,1.15,33.3,0,0.08,0.15,-0.08,1.54,1.15,1.92,0,2.31,Matches
190,Nabil Fekir,fr FRA,MF,Betis,31,1993,2,33.5,41,81.7,526,190.5,19,21.5,88.4,10,11.5,87,3,5,60,0.5,0.25,0.4,0.25,3,2.5,3,1,5,Matches
191,Kiko Femenía,es ESP,DF,Villarreal,33,1991,24.7,54.2,61,88.9,893.8,292.7,27.5,29,94.7,22.8,25.3,90.1,3.32,5.1,65.1,0.04,0.05,0.09,-0.01,0.65,4.37,0.97,0.57,4.53,Matches
192,Aitor Fernández,es ESP,GK,Osasuna,33,1991,1,29,45,64.4,1243,1147,0,0,,10,10,100,19,35,54.3,0,0,0,0,0,1,0,0,0,Matches
193,Álvaro Fernández,es ESP,GK,Sevilla,26,1998,8.3,25.5,39,65.4,666,465.7,6.02,6.02,100,12.9,13,99.1,6.63,19.9,33.3,0,0.01,0,-0.01,0.12,0.72,0,0,0,Matches
194,Pelayo Fernandez,es ESP,DF,Rayo Vallecano,21,2003,1.1,21.8,25.5,85.7,432.7,163.6,10.9,11.8,92.3,7.27,9.09,80,3.64,3.64,100,0,0,0,0,0,0.91,0,0,0.91,Matches
195,Roberto Férnandez,es ESP,FW,Espanyol,22,2002,16.6,11.3,15.6,72.2,134.2,18.7,7.29,8.8,82.9,2.47,3.92,63.1,0.24,0.24,100,0,0.04,0.03,-0.04,0.48,0.54,0.42,0,1.02,Matches
196,Valery Fernández,es ESP,"MF,FW",Mallorca,24,1999,3.4,25.9,29.1,88.9,335.6,62.1,16.5,18.8,87.5,6.76,7.35,92,0.88,0.88,100,0,0,0.03,0,0.29,1.18,0.59,0.29,1.47,Matches
197,André Ferreira,pt POR,GK,Valladolid,28,1996,6,23,32.5,70.8,664,497.5,3.17,3.17,100,12.8,12.8,100,7,16.3,42.9,0,0,0,0,0,0.17,0,0,0,Matches
198,Mateo Flores,es ESP,MF,Betis,20,2004,1.7,32.9,40.6,81.2,561.8,165.9,14.7,17.6,83.3,16.5,18.8,87.5,1.76,2.94,60,0,0,0.06,0,0,1.76,0.59,0.59,5.29,Matches
199,Pablo Fornals,es ESP,"MF,FW",Betis,28,1996,20.3,43.7,54.6,80,710.7,245.6,22.3,25.2,88.3,16.4,20.5,79.9,3.55,5.52,64.3,0,0.16,0.14,-0.16,1.77,4.58,1.63,0.39,7.19,Matches
200,Héctor Fort,es ESP,DF,Barcelona,17,2006,6.5,68.9,76.5,90.1,957.2,225.2,39.7,41.8,94.9,22.2,24.8,89.4,2.31,2.77,83.3,0,0.14,0.2,-0.14,1.54,4.15,0.46,0,4,Matches
201,Dimitri Foulquier,fr FRA,DF,Valencia,31,1993,25.5,39.5,50,78.9,619.2,231.9,21.7,23.2,93.6,15.5,19.6,79.4,1.8,4.55,39.7,0.04,0.05,0.08,-0.02,0.39,3.02,0.59,0.24,3.8,Matches
202,Juan Foyth,ar ARG,DF,Villarreal,26,1998,16.9,49.6,57,87,938.5,386,17.7,18.9,93.4,25.8,28.2,91.6,5.21,8.22,63.3,0,0.02,0.05,-0.02,0.41,3.14,0.47,0.12,3.85,Matches
203,Fran,es ESP,GK,Real Madrid,19,2005,1,19,20,95,386,262,7,7,100,8,8,100,4,5,80,0,0,0,0,0,0,0,0,0,Matches
204,Alejandro Francés,es ESP,DF,Girona,21,2002,13,52.7,62.5,84.3,981.2,291.7,20.8,23,90.6,26.2,27.9,93.7,5.38,9.23,58.3,0,0.02,0.04,-0.02,0.31,5.31,0.46,0.23,4.85,Matches
205,Enric Franquesa,es ESP,"DF,FW",Leganés,27,1997,6.8,23.2,33.1,70.2,369.6,147.6,10.4,12.9,80.7,10.1,13.7,74.2,1.62,3.82,42.3,0,0.01,0.01,-0.01,0.29,0.74,0.29,0.29,1.76,Matches
206,Jorge de Frutos,es ESP,"FW,MF",Rayo Vallecano,27,1997,27.7,16.4,24,68.3,228.6,57.8,10.2,12.6,81,4.58,6.75,67.9,0.79,1.7,46.8,0.11,0.12,0.08,-0.01,1.12,0.79,1.01,0.47,1.59,Matches
207,Darío Fuentes,es ESP,DF,Sevilla,21,2003,0.1,0,20,0,0,0,0,0,,0,20,0,0,0,,0,0,0,0,0,0,0,0,0,Matches
208,Manuel Fuster,es ESP,"FW,MF",Las Palmas,26,1997,11.1,43.1,56.2,76.6,725.7,207.2,22.1,25,88.4,13.7,17.5,78.4,5.41,9.64,56.1,0.09,0.16,0.16,-0.07,2.52,5.05,2.16,0.45,6.4,Matches
209,Javi Galán,es ESP,DF,Atlético Madrid,29,1994,19.8,43,51.9,82.9,637,188.8,25.8,27.8,92.7,13.3,16.6,80.2,2.73,4.39,62.1,0.15,0.2,0.16,-0.05,0.76,2.22,1.11,0.71,2.73,Matches
210,Iñigo Ruiz de Galarreta,es ESP,MF,Athletic Club,30,1993,16.4,41.6,51.5,80.9,778.8,228.6,15.7,18.1,86.5,21.3,23.5,90.6,4.09,7.26,56.3,0.24,0.18,0.16,0.07,1.71,6.16,1.52,0.18,8.35,Matches
211,Conor Gallagher,eng ENG,MF,Atlético Madrid,24,2000,18.1,39.4,46.4,85,546.1,120.2,24.2,26.4,91.8,12.1,14.1,85.9,1.44,2.49,57.8,0.17,0.07,0.06,0.1,0.66,2.6,0.77,0.06,3.54,Matches
212,Facundo Garcés,ar ARG,DF,Alavés,24,1999,7.5,20,26.3,76.1,401.5,167.7,4.67,5.33,87.5,12.8,15.2,84.2,2.27,5.07,44.7,0,0.11,0.09,-0.11,0.4,1.07,0.13,0,1.6,Matches
213,Álvaro García,es ESP,"FW,MF",Rayo Vallecano,31,1992,28.4,19.1,29.6,64.6,293.8,88.9,10.4,13.3,78.1,6.44,9.61,67,1.3,3.63,35.9,0.18,0.18,0.21,0,1.76,0.95,1.55,0.63,2.5,Matches
214,Eric García,es ESP,"DF,MF",Barcelona,23,2001,17.4,70.9,77,92.1,1177.3,409.4,31.1,33.4,93.1,34.2,35.9,95.4,3.68,4.71,78,0.17,0.05,0.09,0.13,0.4,8.16,0.8,0.17,6.26,Matches
215,Fran Garcia,es ESP,DF,Real Madrid,24,1999,24.1,55.8,64.4,86.7,793.2,216.7,34.7,37.1,93.4,16.1,18.8,85.9,2.78,4.56,60.9,0.08,0.07,0.1,0.01,1,3.61,0.95,0.37,4.94,Matches
216,Gonzalo García,es ESP,"FW,DF",Real Madrid,20,2004,0.6,31.7,33.3,95,408.3,33.3,20,21.7,92.3,8.33,8.33,100,1.67,1.67,100,1.67,1.67,1,0,1.67,0,0,0,0,Matches
217,Joan García,es ESP,GK,Espanyol,23,2001,38,23.7,33.1,71.6,670.4,512.9,4.84,4.89,98.9,10.6,10.7,98.8,8.16,17.3,47.2,0,0,0,0,0,0.66,0.03,0,0.03,Matches
218,Pablo Garcia,es ESP,FW,Betis,17,2006,0.4,25,35,71.4,465,45,15,17.5,85.7,7.5,12.5,60,2.5,5,50,0,0,0.5,0,0,0,0,0,0,Matches
219,Rubén García,es ESP,"FW,MF",Osasuna,31,1993,26.8,33.7,45.3,74.3,590.5,148.7,16.5,19.4,84.8,11.3,14.2,79.5,4.44,7.8,56.9,0.19,0.13,0.17,0.05,1.83,2.87,1.16,0.6,4.18,Matches
220,Unai García,es ESP,DF,Osasuna,32,1992,0.7,51.4,54.3,94.7,1150,397.1,5.71,5.71,100,40,42.9,93.3,5.71,5.71,100,0,0,0,0,0,1.43,0,0,4.29,Matches
221,Yarek Gasiorowski,es ESP,DF,Valencia,19,2005,10.5,36.9,45.9,80.3,715,250.2,12,13.7,87.5,20.7,23.5,87.9,4,7.62,52.5,0,0.01,0.03,-0.01,0.29,4.1,0.29,0.1,3.62,Matches
222,Gavi,es ESP,"MF,FW",Barcelona,19,2004,12.1,60.6,67.3,90,896.5,222.1,33.1,34.9,95,21,23.4,89.8,2.89,3.64,79.5,0.08,0.13,0.12,-0.05,1.16,7.6,0.91,0.08,6.36,Matches
223,Paulo Gazzaniga,ar ARG,GK,Girona,32,1992,35.5,27.3,34.1,80,660.9,442.2,6.34,6.37,99.6,15.2,15.5,97.8,5.72,12,47.8,0,0,0,0,0,0.31,0,0,0,Matches
224,Bryan Gil,es ESP,"FW,MF",Girona,23,2001,19.1,32.5,39.7,81.8,463.5,94.7,19.9,22,90.5,10.4,12.5,83.2,1.2,2.62,46,0.16,0.15,0.17,0.01,1.1,1.41,1.73,0.37,3.87,Matches
225,Dani Gómez,es ESP,FW,Valencia,26,1998,5.9,10.5,14.1,74.7,125.6,20.3,7.46,8.47,88,2.54,3.9,65.2,0,0,,0,0,0.02,0,0.17,0.51,0.34,0,1.02,Matches
226,Moi Gómez,es ESP,"MF,FW",Osasuna,30,1994,8.8,45.2,56.1,80.6,751.4,199.5,23.2,26,89.1,16.5,19.3,85.3,4.09,6.82,60,0,0.09,0.13,-0.09,1.25,5.23,1.48,1.02,5.57,Matches
227,Sergi Gómez,es ESP,DF,Espanyol,32,1992,7.4,42,47.3,88.9,827.7,261.1,12,13,92.7,25.8,26.9,96,4.05,7.03,57.7,0,0,0,0,0,0.41,0,0,1.08,Matches
228,Sergio Gómez,es ESP,"MF,DF",Real Sociedad,23,2000,30.4,35.4,47.3,74.8,569.8,152.9,19.3,21.6,89.5,11.3,14.3,78.6,3.55,7.73,46,0.16,0.29,0.25,-0.13,1.84,2.53,0.76,0.36,3.06,Matches
229,Unai Gómez,es ESP,"MF,FW",Athletic Club,21,2003,14.3,15.6,21.3,73.1,239.4,47.8,8.11,10.2,79.5,5.52,6.99,79,1.33,2.52,52.8,0.21,0.06,0.06,0.15,0.7,1.4,0.07,0,1.61,Matches
230,Fabio González,es ESP,MF,Las Palmas,27,1997,0.6,71.7,88.3,81.1,1260,301.7,33.3,40,83.3,30,33.3,90,6.67,8.33,80,0,0,0,0,0,8.33,0,0,10,Matches
231,Peter González,do DOM,"MF,FW",Getafe,22,2002,5.3,16.2,24.7,65.6,224.9,65.5,8.87,11.5,77,5.66,8.3,68.2,0.57,1.7,33.3,0,0.02,0.06,-0.02,0.75,0.19,0.94,0.57,1.13,Matches
232,Urko González,es ESP,MF,Espanyol,23,2001,15.3,21.9,28.2,77.5,376.7,116.6,9.93,12.2,81.3,9.48,11,85.8,1.96,3.14,62.5,0.13,0.05,0.05,0.08,0.65,2.42,0.33,0,4.05,Matches
233,Urko González,es ESP,MF,Real Sociedad,23,2001,0.5,20,34,58.8,342,122,14,22,63.6,2,6,33.3,4,4,100,0,0,0,0,0,0,0,0,2,Matches
234,Andoni Gorosabel,es ESP,DF,Athletic Club,27,1996,16.5,44.6,53.6,83.3,676.5,196.5,24.7,27,91.5,17.8,21.2,84,1.45,2.97,49,0.12,0.11,0.1,0.01,0.91,3.45,0.97,0.61,3.09,Matches
235,José Gragera,es ESP,MF,Espanyol,23,2000,6.3,30.2,34.4,87.6,545.4,134.6,11.7,13.8,85.1,16,16.8,95.3,1.9,2.7,70.6,0,0,0.02,0,0.16,2.22,0,0,2.22,Matches
236,Dominik Greif,sk SVK,GK,Mallorca,27,1997,31,23.7,33.8,70.2,724,572.6,4.16,4.16,100,11.1,11.1,99.7,8.42,18.2,46.3,0,0,0,0,0,0.55,0.06,0,0,Matches
237,Antoine Griezmann,fr FRA,"FW,MF",Atlético Madrid,33,1991,27.4,39.9,53.4,74.8,623.1,170.5,22.6,26.2,86.2,11.6,16.2,72,4.05,6.93,58.4,0.26,0.26,0.24,0,1.75,3.83,1.72,0.4,5.22,Matches
238,Florian Grillitsch,at AUT,MF,Valladolid,28,1995,6.9,41.9,50.6,82.8,795.9,179.9,15.8,17.4,90.8,19.4,21.7,89.3,5.36,8.55,62.7,0,0.1,0.06,-0.1,1.16,4.2,0.72,0,5.51,Matches
239,Vicente Guaita,es ESP,GK,Celta Vigo,37,1987,34,23.5,28.6,82.1,550.8,346.1,5.47,5.5,99.5,12.2,12.4,98.6,5.29,10.1,52.2,0,0,0,0,0,0.06,0,0,0.03,Matches
240,Sergi Guardiola,es ESP,FW,Rayo Vallecano,33,1991,4,14,21,66.7,175.8,48,10.3,13.8,74.5,2.5,4,62.5,0.75,1.25,60,0,0.03,0.05,-0.03,1.25,0.5,0.75,0.25,0.75,Matches
241,Nemanja Gudelj,rs SRB,"MF,DF",Sevilla,32,1991,27.7,43,49.5,86.9,733.6,217.3,19.3,20.5,94.2,20.3,22.1,91.7,2.64,5.27,50,0.04,0.02,0.04,0.01,0.51,2.6,0.25,0,2.31,Matches
242,Javier Guerra,es ESP,MF,Valencia,21,2003,28.7,35.6,45.8,77.9,597.9,186.4,18.1,20.7,87.4,13.8,16.2,85.2,3.03,5.57,54.4,0.1,0.11,0.11,-0.01,0.8,4.15,0.8,0.14,4.77,Matches
243,Ander Guevara,es ESP,MF,Alavés,27,1997,21.6,35.3,46.1,76.6,622.9,183.3,14.7,18,81.7,16.6,20.1,82.3,3.1,5,62,0.05,0.03,0.03,0.02,0.56,4.4,0.51,0.05,5.19,Matches
244,Pape Gueye,sn SEN,MF,Villarreal,25,1999,24.7,36.9,46.3,79.6,680.2,224.9,16.4,18.9,86.9,15.4,17.7,87.4,4.57,7.73,59.2,0,0.04,0.09,-0.04,0.69,4.78,0.93,0.08,6.32,Matches
245,Hugo Guillamón,es ESP,MF,Valencia,24,2000,4,38.5,47,81.9,651.8,187,18.8,21.5,87.2,16,18.8,85.3,3.25,5.75,56.5,0,0,0.07,0,0.5,2.75,1,0.25,3.75,Matches
246,Carlos Guirao,es ESP,MF,Betis,21,2003,1.2,30,38.3,78.3,449.2,97.5,15.8,17.5,90.5,10,10.8,92.3,2.5,4.17,60,0,0,0,0,0,2.5,0,0,1.67,Matches
247,Arda Güler,tr TUR,"MF,FW",Real Madrid,19,2005,13.9,54.9,63.7,86.1,891.4,229.4,29.8,31.7,93.9,19.1,21.5,88.6,4.82,8.06,59.8,0.29,0.32,0.32,-0.04,2.88,5.9,2.23,0.36,6.69,Matches
248,Gerard Gumbau,es ESP,MF,Rayo Vallecano,29,1994,9.4,33.7,44.7,75.5,572.1,175,16.9,19.5,86.9,12,14.7,81.9,3.62,7.98,45.3,0.11,0.14,0.09,-0.03,1.81,3.94,0.32,0.11,4.36,Matches
249,Jon Guridi,es ESP,"MF,FW",Alavés,29,1995,23.1,23.7,31.9,74.2,355.3,87.1,12.8,16.6,77,8.44,10.5,80.2,1.39,2.12,65.3,0.04,0.05,0.05,-0.01,0.74,2.38,0.48,0.13,3.42,Matches
250,Gorka Guruzeta,es ESP,FW,Athletic Club,27,1996,20.4,14.6,20.1,72.5,215.8,32.1,8.33,10.5,79.1,4.8,6.42,74.8,0.78,1.52,51.6,0.1,0.07,0.03,0.02,0.74,1.13,0.1,0,1.52,Matches
251,Miguel Gutiérrez,es ESP,"DF,MF",Girona,23,2001,27.3,45.5,55,82.6,749.6,177.5,23.7,25.6,92.4,17.3,20.3,85.5,3.41,5.97,57.1,0.18,0.15,0.17,0.03,1.5,2.16,1.87,0.99,3.77,Matches
252,Munir El Haddadi,ma MAR,"FW,MF",Leganés,28,1995,9.6,20.9,27.9,75,277.7,68.4,13.1,15.2,86.3,7.08,9.38,75.6,0.21,1.25,16.7,0,0.08,0.05,-0.08,0.83,1.98,0.63,0.1,3.02,Matches
253,Sébastien Haller,ci CIV,FW,Leganés,30,1994,4.5,12,20,60,144,20.7,7.78,11.1,70,2.89,5.33,54.2,0.44,0.89,50,0,0.04,0.04,-0.04,0.22,0.89,0,0,0.89,Matches
254,Henrique,br BRA,DF,Valladolid,30,1994,3.9,43.3,50.5,85.8,689.5,196.4,20.8,22.1,94.2,20.3,22.3,90.8,2.05,4.36,47.1,0,0,0,0,0.51,3.33,0,0,3.08,Matches
255,Javi Hernández,es ESP,DF,Leganés,26,1998,26.5,30.1,40,75.2,467.8,177.5,16.4,19.1,85.8,11.4,14.5,78.9,1.51,4.45,33.9,0.04,0.06,0.05,-0.02,0.64,2.04,0.42,0.15,3.02,Matches
256,Aridane Hernández,es ESP,DF,Rayo Vallecano,35,1989,11.4,40.6,46.2,87.9,730.4,238.1,17.7,19.1,92.7,18.9,20.7,91.5,3.6,5.61,64.1,0,0,0.01,0,0.18,1.58,0,0,3.33,Matches
257,Jorge Herrando,es ESP,DF,Osasuna,23,2001,15.2,41.1,48.2,85.4,761.8,281.5,13.6,14.7,92.8,24.4,26.7,91.4,2.7,5.72,47.1,0,0,0.01,0,0,1.91,0,0,2.5,Matches
258,Ander Herrera,es ESP,MF,Athletic Club,34,1989,3,60.3,66.7,90.5,952,209.3,31.3,33.7,93.1,24.3,27.3,89,3.33,4.33,76.9,0,0.03,0.1,-0.03,0.67,8.33,0.33,0,5.33,Matches
259,Sergio Herrera,es ESP,GK,Osasuna,31,1993,37,23.5,33.7,69.9,785.7,631.9,2.65,2.68,99,10.5,10.7,98,10.4,20.2,51.5,0,0,0,0,0,0.78,0,0,0.05,Matches
260,Yangel Herrera,ve VEN,MF,Girona,26,1998,25.1,34.6,42.5,81.3,569.6,145.7,17.1,19.1,89.4,14.5,17,85.5,2.19,3.98,55,0.12,0.06,0.05,0.06,0.68,3.86,0.52,0.12,4.38,Matches
261,Juan Herzog,es ESP,DF,Las Palmas,21,2003,14.6,38.3,44.3,86.4,713.6,215.8,13,14.2,91.3,21.4,23.2,92.3,3.22,5.55,58,0,0,0,0,0,1.16,0,0,1.85,Matches
262,Omar El Hilali,ma MAR,DF,Espanyol,20,2003,35,35.6,45.1,78.9,668.3,249.1,14,15.7,89.1,17.2,20.4,84.2,3.91,7.4,52.9,0.06,0.02,0.04,0.03,0.23,2.31,0.31,0.17,2.4,Matches
263,Roger Hinojo,es ESP,DF,Espanyol,19,2005,0.1,50,100,50,510,30,40,50,80,10,10,100,0,20,0,0,0,0,0,0,0,0,0,0,Matches
264,Dinko Horkaš,hr CRO,GK,Las Palmas,25,1999,12.1,32.8,43.4,75.6,873.6,614.3,5.95,5.95,100,17.9,18.3,98.2,8.84,18.8,46.9,0,0,0,0,0,0.99,0,0,0.17,Matches
265,Pablo Ibáñez,es ESP,MF,Osasuna,25,1998,14.4,26.7,35.6,74.9,433.8,93.5,13.5,16.7,80.5,10.4,13.3,78.5,1.88,2.99,62.8,0.07,0.11,0.03,-0.04,0.42,2.43,0.28,0.14,3.54,Matches
266,Stanis Idumbo,be BEL,"FW,MF",Sevilla,19,2005,3.2,19.7,23.8,82.9,313.4,67.8,10.6,12.2,87.2,7.5,8.13,92.3,1.56,2.5,62.5,0.31,0.22,0.03,0.09,1.88,0.63,0.31,0,2.5,Matches
267,Iglesias,es ESP,DF,Getafe,26,1998,32.1,21.4,37.4,57.1,409,212.8,9.13,12,76.1,9.38,15.1,62.1,2.59,8.13,31.8,0.03,0.07,0.06,-0.04,0.62,2.62,0.75,0.44,2.62,Matches
268,Borja Iglesias,es ESP,FW,Celta Vigo,31,1993,21.7,15.9,22.5,70.8,229.5,37.8,9.03,11.6,78.1,4.79,6.13,78.2,0.92,1.47,62.5,0.14,0.15,0.06,-0.01,0.83,0.92,0.41,0,1.29,Matches
269,Kelechi Iheanacho,ng NGA,FW,Sevilla,27,1996,4.4,13.6,18.2,75,188.9,28.4,8.18,10,81.8,3.41,5.68,60,0.91,1.14,80,0,0.07,0.05,-0.07,1.14,0.23,0.23,0,1.14,Matches
270,Isco,es ESP,MF,Betis,32,1992,17.2,55.6,68.2,81.6,931.8,268.3,28.1,30.9,90.8,18.5,21.5,85.9,6.34,10.6,59.9,0.47,0.26,0.23,0.21,3.55,6.98,1.8,0.29,8.84,Matches
271,Diego Iturralde,es ESP,FW,Sevilla,21,2003,0.4,12.5,17.5,71.4,132.5,0,10,10,100,2.5,5,50,0,0,,0,0,0,0,0,0,0,0,0,Matches
272,Ivan Jaime Pajuelo,es ESP,MF,Valencia,23,2000,3.3,24.2,32.1,75.5,369.7,118.5,14.2,16.1,88.7,8.48,10.6,80,0.91,2.42,37.5,0,0.09,0.09,-0.09,1.21,1.52,2.42,0.3,4.55,Matches
273,Karl Jakob Hein,ee EST,GK,Valladolid,22,2002,31,27.6,37.6,73.4,800.7,559,4.06,4.06,100,15.2,15.4,99,8.32,18.1,45.9,0,0,0,0,0,0.71,0,0,0,Matches
274,Adnan Januzaj,be BEL,"MF,FW",Las Palmas,29,1995,6.6,36.7,53,69.1,698.5,222.6,15.2,17.3,87.7,15.6,20.2,77.4,5.15,12,43,0.15,0.17,0.24,-0.02,2.58,4.24,2.12,0.61,6.21,Matches
275,Mikel Jauregizar,es ESP,MF,Athletic Club,20,2003,24.9,36.3,45,80.6,673.7,186,14.7,17,86.8,16.4,19.3,85.2,4.62,6.91,66.9,0.04,0.06,0.05,-0.02,0.92,4.26,0.44,0.04,4.74,Matches
276,John Joe,ie IRL,"MF,FW",Getafe,20,2003,0.5,32,40,80,386,96,24,26,92.3,4,8,50,2,2,100,0,0,0,0,0,0,0,0,0,Matches
277,Jofre,es ESP,"MF,FW",Espanyol,23,2001,24.1,14.6,21.8,67,222.1,59,7.97,9.79,81.4,5.19,7.76,66.8,0.91,2.12,43.1,0.12,0.1,0.08,0.02,1,0.71,0.62,0.37,1.99,Matches
278,Frenkie de Jong,nl NED,MF,Barcelona,27,1997,12.7,85.4,90.4,94.4,1329,370.2,45.3,46.3,97.8,31.8,33.2,95.7,5.35,6.14,87.2,0.16,0.16,0.16,0,1.65,11,0.94,0,9.45,Matches
279,Joan Jordán,es ESP,MF,Alavés,30,1994,15.7,43.6,58.3,74.9,829,262.2,19.4,22.1,87.6,16.8,20.7,80.9,6.37,12.6,50.5,0.13,0.15,0.17,-0.02,1.97,6.5,0.96,0.32,6.62,Matches
280,Juanmi,es ESP,"FW,MF",Getafe,31,1993,7.7,13.6,17.8,76.6,196.5,33,8.44,10.3,82.3,3.51,4.16,84.4,1.04,1.3,80,0,0.04,0.03,-0.04,0.52,0.39,0.52,0,1.04,Matches
281,Juanmi,es ESP,"FW,MF",Betis,31,1993,2.7,21.5,25.9,82.9,249.6,56.7,18.1,20,90.7,2.22,2.96,75,0.74,0.74,100,0,0.15,0.04,-0.15,1.48,0.74,0.37,0,1.48,Matches
282,Juanpe,es ESP,DF,Girona,33,1991,8.1,62.6,71.7,87.3,1300,422.3,16.5,17.9,92.4,38.1,40.4,94.5,7.65,12.3,62,0,0.02,0.01,-0.02,0.37,3.95,0.12,0,3.21,Matches
283,Luiz Lúcio Reis Júnior,br BRA,GK,Villarreal,23,2001,16.2,22.2,30.3,73.1,577.4,414.6,5.68,5.74,98.9,9.88,10.1,97.6,6.17,14,44.2,0,0,0,0,0,0.37,0,0,0,Matches
284,Vinicius Júnior,br BRA,FW,Real Madrid,24,2000,25,26.9,36,74.7,417.3,100.9,15.3,18.5,82.9,7.84,10,78.4,2.48,3.84,64.6,0.32,0.32,0.28,0,2.32,2.12,1.44,0.24,3.4,Matches
285,Stanko Jurić,hr CRO,MF,Valladolid,27,1996,19.2,33.1,39.3,84.2,544.5,156,15.6,17.8,88,14.9,16.7,89.7,1.82,3.18,57.4,0,0.03,0.02,-0.03,0.21,2.08,0.21,0,2.97,Matches
286,Willy Kambwala,fr FRA,DF,Villarreal,19,2004,12.4,42,47.9,87.7,775.9,275,15.5,16.7,92.8,22.9,24.3,94.4,3.23,5.81,55.6,0,0.01,0.01,-0.01,0.08,0.73,0.08,0,1.29,Matches
287,Abdoulaye Keita,es ESP,"FW,MF",Getafe,21,2002,1.1,13.6,24.5,55.6,233.6,60,7.27,10,72.7,5.45,5.45,100,0.91,5.45,16.7,0,0,0.09,0,0,2.73,0.91,0.91,1.82,Matches
288,Kenedy,br BRA,"MF,FW",Valladolid,28,1996,0.1,10,20,50,100,0,10,20,50,0,0,,0,0,,0,0,0,0,0,0,0,0,0,Matches
289,Kiké,es ESP,FW,Alavés,34,1989,28.2,13.6,20.9,65.3,187.2,32.4,8.23,10.9,75.6,3.76,5.99,62.7,0.71,1.6,44.4,0,0.03,0.06,-0.03,0.46,1.06,0.21,0.04,1.77,Matches
290,Koke,es ESP,MF,Atlético Madrid,32,1992,21.4,67.5,76.6,88,1065.3,328.4,35.7,38.5,92.6,24.6,27,91.3,4.81,7.38,65.2,0.05,0.07,0.1,-0.02,0.75,6.26,1.03,0.28,6.17,Matches
291,Jules Koundé,fr FRA,DF,Barcelona,25,1998,28.9,64.2,74,86.7,994.3,286.5,32.7,35.3,92.7,27.3,31.2,87.5,2.53,4.15,60.8,0.1,0.13,0.13,-0.03,1.11,5.33,1,0.28,5.71,Matches
292,Alex Král,cz CZE,MF,Espanyol,26,1998,30.2,19.9,27.7,71.9,335.6,86.7,9.7,12.1,80.1,8.15,9.97,81.7,1.66,3.41,48.5,0.03,0.05,0.05,-0.02,0.4,2.45,0.4,0.13,2.58,Matches
293,Ladislav Krejčí,cz CZE,DF,Girona,25,1999,27.1,71,78.8,90.1,1296.3,458.2,26.3,27.6,95.2,39.3,41.6,94.5,4.76,8.23,57.8,0,0.01,0.03,-0.01,0.3,5.54,0.44,0.07,5.31,Matches
294,Takefusa Kubo,jp JPN,"MF,FW",Real Sociedad,23,2001,26.4,26.3,36.4,72.1,376.4,112.2,16.1,18.9,85,7.01,9.81,71.4,1.78,3.67,48.5,0,0.17,0.14,-0.17,1.7,2.23,1.7,0.42,4.17,Matches
295,Marash Kumbulla,al ALB,DF,Espanyol,24,2000,33,36,42.6,84.5,709.8,260.4,11.3,12.4,91.7,20.1,21.5,93.4,4.33,7.85,55.2,0,0,0.01,0,0.03,1.3,0.12,0.06,2.15,Matches
296,Luca de la Torre,us USA,MF,Celta Vigo,26,1998,0,4,5,80,55,0,2,2,100,2,2,100,0,0,,0,0,0,0,0,0,0,0,0,Matches
297,Yoel Lago,es ESP,DF,Celta Vigo,20,2004,6.5,60.6,65.5,92.5,1149.2,453.5,18.5,19.4,95.2,36.6,37.5,97.5,5.23,8.31,63,0.15,0.02,0.02,0.14,0.15,3.85,0,0,4.77,Matches
298,Cyle Larin,ca CAN,FW,Mallorca,29,1995,19.6,10.9,16.2,67.5,135.5,20.4,7.09,9.23,76.8,2.7,4.34,62.4,0.31,0.46,66.7,0.1,0.07,0.02,0.03,0.41,0.56,0.15,0,1.02,Matches
299,Juanmi Latasa,es ESP,FW,Valladolid,23,2001,15.5,9.94,16.8,59.2,149.1,27.1,5.74,8.32,69,2.77,5.35,51.8,0.71,1.23,57.9,0,0.06,0.03,-0.06,0.84,0.71,0.32,0.06,1.1,Matches
300,Toni Lato,es ESP,DF,Mallorca,26,1997,6.9,34.2,45.5,75.2,598.7,220.6,16.8,20.1,83.5,14.5,18.4,78.7,2.9,5.8,50,0,0.06,0.12,-0.06,0.87,2.75,1.59,1.45,3.77,Matches
301,Robin Le Normand,es ESP,DF,Atlético Madrid,27,1996,23.9,49.1,54.3,90.4,841.2,260.7,19.5,20.8,94.2,26.1,27.3,95.4,2.59,4.85,53.4,0,0.02,0.04,-0.02,0.13,1.72,0.08,0,2.3,Matches
302,Florian Lejeune,fr FRA,DF,Rayo Vallecano,33,1991,36.9,46.8,55.9,83.8,1013.5,429.3,13.1,14.5,89.9,26.6,28.3,94.1,7.05,12.3,57.1,0.08,0.05,0.03,0.03,0.38,4.55,0.19,0.08,3.88,Matches
303,Iñigo Lekue,es ESP,DF,Athletic Club,31,1993,8.6,40.1,51,78.6,682.9,231.7,17.7,20,88.4,19,23,82.3,2.67,6.05,44.2,0,0.06,0.06,-0.06,0.93,3.6,0.23,0.23,4.07,Matches
304,Thomas Lemar,fr FRA,MF,Atlético Madrid,28,1995,0.9,63.3,75.6,83.8,992.2,358.9,31.1,33.3,93.3,24.4,27.8,88,4.44,8.89,50,0,0.22,0.22,-0.22,2.22,1.11,4.44,0,8.89,Matches
305,Clément Lenglet,fr FRA,DF,Atlético Madrid,29,1995,21.9,54.5,62.3,87.5,1094.4,445.9,17.8,19,93.8,29.5,31.3,94,6.89,11,62.7,0.05,0.05,0.03,0,0.23,3.38,0,0,3.61,Matches
306,Robert Lewandowski,pl POL,FW,Barcelona,35,1988,29.6,12.9,17.6,73.4,164.1,30.4,8.24,10,82.2,3.07,4.02,76.5,0.44,0.91,48.1,0.07,0.08,0.05,-0.01,0.64,1.05,0.3,0,1.62,Matches
307,Samuel Lino,br BRA,"MF,DF",Atlético Madrid,24,1999,17.2,37.9,47.7,79.4,575.9,137.4,21.6,24.3,89,11.8,14.7,80.6,2.91,4.42,65.8,0.23,0.17,0.13,0.06,1.28,2.38,1.4,0.35,4.24,Matches
308,Javier Llabrés,es ESP,FW,Mallorca,21,2002,0.6,33.3,40,83.3,490,146.7,20,20,100,11.7,16.7,70,1.67,3.33,50,0,0.17,0.17,-0.17,1.67,0,1.67,1.67,5,Matches
309,Diego Llorente,es ESP,DF,Betis,30,1993,28,49.4,57,86.7,979.5,318.6,14.5,15.9,91.3,29.3,31.1,93.9,5.25,8.89,59,0,0.01,0.01,-0.01,0.21,2.43,0.11,0,2.89,Matches
310,Marcos Llorente,es ESP,"DF,MF",Atlético Madrid,29,1995,27.9,47.9,56,85.5,720.2,204.1,26.7,28.8,92.8,16.5,18.9,87.1,2.87,4.41,65,0.14,0.15,0.11,-0.01,1,3.23,0.93,0.5,3.98,Matches
311,Giovani Lo Celso,ar ARG,"MF,FW",Betis,28,1996,16.2,47.3,59.9,79,767.9,265.9,23.6,26.8,88.2,16.4,20.1,81.5,4.57,8.33,54.8,0.19,0.3,0.32,-0.12,2.65,5.49,2.53,0.06,8.15,Matches
312,Enzo Loiodice,fr FRA,MF,Las Palmas,23,2000,7.6,49.6,58.3,85.1,846.7,207.4,23.6,26.7,88.2,20.3,23.3,87,4.34,5.53,78.6,0,0.03,0.03,-0.03,0.66,3.95,0.13,0,4.08,Matches
313,David López,es ESP,DF,Mallorca,21,2003,1.9,22.6,27.9,81.1,401.6,140.5,10.5,10.5,100,11.1,11.6,95.5,1.05,4.74,22.2,0,0,0,0,0,0,0.53,0,2.11,Matches
314,David López,es ESP,DF,Girona,34,1989,27,69.6,75.6,92.1,1325,459.4,22.3,23.4,95.1,41.6,43.3,96.1,5.33,8,66.7,0.04,0.02,0.05,0.01,0.15,5.37,0.22,0,4.89,Matches
315,Diego López,es ESP,"MF,FW",Valencia,22,2002,30.4,22.4,31,72.1,346.7,82.3,12.3,15,81.6,8.26,10.5,78.4,1.22,2.01,60.7,0.16,0.16,0.15,0,1.25,1.41,1.12,0.3,2.8,Matches
316,Fer López,,"FW,MF",Celta Vigo,,,7.5,29.3,34.7,84.6,493.5,112.9,14.3,15.6,91.5,12.1,14.1,85.8,2.27,2.93,77.3,0,0.25,0.19,-0.25,1.87,2.53,1.6,0,5.73,Matches
317,Fermin López,es ESP,"MF,FW",Barcelona,21,2003,13.9,39.7,48.6,81.8,604.2,153.1,22.5,25.2,89.4,12.5,15.1,82.9,2.66,4.53,58.7,0.36,0.28,0.31,0.08,2.09,4.68,1.44,0.43,5.68,Matches
318,Javi López,es ESP,DF,Real Sociedad,22,2002,21.5,37.9,48.3,78.4,609.1,222.5,20.7,22.7,91.4,14.1,18.6,76.2,2.47,4.65,53,0,0.02,0.05,-0.02,0.23,2.28,0.65,0.33,3.4,Matches
319,Pau López,es ESP,GK,Girona,29,1994,0.5,36,48,75,1090,828,4,4,100,24,24,100,8,20,40,0,0,0.2,0,0,4,2,0,0,Matches
320,Roberto López,es ESP,MF,Leganés,24,2000,4.4,34.5,47.3,73.1,555.2,167,18.4,22,83.5,9.77,11.6,84.3,4.09,8.86,46.2,0.23,0.2,0.11,0.02,2.27,5,0.45,0.23,4.55,Matches
321,Unai López,es ESP,MF,Rayo Vallecano,28,1995,19,54.8,65.1,84.2,928.3,232.9,26.4,28.8,91.8,23.1,25.8,89.6,4.53,8.47,53.4,0.05,0.05,0.07,0,1,5.58,0.58,0.11,5.89,Matches
322,Iker Losada,es ESP,"FW,MF",Celta Vigo,22,2001,4,24,32,75,362,91.5,14,17,82.4,8,10.3,78,1.25,2,62.5,0,0.07,0.15,-0.07,1.25,3.5,1.5,0.5,4.25,Matches
323,Iker Losada,es ESP,"MF,FW",Betis,22,2001,3.7,28.9,38.4,75.4,384.1,89.5,19.7,23.5,83.9,6.76,9.19,73.5,1.08,2.16,50,0,0.08,0.05,-0.08,1.62,1.08,1.35,0.27,3.78,Matches
324,Pol Lozano,es ESP,MF,Espanyol,24,1999,21.6,32.1,38.3,83.8,571.8,191.6,13.6,15.2,89.1,14.7,16.9,86.8,3.1,4.35,71.3,0.05,0.04,0.05,0.01,0.79,4.4,0.51,0.19,5.32,Matches
325,José Luis Gayà,es ESP,DF,Valencia,29,1995,20,38.8,49.8,77.8,682.8,203.4,17.8,19.8,89.6,16.9,20.2,83.9,3.65,7.65,47.7,0.05,0.13,0.16,-0.08,1.2,2.2,1.55,1.15,2.95,Matches
326,Dodi Lukebakio,be BEL,FW,Sevilla,26,1997,34.4,22.7,30.6,74.1,354.8,77.2,13.5,15.4,87.7,6.66,8.92,74.6,1.98,4.39,45,0.06,0.13,0.12,-0.07,1.57,1.45,0.7,0.17,2.7,Matches
327,Daniel Luna,co COL,MF,Mallorca,21,2003,0.2,40,65,61.5,440,80,25,30,83.3,10,25,40,0,5,0,0,0,0,0,0,5,0,0,0,Matches
328,Andriy Lunin,ua UKR,GK,Real Madrid,25,1999,7,24.9,28.9,86.1,607.4,391.6,6.57,6.71,97.9,11.7,11.7,100,6.43,10,64.3,0.14,0.13,0,0.01,0.14,0.14,0,0,0,Matches
329,Darwin Machís,ve VEN,"MF,FW",Valladolid,31,1993,7.1,22.5,37.7,59.7,412,121.8,10.4,12.4,84.1,7.89,12.5,62.9,3.24,9.72,33.3,0.14,0.07,0.13,0.07,1.13,2.39,0.7,0.56,2.68,Matches
330,Pablo Maffeo,es ESP,DF,Mallorca,27,1997,26.3,28,39.5,70.8,476.1,197.2,14.3,15.9,90.2,10.2,14.2,71.4,3.08,7.22,42.6,0.08,0.16,0.13,-0.08,1.1,1.86,1.29,0.95,2.81,Matches
331,Jon Magunazelaia,es ESP,MF,Real Sociedad,23,2001,0.1,70,130,53.8,1170,300,30,70,42.9,40,40,100,0,0,,0,0,1,0,0,0,0,0,10,Matches
332,Giorgi Mamardashvili,ge GEO,GK,Valencia,23,2000,34,21.5,31.8,67.8,605.3,444.4,3.85,3.85,100,11.6,11.7,98.7,6.12,16.1,38,0,0,0,0,0.06,0.32,0.03,0,0,Matches
333,Reinildo Mandava,mz MOZ,DF,Atlético Madrid,30,1994,10.5,49,58.3,84.2,747.8,282.8,27,28.8,94,19.4,23.5,82.6,1.9,4.29,44.4,0,0.01,0.02,-0.01,0.19,2.29,0.19,0,3.24,Matches
334,Javier Manquillo,es ESP,DF,Celta Vigo,30,1994,5.7,58.8,65.4,89.8,971.4,277.5,27.4,29.6,92.3,28.6,30.2,94.8,2.28,4.04,56.5,0,0,0.02,0,0,3.86,0.35,0,4.21,Matches
335,Marcão,br BRA,DF,Sevilla,28,1996,6.1,46.6,51.6,90.2,831.6,335.9,20,20.5,97.6,22.3,23.9,93.2,4.1,6.07,67.6,0,0,0.02,0,0,2.3,0,0,3.11,Matches
336,Óscar de Marcos,es ESP,DF,Athletic Club,35,1989,17.4,46,58,79.2,824,309.9,20.6,23.3,88.4,20.4,24.4,83.7,4.83,8.16,59.2,0.23,0.15,0.13,0.08,1.09,5.8,1.44,0.92,5.86,Matches
337,Alberto Marí,es ESP,FW,Valencia,23,2001,0.1,20,40,50,330,70,10,10,100,10,10,100,0,10,0,0,0,0,0,0,0,0,0,10,Matches
338,José María Giménez,uy URU,DF,Atlético Madrid,29,1995,22.2,56.3,61.4,91.8,1144.6,432.6,16.5,17.5,94.3,31.8,33.2,95.8,7.3,9.64,75.7,0.05,0.01,0.01,0.04,0.09,2.75,0,0,2.88,Matches
339,Arkaitz Mariezkurrena,es ESP,"FW,MF",Real Sociedad,19,2005,2.7,17.4,25.2,69.1,245.2,46.3,12.2,15.6,78.6,4.44,5.19,85.7,0.37,1.48,25,0,0.04,0.07,-0.04,0.74,0.37,1.48,0.37,1.48,Matches
340,Pablo Marín,es ESP,MF,Real Sociedad,21,2003,13.8,27.1,33.8,80.1,431.3,79,12.5,15.1,82.8,12,14.1,84.6,1.67,2.54,65.7,0.14,0.07,0.06,0.07,1.01,2.75,0.65,0.14,3.26,Matches
341,Mika Mármol,es ESP,DF,Las Palmas,23,2001,26.7,41.6,56,74.4,752.5,336.7,18.7,21,89.1,17.6,21.7,81.2,4.68,11.2,41.9,0.04,0.06,0.07,-0.02,0.6,4.46,0.6,0.26,3.97,Matches
342,Mario Maroto,es ESP,MF,Valladolid,20,2003,0.7,44.3,58.6,75.6,811.4,160,20,22.9,87.5,20,25.7,77.8,4.29,5.71,75,1.43,0.14,0,1.29,1.43,4.29,0,0,2.86,Matches
343,Unai Marrero,es ESP,GK,Real Sociedad,22,2001,2,23,28.5,80.7,577.5,341,4.5,4.5,100,12.5,13,96.2,6,10.5,57.1,0,0,0,0,0,0,0,0,0,Matches
344,Carlos Martín,es ESP,"FW,MF",Alavés,22,2002,14.8,17.6,27,65.3,254.5,61.8,9.53,13.2,71.9,6.55,8.85,74,0.74,2.23,33.3,0.14,0.18,0.09,-0.05,0.88,1.01,0.47,0.27,1.42,Matches
345,Diego Martín,es ESP,FW,Las Palmas,20,2003,0.4,20,37.5,53.3,307.5,100,12.5,17.5,71.4,5,10,50,2.5,5,50,0,0,0,0,0,2.5,0,0,5,Matches
346,Gerard Martín,es ESP,DF,Barcelona,22,2002,11.5,57,68.6,83.1,866.5,240,30.3,33.5,90.6,23.3,26.4,88.2,2,4.35,46,0.26,0.1,0.15,0.17,1.04,2.35,1.39,0.35,3.48,Matches
347,Iván Martín,es ESP,MF,Girona,25,1999,22.7,55.1,61.1,90.2,868.3,168.5,27.8,30,92.6,22.5,24.3,92.4,3.17,3.74,84.7,0.04,0.08,0.09,-0.04,0.97,4.45,0.66,0.13,5.77,Matches
348,Jon Martin,es ESP,DF,Real Sociedad,18,2006,10,46.8,53.9,86.8,913,297.5,13.6,15.5,87.7,29.2,31.4,93,3.7,5.9,62.7,0.1,0.02,0.02,0.08,0.4,1.9,0.2,0,3.4,Matches
349,Mario Martín,es ESP,MF,Valladolid,20,2004,19.4,34.9,41.3,84.5,617.8,152.3,14.3,16.4,87.1,16.4,18,91.4,2.94,4.38,67.1,0.05,0.07,0.06,-0.02,0.62,2.68,0.15,0.05,3.4,Matches
350,Arnau Martinez,es ESP,"DF,MF",Girona,21,2003,29.2,54.9,63.5,86.4,884.5,236.7,27.6,29.6,93.3,23.5,26.4,89,3.05,5.14,59.3,0.07,0.08,0.06,-0.01,0.62,5.31,0.48,0.14,5.55,Matches
351,Iñigo Martínez,es ESP,DF,Barcelona,33,1991,27.7,80,87.9,91,1512.3,526.2,29.6,31.3,94.7,42.2,44.4,95,7.51,10.4,72.2,0.14,0.09,0.06,0.05,0.58,9.35,0.32,0.04,9.39,Matches
352,Javi Martínez,es ESP,MF,Osasuna,24,1999,0.1,90,90,100,1260,550,60,60,100,30,30,100,0,0,,0,0,0,0,0,10,0,0,10,Matches
353,Ramón Martínez,es ESP,DF,Sevilla,21,2002,2.9,41,44.8,91.5,826.6,186.6,11.7,11.7,100,23.1,25.9,89.3,5.86,6.55,89.5,0,0.03,0,-0.03,0.34,3.45,0,0,1.72,Matches
354,Toni Martínez,es ESP,FW,Alavés,27,1997,11.2,12.5,21.4,58.3,149.6,25,8.57,11.8,72.7,2.86,5.98,47.8,0.27,0.89,30,0,0.05,0.08,-0.05,0.98,0.98,0.36,0.09,0.98,Matches
355,Javi Martón,es ESP,"FW,MF",Athletic Club,25,1999,0.6,10,11.7,85.7,113.3,3.33,6.67,8.33,80,3.33,3.33,100,0,0,,0,0,0,0,0,1.67,0,0,0,Matches
356,Marvin,es ESP,"DF,FW",Las Palmas,24,2000,11.5,32.2,43.7,73.7,542,166.8,15.8,18.1,87.5,12.8,16.7,76.6,2.7,5.39,50,0,0.1,0.1,-0.1,0.52,2.09,1.22,0.87,2.61,Matches
357,Omar Mascarell,gq EQG,MF,Mallorca,31,1993,22.1,36.6,43.6,84,644.4,178.1,16.7,18.4,91.1,15.3,17.1,89.7,3.67,6.02,60.9,0,0.01,0.01,-0.01,0.14,3.26,0.14,0,3.39,Matches
358,Jaime Mata,es ESP,"FW,MF",Las Palmas,35,1988,7.3,17.4,25.6,67.9,248.9,38.6,10.4,13.8,75.2,5.07,7.12,71.2,0.96,1.78,53.8,0,0.01,0.04,-0.01,0.41,1.1,0.41,0.14,1.37,Matches
359,Borja Mayoral,es ESP,FW,Getafe,27,1997,12.4,15.9,20.5,77.6,231.9,37,9.11,10.7,85,4.6,5.65,81.4,1.05,1.37,76.5,0.08,0.07,0.02,0.01,0.65,0.89,0.16,0,1.05,Matches
360,Kylian Mbappé,fr FRA,FW,Real Madrid,25,1998,32.3,29.4,35.4,82.9,421.7,73.7,17.8,20.2,88.2,7.74,9.04,85.6,1.92,2.41,79.5,0.09,0.24,0.2,-0.15,1.58,2.32,1.61,0.09,4.33,Matches
361,Oliver McBurnie,sct SCO,FW,Las Palmas,28,1996,20.4,13.5,20.5,65.9,166.2,38.2,9.07,12.4,73.1,3.09,5.2,59.4,0.29,0.44,66.7,0.29,0.14,0.05,0.16,1.18,1.13,0.34,0.05,1.32,Matches
362,Scott McKenna,sct SCO,DF,Las Palmas,27,1996,27.4,46.6,53.7,86.7,863,287.4,16.1,17.5,92.1,26.8,29.2,91.8,3.1,5.77,53.8,0,0.03,0.01,-0.03,0.15,1.82,0.04,0,1.64,Matches
363,Mateo Mejía,es ESP,FW,Sevilla,21,2003,0.1,0,10,0,0,0,0,10,0,0,0,,0,0,,0,0,0,0,0,0,0,0,0,Matches
364,Arthur Melo,br BRA,MF,Girona,27,1996,10.5,63.6,68.9,92.4,1155.4,242.4,24.4,25.7,94.8,32.5,34.4,94.5,5.81,7.05,82.4,0,0.02,0.06,-0.02,0.48,6.67,0.38,0.1,6.67,Matches
365,Brais Méndez,es ESP,MF,Real Sociedad,27,1997,17,37.1,47.6,77.9,563.1,160.3,21,23.9,87.9,11.8,14.8,80.1,2.71,5.47,49.5,0.12,0.12,0.14,0,1.35,4,0.76,0.18,5.35,Matches
366,Ferland Mendy,fr FRA,DF,Real Madrid,29,1995,11.2,56.3,59.9,93.9,811.7,217.1,34.6,35.6,97,17.8,18.9,93.9,2.86,3.39,84.2,0.09,0.04,0.06,0.04,0.27,3.93,0.09,0,3.21,Matches
367,Nobel Mendy,fr FRA,DF,Betis,19,2004,1.2,38.3,44.2,86.8,901.7,370,10.8,10.8,100,20.8,22.5,92.6,6.67,10.8,61.5,0,0,0,0,0,4.17,0,0,2.5,Matches
368,Víctor Meseguer,es ESP,MF,Valladolid,25,1999,4.6,32.2,41.1,78.3,491.7,152.8,16.5,19.3,85.4,12.4,15.4,80.3,1.3,2.39,54.5,0,0,0.07,0,0.22,3.7,0.22,0.22,4.78,Matches
369,Miguel,es ESP,FW,Leganés,24,1999,19.2,7.24,12.3,58.6,105.3,19.8,4.01,5.94,67.5,2.4,3.75,63.9,0.31,0.78,40,0.16,0.07,0.04,0.08,0.36,0.47,0.26,0.05,0.83,Matches
370,Éder Militão,br BRA,DF,Real Madrid,26,1998,10.4,61.2,68.5,89.3,1259.1,445.5,18.2,19.3,94,35.8,37.9,94.4,6.92,10.6,65.5,0.1,0.05,0.02,0.05,0.58,5.38,0.29,0,4.42,Matches
371,Luis Milla,es ESP,MF,Getafe,29,1994,31.9,35.4,48.2,73.5,642.5,192.9,16,18.2,88.1,13.8,17.1,80.3,4.7,10.5,44.6,0.13,0.12,0.15,0,2.19,4.67,0.82,0.31,4.76,Matches
372,Pere Milla,es ESP,"MF,FW",Espanyol,31,1992,5.1,19,32.4,58.8,334.7,89.4,8.43,12.2,69.4,7.25,10.6,68.5,2.55,5.49,46.4,0,0.06,0.06,-0.06,0.98,1.76,0.98,0,2.55,Matches
373,Óscar Mingueza,es ESP,"MF,DF",Celta Vigo,25,1999,30.3,55.8,72.5,77,983.6,389.9,25.4,28.1,90.4,23.4,29.5,79.4,5.71,11.5,49.7,0.2,0.18,0.21,0.01,1.16,5.81,2.28,0.36,6.6,Matches
374,Kim Minsu,kr KOR,"MF,FW",Girona,18,2006,0.2,45,50,90,525,40,25,30,83.3,15,15,100,0,0,,0,0,0,0,0,0,0,0,0,Matches
375,Bojan Miovski,mk MKD,FW,Girona,25,1999,9.7,8.87,11.6,76.1,129.9,10.9,5.05,5.98,84.5,3.4,4.33,78.6,0.31,0.31,100,0.1,0.02,0.02,0.08,0.41,0.21,0.1,0.1,0.41,Matches
376,Rafa Mir,es ESP,"FW,MF",Valencia,27,1997,8.4,17.1,23.8,72,264.8,47.7,9.05,11.2,80.9,6.07,7.5,81,1.31,2.5,52.4,0.24,0.08,0.06,0.15,0.48,1.79,0.48,0.24,2.38,Matches
377,Luka Modrić,hr CRO,MF,Real Madrid,38,1985,20.3,84.9,97,87.6,1465,475.2,40.9,43.7,93.6,32.2,35.4,91.1,9.16,13.8,66.2,0.3,0.34,0.31,-0.05,3.25,11.1,1.67,0.1,10.2,Matches
378,Johan Mojica,co COL,DF,Mallorca,31,1992,30.6,39.8,53.6,74.2,704,304,20.1,22.8,88.4,14.3,18.4,77.8,4.77,9.35,51,0.07,0.13,0.14,-0.07,1.31,3.33,1.73,1.08,4.25,Matches
379,Alberto Moleiro,es ESP,"FW,MF",Las Palmas,20,2003,30.2,28,34.4,81.3,396.1,90.5,17.2,19.6,88,8.64,10.5,82.1,1.23,2.02,60.7,0.03,0.11,0.12,-0.08,1.36,2.48,0.96,0.17,3.84,Matches
380,Nahuel Molina,ar ARG,DF,Atlético Madrid,26,1998,17.7,53.4,66.8,79.9,801.8,287.2,30.4,33.5,90.7,18.5,22.9,80.5,2.82,6.1,46.3,0.17,0.08,0.11,0.08,0.73,2.43,1.07,0.28,3.45,Matches
381,Jon Moncayola,es ESP,MF,Osasuna,26,1998,23.3,31.7,42.6,74.4,584.3,191.9,13.6,15.6,87.1,13,16.5,78.6,4.25,8.03,52.9,0,0.16,0.2,-0.16,1.42,3.26,1.07,0.56,4.59,Matches
382,Gonzalo Montiel,ar ARG,"DF,MF",Sevilla,27,1997,1.3,52.3,60,87.2,990.8,280,22.3,23.1,96.7,25.4,28.5,89.2,4.62,7.69,60,0,0,0.08,0,0,6.15,0.77,0.77,1.54,Matches
383,Gerard Moreno,es ESP,FW,Villarreal,32,1992,8,29.4,38.1,77,524,145.1,13.6,15.9,85.8,11.8,13.6,86.2,3.38,5.38,62.8,0.25,0.45,0.24,-0.2,2.13,3.75,1.88,0.25,6.63,Matches
384,Xavier Moreno,es ESP,FW,Valladolid,19,2004,0.5,6,26,23.1,132,22,0,10,0,6,12,50,0,0,,0,0,0,0,0,0,0,0,2,Matches
385,Mateu Morey,es ESP,DF,Mallorca,24,2000,8.2,36.7,47.6,77.2,567.1,163,19.6,21.8,89.9,15.1,18.4,82.1,1.59,4.39,36.1,0,0.04,0.02,-0.04,0.49,1.71,0.37,0.12,2.07,Matches
386,Ilaix Moriba,gn GUI,MF,Celta Vigo,21,2003,23.7,35.6,41.5,85.7,567.1,150.6,17.8,20.2,88.1,13.4,14.9,89.5,2.7,3.67,73.6,0.04,0.06,0.1,-0.02,0.84,4.51,0.8,0.08,5.02,Matches
387,Manu Morlanes,es ESP,MF,Mallorca,25,1999,14.9,42.3,47.6,88.9,686.9,208.1,20.5,21.9,93.3,18.2,20.4,89.1,2.28,3.29,69.4,0,0.02,0.05,-0.02,0.67,5.64,0.67,0.2,5.91,Matches
388,Raúl Moro,es ESP,"MF,FW",Valladolid,21,2002,26,19.9,30.7,64.9,392.8,117.8,8.62,10.9,78.9,6.92,9.92,69.8,3.92,7.27,54,0.19,0.22,0.21,-0.03,1.69,1.58,1.46,0.85,3.12,Matches
389,Cristhian Mosquera,es ESP,DF,Valencia,20,2004,36.9,50.4,55.6,90.5,889.6,313.2,20.8,22,94.3,25.7,27.3,93.9,3.41,5.01,68.1,0,0,0.01,0,0,3.2,0.03,0,3.33,Matches
390,Santiago Mouriño,uy URU,DF,Alavés,22,2002,20.5,26.3,33.7,78,482,211.2,10.4,12,86.2,13,15.4,84.5,2.59,5.27,49.1,0.05,0.04,0.03,0,0.34,2.29,0.24,0.1,2.24,Matches
391,Abdul Mumin,gh GHA,DF,Rayo Vallecano,26,1998,22.4,40.2,48.4,82.9,769.2,313.2,14.1,15.1,92.9,22,23.9,91.8,3.88,8.48,45.8,0.04,0.01,0,0.04,0.04,1.79,0.04,0,1.79,Matches
392,Aihen Muñoz,es ESP,DF,Real Sociedad,26,1997,12.2,36.7,51.7,71,580.2,230.6,19.5,21.6,90.5,14.1,19.3,73.2,2.13,7.95,26.8,0,0.02,0.02,-0.02,0.25,3.11,0.25,0.16,3.11,Matches
393,Álex Muñoz,es ESP,DF,Las Palmas,30,1994,15.7,39.4,49.4,79.7,632.8,225.1,19,21.3,89,18.2,22.5,81,1.72,3.63,47.4,0,0.03,0.04,-0.03,0.45,2.17,0.57,0.51,2.87,Matches
394,Iker Muñoz,es ESP,MF,Osasuna,21,2002,6.8,35.1,44.6,78.9,609.9,157.2,16.5,18.7,88.2,15,17.9,83.6,2.79,4.71,59.4,0.15,0.15,0.1,0,0.88,4.41,0.88,0.29,3.53,Matches
395,Javier Muñoz,es ESP,"MF,DF",Las Palmas,29,1995,28.8,31.9,40.9,77.9,550.5,161.3,15.3,17.7,86.8,12.1,15,80.6,3.37,5.76,58.4,0.1,0.09,0.08,0.02,1.01,3.99,1.11,0.45,3.75,Matches
396,Víctor Muñoz,es ESP,"FW,DF",Real Madrid,21,2003,0.4,27.5,30,91.7,375,52.5,22.5,22.5,100,2.5,2.5,100,2.5,2.5,100,0,0,0.75,0,0,0,2.5,2.5,0,Matches
397,Vedat Muriqi,xk KVX,FW,Mallorca,30,1994,22.9,12.9,21.3,60.6,187.7,38,7.69,10.7,72.1,3.71,6.72,55.2,0.74,1.22,60.7,0.09,0.1,0.07,-0.01,1.14,1,0.26,0,1.31,Matches
398,Juan Musso,ar ARG,GK,Atlético Madrid,30,1994,2,25.5,30,85,486,260.5,8.5,8.5,100,14.5,14.5,100,2.5,6.5,38.5,0,0,0,0,0,0,0,0,0,Matches
399,Matija Nastasić,rs SRB,DF,Leganés,31,1993,23.4,30.1,36.4,82.6,605.9,206,8.8,9.74,90.4,17.9,19.7,90.5,3.08,6.2,49.7,0,0,0.02,0,0.09,1.58,0.04,0,2.52,Matches
400,Natan,br BRA,DF,Betis,23,2001,24.2,46.4,52.3,88.7,888.9,291.9,15.8,16.8,94.3,25.7,28,92,4.3,6.78,63.4,0.04,0.02,0.03,0.02,0.21,2.15,0.12,0.04,2.15,Matches
401,Pau Navarro,es ESP,DF,Villarreal,19,2005,10.2,50.7,56.6,89.6,851.4,306.1,22.6,24.3,93.1,23.9,25.9,92.4,3.04,4.71,64.6,0,0,0.02,0,0.1,2.75,0.1,0,3.92,Matches
402,Roberto Navarro,es ESP,"MF,FW",Mallorca,22,2002,14.2,25.1,33.3,75.5,360.7,100.3,15.6,18.2,86,7.46,9.93,75.2,1.34,2.61,51.4,0,0.13,0.11,-0.13,0.92,1.9,0.99,0.21,3.59,Matches
403,Jesús Navas,es ESP,"FW,MF",Sevilla,38,1985,4.7,43.2,55.7,77.5,732.6,173.6,22.3,24.9,89.7,15.1,18.7,80.7,4.68,8.09,57.9,0,0.11,0.13,-0.11,2.13,3.4,1.28,1.06,4.89,Matches
404,Yvan Neyou,cm CMR,MF,Leganés,27,1997,25.7,37.9,43.9,86.4,592.1,150.5,20,21.9,91.3,14.2,15.9,89,2.37,3.42,69.3,0.04,0.02,0.04,0.02,0.51,3.35,0.39,0.04,3.74,Matches
405,Tanguy Nianzou,fr FRA,DF,Sevilla,22,2002,5.8,49.1,54.1,90.8,802.4,252.6,22.6,24,94.2,24.7,26.7,92.3,1.21,2.59,46.7,0,0,0,0,0,1.03,0,0,1.72,Matches
406,Saúl Ñíguez,es ESP,MF,Sevilla,29,1994,17.3,29.8,38.1,78.3,495.5,132.7,14.5,16.6,86.8,12.7,15.2,83.7,1.79,3.76,47.7,0.35,0.14,0.13,0.2,1.27,2.95,0.46,0.12,3.82,Matches
407,Tamás Nikitscher,hu HUN,"MF,DF",Valladolid,24,1999,9.5,29.9,32.7,91.3,475.6,103.7,14.3,15.7,91.3,13.2,13.7,96.2,1.47,2.11,70,0,0,0.01,0,0.21,1.37,0.11,0,1.37,Matches
408,Adrian Niño,es ESP,FW,Atlético Madrid,20,2004,0.1,0,0,,0,0,0,0,,0,0,,0,0,,0,0,0,0,0,0,0,0,0,Matches
409,Hugo Novoa,es ESP,"DF,MF",Alavés,21,2003,2.6,20.4,26.5,76.8,306.9,100.4,13.5,16.5,81.4,4.62,6.15,75,1.54,1.54,100,0,0.08,0.08,-0.08,0.77,0,0.77,0.77,0.77,Matches
410,Randy Nteka,ao ANG,FW,Rayo Vallecano,26,1997,12.5,11.5,17.8,64.6,146.7,18.4,7.52,9.84,76.4,3.12,5.2,60,0.24,0.48,50,0,0.04,0.02,-0.04,0.72,0.4,0.16,0,0.64,Matches
411,Unai Núñez,es ESP,DF,Athletic Club,27,1997,7.2,39.3,45.1,87.1,884.3,328.6,7.64,8.89,85.9,25.8,27.4,94.4,5.69,8.47,67.2,0,0.01,0.01,-0.01,0.14,2.22,0.14,0,3.61,Matches
412,Ørjan Nyland,no NOR,GK,Sevilla,33,1990,29.7,21.4,33.9,63.3,576.8,434,5.19,5.22,99.4,9.9,10.2,96.7,6.33,18.2,34.8,0,0.01,0,-0.01,0.13,0.91,0.07,0,0.03,Matches
413,Allan Nyom,cm CMR,"DF,MF",Getafe,36,1988,9.9,28.3,35.6,79.5,457.6,167.5,14.3,15.6,92.2,11.6,14.1,82.1,1.72,4.75,36.2,0.2,0.03,0.03,0.17,0.51,2.32,0.51,0.4,2.22,Matches
414,Jan Oblak,si SVN,GK,Atlético Madrid,31,1993,36,21.2,26.3,80.5,555.1,370.1,3.86,3.86,100,11.3,11.4,99.3,5.86,10.9,53.8,0,0,0,0,0,0.19,0,0,0,Matches
415,Lucas Ocampos,ar ARG,FW,Sevilla,30,1994,1.9,34.2,47.9,71.4,536.8,155.8,18.9,23.7,80,10,12.1,82.6,3.16,5.79,54.5,0.53,0.16,0.05,0.37,1.58,4.21,1.05,0.53,3.68,Matches
416,Álvaro Odriozola,es ESP,DF,Real Sociedad,28,1995,0.5,44,60,73.3,688,222,22,24,91.7,12,24,50,6,8,75,0,0,0,0,0,8,2,2,6,Matches
417,Thiago Ojeda,ar ARG,MF,Villarreal,21,2003,0.1,70,80,87.5,1030,150,40,40,100,30,40,75,0,0,,0,0,0,0,0,10,0,0,20,Matches
418,Aingeru Olabarrieta,es ESP,FW,Athletic Club,18,2005,0.6,15,30,50,190,40,10,16.7,60,3.33,5,66.7,0,3.33,0,0,0,0,0,0,0,0,0,1.67,Matches
419,Olasagasti,es ESP,MF,Real Sociedad,23,2000,9.5,33.1,42.8,77.1,514.4,99.2,17.5,20.8,83.8,11.7,14.3,81.6,2.32,4.32,53.7,0.11,0.08,0.07,0.02,0.63,3.58,0.84,0,4,Matches
420,Brian Oliván,es ESP,DF,Espanyol,30,1994,11.3,28.1,40.5,69.2,501.9,246.7,12.8,13.8,92.9,11.9,17,69.8,3.01,7.7,39.1,0.09,0.1,0.07,-0.01,1.33,3.89,1.06,0.8,3.54,Matches
421,Lucas Oliveira Rosa,br BRA,DF,Valladolid,24,2000,21,30.3,39.7,76.5,491,165.7,15.8,17.7,89,12,15.1,79.2,2,4.38,45.7,0.05,0.1,0.07,-0.05,0.62,1.62,0.29,0.19,2.38,Matches
422,Dani Olmo,es ESP,"MF,FW",Barcelona,26,1998,13.5,38.5,47.5,81.1,565.5,164.1,22.7,25.3,89.5,11.3,13.6,83.1,2.44,3.48,70.2,0.22,0.22,0.27,0,1.93,3.63,2.15,0.07,6,Matches
423,Aimar Oroz,es ESP,MF,Osasuna,22,2001,33,28,34.2,81.9,450.9,110.9,14.8,16.8,87.9,10.4,12.3,84,2,2.73,73.3,0.12,0.09,0.11,0.03,1.24,2.76,1.09,0.15,4.94,Matches
424,Ángel Ortíz,es ESP,DF,Betis,20,2004,3.9,42.8,57.7,74.2,645.1,277.9,23.3,25.9,90.1,16.7,22.8,73,1.79,5.38,33.3,0.26,0.03,0.05,0.23,0.77,3.85,0.77,0.51,3.85,Matches
425,Gabriel Osei Misehouy,nl NED,"FW,MF",Girona,19,2005,2.9,31,35.5,87.4,457.6,85.2,17.2,18.3,94.3,13.4,14.1,95.1,0,2.76,0,0,0.1,0.1,-0.1,1.38,3.79,1.38,0,5.17,Matches
426,David Otorbi,es ESP,MF,Valencia,16,2007,0.2,10,20,50,135,20,10,15,66.7,0,0,,0,5,0,0,0,0,0,0,0,0,0,0,Matches
427,Jesús Owono,gq EQG,GK,Alavés,23,2001,5.4,18.3,30.2,60.7,718.1,642.6,1.85,1.85,100,6.67,6.67,100,9.81,21.3,46.1,0,0,0,0,0,0.93,0,0,0,Matches
428,Mikel Oyarzabal,es ESP,FW,Real Sociedad,27,1997,25,14.8,20.2,73.5,196,33.5,9.44,11,85.5,3.96,5.32,74.4,0.44,0.92,47.8,0.12,0.1,0.07,0.02,0.6,0.76,0.4,0.12,1.12,Matches
429,Cenk Özkacar,tr TUR,DF,Valladolid,23,2000,8.4,39.4,46.7,84.4,765.5,290,12.5,13.6,92.1,23.5,25.7,91.2,3.21,6.43,50,0,0,0.04,0,0.12,1.31,0,0,1.79,Matches
430,Jon Pacheco,es ESP,DF,Real Sociedad,23,2001,9.5,43.3,52,83.2,833.2,250.6,16.2,18.1,89.5,22.2,24.1,92.1,4.84,8.95,54.1,0,0.01,0.04,-0.01,0.11,2.95,0.21,0,2.84,Matches
431,Alex Padilla,es ESP,GK,Athletic Club,20,2003,3.6,18.6,33.6,55.4,643.6,545.6,2.5,2.5,100,6.94,6.94,100,9.17,23.9,38.4,0,0,0,0,0,1.11,0,0,0,Matches
432,Isaac Palazón Camacho,es ESP,"MF,FW",Rayo Vallecano,29,1994,24,32.6,42.3,77.1,550.6,164.3,17,19.2,88.3,11.3,13.6,82.9,3.58,6.79,52.8,0.17,0.18,0.2,-0.02,2,3.21,0.79,0.17,4.88,Matches
433,Aitor Paredes,es ESP,DF,Athletic Club,24,2000,20.1,39.3,47.1,83.3,839,309.3,8.86,9.9,89.4,25.6,27.4,93.3,4.68,9.15,51.1,0,0,0.01,0,0.1,2.09,0.1,0,2.29,Matches
434,Daniel Parejo,es ESP,MF,Villarreal,35,1989,25.3,53.5,61.2,87.5,1010.9,309.1,21.2,23,92.3,25.1,27.3,91.9,6.64,9.29,71.5,0.12,0.07,0.08,0.05,0.91,6.96,0.67,0.12,6.96,Matches
435,Iago Parente,es ESP,DF,Valladolid,18,2006,0.8,33.8,46.3,73,582.5,287.5,12.5,12.5,100,20,22.5,88.9,1.25,8.75,14.3,0,0,0,0,1.25,3.75,0,0,5,Matches
436,Álvaro Pascual,es ESP,FW,Sevilla,22,2002,4.5,10.7,16.4,64.9,171.1,20.7,5.78,8,72.2,3.33,4.67,71.4,1.11,1.33,83.3,0,0,0.02,0,0.44,0.89,0.22,0,0.67,Matches
437,Alfonso Pedraza,es ESP,"DF,MF",Villarreal,28,1996,5.1,30.8,41.8,73.7,490.2,180,15.9,16.5,96.4,11.6,15.3,75.6,1.96,5.1,38.5,0.39,0.27,0.27,0.12,1.76,1.37,1.57,1.18,1.76,Matches
438,Pedri,es ESP,MF,Barcelona,21,2002,32,75.1,85.9,87.4,1275.1,317.6,36.2,38.5,94,29.8,33.5,89.2,7.28,10.1,72.1,0.16,0.23,0.28,-0.07,2.19,10.3,2.47,0.13,11.3,Matches
439,Adrià Pedrosa,es ESP,DF,Sevilla,26,1998,25.5,34.7,46.9,74.1,588.7,208.8,16.9,18.6,90.9,14.9,18.9,78.8,2.35,6.98,33.7,0.04,0.06,0.07,-0.02,0.78,2.59,0.86,0.39,3.1,Matches
440,Pejiño,es ESP,FW,Las Palmas,28,1996,0.2,30,35,85.7,435,110,15,15,100,15,20,75,0,0,,0,0,0,0,0,0,5,0,5,Matches
441,Andy Pelmard,fr FRA,DF,Las Palmas,24,2000,2.3,42.6,50,85.2,727.8,204.3,21.7,22.6,96.2,17.8,20,89.1,2.61,5.65,46.2,0,0,0.04,0,0.43,3.91,1.74,0,5.65,Matches
442,Iñaki Peña,es ESP,GK,Barcelona,25,1999,15.5,36.3,40.6,89.2,805.1,457,6.26,6.32,99,24.8,25,99.2,5.1,9.23,55.2,0,0,0,0,0,0,0,0,0.19,Matches
443,Rubén Peña,es ESP,"FW,DF",Osasuna,33,1991,8.6,21.3,35.9,59.2,354.1,163.7,10.9,14.2,77,8.26,14.2,58.2,1.86,4.53,41,0,0.07,0.08,-0.07,1.51,2.33,1.16,0.7,3.14,Matches
444,Nicolas Pépé,ci CIV,"FW,MF",Villarreal,29,1995,16.7,29.9,37.8,79.1,411.5,97.1,18,19.7,91.2,8.68,11.1,78.4,1.74,3.05,56.9,0.36,0.29,0.25,0.07,1.98,1.5,1.62,0.18,3.59,Matches
445,Peque,es ESP,"MF,FW",Sevilla,21,2002,12.6,22.1,27.7,79.9,328.4,67.6,13.1,15.2,85.9,6.83,8.33,81.9,1.35,2.06,65.4,0.08,0.1,0.07,-0.02,0.95,1.98,0.48,0.08,2.78,Matches
446,Ayoze Pérez,es ESP,FW,Villarreal,31,1993,21.9,14.3,18.9,75.8,229.4,60.1,6.53,7.99,81.7,6.3,7.58,83.1,0.87,1.37,63.3,0.09,0.14,0.09,-0.05,1.46,1.69,0.96,0.23,3.33,Matches
447,Carles Pérez,es ESP,"MF,FW",Getafe,26,1998,15.9,14.2,21.1,67.3,217.3,51.4,8.18,10.4,78.8,4.59,6.48,70.9,1.01,2.52,40,0,0.09,0.08,-0.09,1.07,1.07,0.88,0.5,1.26,Matches
448,Francisco Perez,es ESP,"FW,MF",Valencia,21,2002,6.3,26.8,36.5,73.5,401.4,84.6,17.1,18.9,90.8,6.83,9.84,69.4,2.06,3.81,54.2,0,0.41,0.24,-0.41,1.11,1.11,0.95,0.32,2.06,Matches
449,Kike Pérez,es ESP,MF,Valladolid,27,1997,13.2,33.3,42.7,78,611,187.9,13.9,16.7,83.2,14.5,16.4,88,3.71,6.97,53.3,0,0.08,0.08,-0.08,1.29,3.56,0.38,0,5.08,Matches
450,Luis Pérez,es ESP,DF,Valladolid,29,1995,28.4,31.9,42.1,75.7,566.1,207.7,14.4,16.3,87.9,13.1,17.1,76.3,3.98,6.73,59.2,0,0.07,0.09,-0.07,0.95,2.01,1.13,1.02,3.13,Matches
451,Romain Perraud,fr FRA,DF,Betis,26,1997,22.2,41.5,52.1,79.6,572.5,197,25.7,28.2,91.2,12.4,15.6,79.5,1.44,3.96,36.4,0.09,0.07,0.06,0.02,0.72,2.75,0.72,0.5,2.79,Matches
452,Valentín Pezzolesi,es ESP,DF,Las Palmas,17,2007,0.1,20,50,40,450,40,0,20,0,20,30,66.7,0,0,,0,0,0,0,0,0,0,0,0,Matches
453,Pica,es ESP,DF,Alavés,22,2002,5.5,28.2,36.5,77.1,565.6,241.5,8.73,10.9,80,15.3,17.5,87.5,4.18,7.45,56.1,0,0,0,0,0.18,2.73,0.18,0,2.73,Matches
454,Yeremi Pino,es ESP,"MF,FW",Villarreal,21,2002,21.5,24.3,32.9,73.9,367.2,103.5,13.9,17,81.4,8.42,10.7,79,1.35,2.09,64.4,0.33,0.25,0.18,0.08,1.72,1.63,1.49,0.37,3.07,Matches
455,Portu,es ESP,"FW,MF",Girona,32,1992,8.7,19.4,27.2,71.3,279,51,12.2,14.9,81.5,6.09,7.24,84.1,0.8,2.64,30.4,0.23,0.2,0.17,0.03,1.61,1.38,0.8,0.34,1.84,Matches
456,Beñat Prados,es ESP,MF,Athletic Club,23,2001,19.1,33.9,41.3,82,568,139.2,15.3,17.9,85.4,15.8,18.1,87,2.09,3.61,58,0,0.06,0.07,-0.06,0.58,3.66,0.31,0.05,4.08,Matches
457,Abdón Prats,es ESP,"FW,MF",Mallorca,31,1992,5.1,11.4,17.1,66.7,164.1,32.2,6.67,9.02,73.9,3.14,4.71,66.7,0.78,1.18,66.7,0,0.02,0.02,-0.02,0.59,0.98,0.2,0,1.37,Matches
458,Javi Puado,es ESP,"FW,MF",Espanyol,26,1998,33,15.8,20.5,76.8,242.2,43.9,8.21,9.79,83.9,5.82,6.94,83.8,1.06,2,53,0.12,0.09,0.06,0.03,0.67,1.09,0.45,0.12,2.27,Matches
459,Dani Raba,es ESP,"FW,MF",Leganés,28,1995,20.9,20.8,31,67.1,364.5,119.6,9.43,11.4,82.4,7.99,10.9,73.2,2.58,6.32,40.9,0.29,0.25,0.22,0.03,2.25,2.39,1.15,0.19,3.3,Matches
460,Arnau Rafús,es ESP,GK,Valladolid,21,2003,1,33,43,76.7,1001,672,4,4,100,20,21,95.2,9,17,52.9,0,0,0,0,0,0,0,0,0,Matches
461,Antonio Raillo,es ESP,DF,Mallorca,32,1991,35.6,44.2,49.8,88.7,834.3,298.9,14.9,16.2,91.9,24.7,26.5,93.4,3.88,5.81,66.7,0,0.04,0.03,-0.04,0.37,2.42,0.17,0,3.03,Matches
462,Benito Ramírez,es ESP,"DF,FW",Las Palmas,29,1995,5.3,48.9,61.5,79.4,754.7,203.4,27.7,29.8,93,17.2,19.2,89.2,3.02,7.74,39,0,0.17,0.19,-0.17,2.45,2.08,1.51,1.13,3.02,Matches
463,Sandro Ramírez,es ESP,"FW,MF",Las Palmas,29,1995,22.6,19.4,30.2,64.2,323.8,101.5,9.12,11.9,76.3,7.7,10.4,73.7,1.73,4.73,36.4,0.13,0.15,0.14,-0.02,1.24,1.46,0.44,0.13,2.3,Matches
464,Jacobo Ramón,es ESP,DF,Real Madrid,19,2005,2.3,36.5,39.1,93.3,609.6,223,16.1,17.4,92.5,18.3,18.7,97.7,1.74,1.74,100,0,0.09,0,-0.09,0.43,1.3,0,0,0.43,Matches
465,Raphinha,br BRA,"FW,MF",Barcelona,27,1996,31.5,33.8,47.5,71.1,564.2,156.6,17.7,21,84.3,11.4,15,75.5,3.59,7.9,45.4,0.29,0.4,0.32,-0.12,2.89,2.76,2.13,0.57,4.29,Matches
466,Andrei Ratiu,ro ROU,DF,Rayo Vallecano,26,1998,34.1,42.1,51.6,81.6,638.9,217.6,23.9,26.7,89.7,15.5,18.4,84.3,1.88,3.58,52.5,0.09,0.17,0.11,-0.08,1.06,3.08,0.67,0.32,4.25,Matches
467,Raúl,es ESP,"FW,MF",Osasuna,23,2000,8.3,14,20.2,69,181.9,26.4,8.92,11.2,79.6,3.98,5.3,75,0.36,1.33,27.3,0,0.08,0.05,-0.08,0.36,1.33,0.12,0,1.93,Matches
468,Abderrahman Rebbach,dz ALG,"FW,MF",Alavés,25,1998,4.3,17.2,27.4,62.7,287,59.3,9.53,13.5,70.7,5.58,8.14,68.6,1.86,3.95,47.1,0,0.07,0.09,-0.07,1.4,0.47,1.16,0.7,1.16,Matches
469,Álex Remiro,es ESP,GK,Real Sociedad,29,1995,36,26.5,35.9,74,743.7,520.4,3.81,3.81,100,14.3,14.5,98.1,8.47,17.4,48.8,0,0,0,0,0.03,0.39,0,0,0.03,Matches
470,Daniel Requena,es ESP,MF,Villarreal,20,2004,0.1,40,50,80,480,90,30,30,100,10,10,100,0,0,,0,0,0,0,0,0,0,0,0,Matches
471,Diego Rico,es ESP,DF,Getafe,31,1993,31.3,33.8,50,67.6,612.3,342.7,15.3,17.7,86.5,14.9,21.1,70.6,3.29,8.59,38.3,0.1,0.09,0.11,0.01,1.15,3.64,1.47,0.93,4.35,Matches
472,Luis Rioja,es ESP,FW,Alavés,30,1993,0.3,16.7,36.7,45.5,233.3,90,10,13.3,75,6.67,16.7,40,0,3.33,0,0,0.33,0.33,-0.33,3.33,0,0,0,3.33,Matches
473,Luis Rioja,es ESP,"MF,FW",Valencia,30,1993,31.5,26.1,38.5,67.7,433.7,124.9,13.6,16.1,84.4,9.75,13.3,73.3,2.16,5.75,37.6,0.1,0.14,0.17,-0.05,1.11,1.33,1.9,0.79,3.27,Matches
474,Rodrigo Riquelme,es ESP,"MF,DF",Atlético Madrid,24,2000,5.7,36.8,47.2,78.1,497.9,149.8,23,26.3,87.3,10.5,12.1,87,1.4,4.74,29.6,0.18,0.14,0.14,0.04,2.63,2.98,2.11,0.53,4.21,Matches
475,Alberto Risco,es ESP,"MF,FW",Getafe,18,2005,0.8,31.3,42.5,73.5,425,122.5,18.8,22.5,83.3,7.5,10,75,2.5,5,50,0,0.13,0.25,-0.13,5,1.25,5,3.75,3.75,Matches
476,Mihailo Ristić,rs SRB,"DF,MF",Celta Vigo,28,1995,4.8,39.8,51.3,77.6,717.9,190.6,17.3,19,91.2,19.4,22.3,86.9,2.92,7.5,38.9,0.21,0.04,0.02,0.17,0.83,2.08,0.42,0.21,2.08,Matches
477,Gorka Rivera Alonso,es ESP,"DF,MF",Getafe,19,2004,0.2,25,55,45.5,470,135,5,10,50,20,35,57.1,0,10,0,0,0,0,0,0,5,0,0,5,Matches
478,Marc Roca,es ESP,MF,Betis,27,1996,10.1,46,53.3,86.4,788.5,228,21.8,23.4,93.2,19.6,21.4,91.7,3.27,5.35,61.1,0.2,0.1,0.05,0.1,1.19,5.05,0.59,0.2,5.84,Matches
479,Rodri,es ESP,FW,Betis,24,2000,1.3,43.1,50.8,84.8,723.8,216.9,26.9,27.7,97.2,10.8,13.1,82.4,5.38,8.46,63.6,0,0.08,0.23,-0.08,1.54,3.08,3.85,0,6.15,Matches
480,Adrian Rodriguez,es ESP,GK,Alavés,23,2000,1.4,13.6,35.7,38,828.6,774.3,0.71,0.71,100,0,0,,12.9,34.3,37.5,0,0,0,0,0,0.71,0,0,0,Matches
481,Álvaro Rodríguez,uy URU,FW,Getafe,20,2004,9.5,11.6,25.2,46,157.5,36.2,7.47,12.8,58.2,3.16,7.37,42.9,0.42,1.26,33.3,0,0.03,0.04,-0.03,0.53,1.58,0.21,0.11,1.37,Matches
482,Óscar Rodríguez Arnaiz,es ESP,"MF,FW",Leganés,26,1998,14.8,27,37.5,72.1,467.8,143.5,13,15.3,85,9.39,12.8,73.5,3.45,6.49,53.1,0.27,0.15,0.11,0.12,1.28,2.09,1.42,0.47,4.05,Matches
483,Arturo Rodríguez,es ESP,FW,Las Palmas,17,2006,0.2,25,35,71.4,280,0,20,20,100,5,10,50,0,0,,0,0,0,0,0,0,0,0,0,Matches
484,Damián Rodríguez,es ESP,MF,Celta Vigo,21,2003,10.3,70.5,79,89.2,1217,338.4,30.9,33.2,93,33.1,35,94.7,5.34,8.35,64,0,0.08,0.14,-0.08,1.65,8.25,0.39,0,6.89,Matches
485,Dani Rodríguez,es ESP,"MF,FW",Mallorca,36,1988,24,20.8,29.8,69.7,344.8,105.7,10.7,13,82.1,7.13,9.42,75.7,2.21,5.38,41.1,0.29,0.13,0.14,0.16,1.38,1.75,0.71,0.25,3.25,Matches
486,Daniel Rodriguez,es ESP,FW,Barcelona,18,2005,0.4,37.5,50,75,505,70,22.5,27.5,81.8,15,20,75,0,2.5,0,0,0,0,0,0,0,5,0,5,Matches
487,James Rodríguez,co COL,"MF,FW",Rayo Vallecano,33,1991,1.6,48.8,61.3,79.6,855,275,25,27.5,90.9,13.1,15.6,84,8.13,15,54.2,0,0.13,0.19,-0.13,1.25,7.5,0.63,0,8.13,Matches
488,Javi Rodríguez,es ESP,DF,Celta Vigo,21,2003,27.9,53.3,61.5,86.7,963.3,293.2,20.6,22.3,92.3,27.6,30,91.8,4.52,7.42,60.9,0.07,0.04,0.04,0.04,0.47,3.94,0.36,0.04,4.09,Matches
489,Jesus Rodríguez,es ESP,FW,Betis,18,2005,12.3,19.6,26.9,72.8,252.9,76,12.8,15.8,81.4,4.63,6.42,72.2,0.73,1.06,69.2,0,0.02,0.06,-0.02,0.65,1.22,1.54,0.16,2.85,Matches
490,Kirian Rodríguez,es ESP,MF,Las Palmas,28,1996,19.5,52.6,61.7,85.2,830.3,250.1,28,30.6,91.5,19.4,22,88.3,3.85,6.15,62.5,0.15,0.08,0.07,0.08,0.82,5.44,0.72,0.05,6.56,Matches
491,Ricardo Rodríguez,ch SUI,DF,Betis,31,1992,14.2,43,52.4,82,651.1,236.8,24.4,26.2,93.3,15.5,20,77.5,1.97,4.08,48.3,0.07,0.03,0.04,0.04,0.49,3.52,0.56,0.35,4.44,Matches
492,Rodrygo,br BRA,"FW,MF",Real Madrid,23,2001,21.4,43.9,51.1,85.9,573.6,140.2,28.9,30.5,94.9,10.9,12.7,86,1.64,3.97,41.2,0.23,0.14,0.2,0.09,2.29,3.08,1.21,0.09,5.05,Matches
493,Leo Román,es ESP,GK,Mallorca,24,2000,7,19.6,34.3,57.1,696.7,572.7,1.29,1.29,100,8.71,9.14,95.3,9.57,23.9,40.1,0,0,0,0,0,0.57,0,0,0,Matches
494,Carlos Romero,es ESP,DF,Espanyol,22,2001,28.4,25.3,35.5,71.4,421.1,155.2,12.6,15.1,83.5,10.4,13.3,78,1.94,4.79,40.4,0.04,0.07,0.08,-0.04,1.02,1.65,0.92,0.42,2.25,Matches
495,Isaac Romero,es ESP,FW,Sevilla,24,2000,24,12.9,18.4,70.3,208.1,29.3,7.17,9.25,77.5,3.83,5.42,70.8,1.29,1.79,72.1,0.08,0.09,0.09,0,0.83,0.83,0.46,0.17,1.21,Matches
496,Luka Romero,ar ARG,"FW,MF",Alavés,19,2004,2.2,15.5,22.3,69.4,234.1,50,8.18,10.9,75,6.36,6.36,100,0.45,3.64,12.5,0,0.09,0.18,-0.09,1.82,0,0.45,0.45,0,Matches
497,Oriol Romeu,es ESP,MF,Girona,32,1991,15.1,52.8,58.5,90.4,918.3,199.4,23.2,25,93.1,24.6,26.3,93.7,4.24,5.43,78,0,0.02,0.05,-0.02,0.53,5.36,0.13,0.07,4.83,Matches
498,Vitor Roque,br BRA,FW,Betis,19,2005,13.7,10.4,14.2,72.8,145,32.9,5.33,7.01,76,3.58,4.45,80.3,0.44,0.58,75,0,0.09,0.05,-0.09,0.88,0.29,0.73,0.22,1.24,Matches
499,Valentin Rosier,fr FRA,DF,Leganés,27,1996,28.8,33.2,41.9,79.3,514.1,196,18.2,19.8,92.1,12.2,15.1,80.9,1.84,4.38,42.1,0.07,0.04,0.05,0.03,0.38,2.5,0.59,0.14,2.57,Matches
500,Antonio Rüdiger,de GER,DF,Real Madrid,31,1993,25.5,66.9,72.9,91.8,1257.9,416.1,25.3,26.1,96.7,34.3,36,95.2,6.59,9.37,70.3,0,0.02,0.04,-0.02,0.27,4.59,0.24,0.04,3.69,Matches
501,Aitor Ruibal,es ESP,"DF,FW",Betis,28,1996,14.6,33.9,41.9,80.9,519.8,213.2,17.7,19,93.5,12.5,15.1,82.8,2.33,4.93,47.2,0.21,0.16,0.13,0.04,1.37,2.47,0.82,0.41,3.42,Matches
502,Abel Ruiz,es ESP,FW,Girona,24,2000,15,15.9,18.1,87.9,240.5,32,9.27,10.1,92.1,5.53,5.87,94.3,1,1.47,68.2,0,0.03,0.05,-0.03,0.53,0.93,0.33,0,1.53,Matches
503,Ferrán Ruiz,es ESP,MF,Girona,21,2003,0.2,15,30,50,195,75,10,15,66.7,5,15,33.3,0,0,,0,0,0,0,0,0,0,0,5,Matches
504,Youssouf Sabaly,sn SEN,DF,Betis,31,1993,17.6,49,56.5,86.7,676.9,241.6,30.1,31.9,94.3,16.1,19,85,1.31,2.67,48.9,0.06,0.05,0.05,0.01,0.63,2.78,0.4,0.28,3.52,Matches
505,Umar Sadiq,ng NGA,FW,Valencia,27,1997,9.2,13.6,18.8,72.3,187.1,24.8,8.59,11.2,76.7,4.13,5.22,79.2,0.33,0.54,60,0,0.08,0.04,-0.08,0.65,0.43,0,0,0.76,Matches
506,Umar Sadiq,ng NGA,FW,Real Sociedad,27,1997,2.5,10,19.2,52.1,139.6,30.8,6.8,11.2,60.7,2.4,4,60,0.4,0.8,50,0,0.08,0.04,-0.08,0.4,0.8,0,0,2,Matches
507,Jorge Sáenz,es ESP,DF,Leganés,27,1996,18.8,40,47.8,83.7,792.5,306.8,13.7,14.5,94.9,22,23.7,92.6,4.04,8.72,46.3,0,0.01,0.02,-0.01,0.11,1.86,0.05,0,1.91,Matches
508,Jan Salas,es ESP,"MF,FW",Mallorca,18,2005,0.5,40,52,76.9,550,140,20,22,90.9,18,22,81.8,0,0,,0,0,0.2,0,0,8,2,0,8,Matches
509,Kike Salas,es ESP,DF,Sevilla,22,2002,24.9,44.5,56.7,78.5,849,305.3,16.8,18.7,90.1,23.3,26.9,86.4,4.22,10.1,41.8,0.08,0.02,0.04,0.06,0.24,2.77,0.12,0.04,2.37,Matches
510,Albert Sambi Lokonga,be BEL,MF,Sevilla,24,1999,16.3,49,54.8,89.4,804.5,238.9,25.4,27,94.1,19.2,21,91.5,3.5,5.21,67.1,0.12,0.06,0.06,0.06,1.17,4.97,0.49,0,5.71,Matches
511,Chuky san jose,es ESP,MF,Valladolid,20,2004,8.1,13.8,20.1,68.7,234.2,65.4,7.28,8.89,81.9,4.32,5.93,72.9,1.85,3.58,51.7,0,0.15,0.19,-0.15,0.99,1.23,0.62,0.37,1.85,Matches
512,Oihan Sancet,es ESP,MF,Athletic Club,24,2000,18,25.6,31.6,81,384.8,90.7,14.9,17.2,86.8,8.72,10.4,84,1.28,2,63.9,0.06,0.11,0.08,-0.05,1.17,3.67,0.83,0.06,5,Matches
513,Antonio Sánchez,es ESP,"MF,DF",Mallorca,27,1997,15.5,25.2,34.6,72.8,418.9,120.6,12.6,14.9,84.8,9.1,11.9,76.2,2.39,4.84,49.3,0,0.04,0.06,-0.04,0.32,2.32,0.52,0.26,2.45,Matches
514,Iván Sánchez,es ESP,"MF,FW",Valladolid,31,1992,15.6,27.1,37.9,71.4,497.1,158.7,12.5,14,89,9.68,13.2,73.3,4.04,8.27,48.8,0.06,0.19,0.19,-0.12,1.54,3.33,1.47,0.96,4.94,Matches
515,Javi Sánchez,es ESP,DF,Valladolid,27,1997,22.5,45.1,51.7,87.3,905.2,336.2,14,14.8,95.2,25.9,27.2,95.1,4.98,8.71,57.1,0,0.01,0.02,-0.01,0.27,1.87,0.04,0,1.51,Matches
516,Juanlu Sánchez,es ESP,"MF,DF",Sevilla,20,2003,19.1,29.7,36.5,81.5,435.3,126.8,17.4,19.4,89.8,11.6,13.5,85.7,0.47,1.41,33.3,0.21,0.15,0.09,0.06,1.26,2.67,0.73,0.26,3.56,Matches
517,Manu Sánchez,es ESP,DF,Alavés,23,2000,29.3,27.5,38.1,72.2,436.9,167.7,14.4,16.7,86.5,11.2,14.5,77.4,1.43,4.27,33.6,0,0.04,0.04,-0.04,0.55,1.81,0.72,0.44,2.66,Matches
518,Maroan Sannadi,es ESP,FW,Athletic Club,23,2001,8.4,13.7,18.9,72.3,185.5,38.7,8.33,9.76,85.4,3.57,5,71.4,0.71,1.43,50,0.12,0.07,0.08,0.05,0.83,1.55,0.95,0,1.79,Matches
519,Jesús Santiago,es ESP,MF,Getafe,20,2004,4.1,24.1,33.2,72.8,369.3,115.9,13.9,17.6,79.2,8.29,10.5,79.1,1.22,3.41,35.7,0,0,0.05,0,0,2.44,0,0,3.9,Matches
520,Aleksandar Sedlar,rs SRB,DF,Alavés,32,1991,6.6,29.5,35.8,82.6,600.9,220.3,8.79,9.7,90.6,15.9,18.6,85.4,4.55,6.52,69.8,0,0,0,0,0,2.12,0,0,1.82,Matches
521,Sergi,es ESP,DF,Leganés,32,1992,32.9,38.6,46.1,83.7,766.3,298.6,12,12.9,92.7,21.6,23.3,92.6,4.74,8.81,53.8,0,0.01,0.02,-0.01,0.15,1.79,0.15,0,2.34,Matches
522,Nicolás Serrano,es ESP,FW,Athletic Club,21,2003,1.2,20.8,36.7,56.8,285,75,11.7,15,77.8,9.17,12.5,73.3,0,7.5,0,0,0,0.08,0,0.83,1.67,0.83,0.83,3.33,Matches
523,Fábio Silva,pt POR,FW,Las Palmas,22,2002,20.7,14.9,22.5,66.3,200.4,34.3,8.74,12.1,72.4,4.01,6.04,66.4,0.77,1.4,55.2,0.14,0.1,0.09,0.05,0.77,0.63,0.68,0.14,1.26,Matches
524,Rui Silva,pt POR,GK,Betis,30,1994,15,27.5,34.9,78.6,685.5,413.1,4.4,4.4,100,16.7,16.7,100,6.2,13.5,45.8,0,0.01,0,-0.01,0.13,0.33,0,0,0,Matches
525,Giuliano Simeone,ar ARG,MF,Atlético Madrid,21,2002,21.4,28,37.1,75.5,334.5,97,20.1,23.4,86,5.75,8.13,70.7,0.51,1.54,33.3,0.28,0.24,0.22,0.04,1.12,1.4,1.26,0.47,2.29,Matches
526,Unai Simón,es ESP,GK,Athletic Club,27,1997,21,21.7,31.1,69.6,638.6,513.5,3.05,3.05,100,11.3,11.5,98.3,7.24,16.3,44.3,0,0,0,0,0,0.57,0,0,0,Matches
527,Daley Sinkgraven,nl NED,DF,Las Palmas,29,1995,1,50,66,75.8,682,211,31,31,100,17,25,68,1,7,14.3,0,0,0,0,1,2,1,0,3,Matches
528,Jailson Siqueira,br BRA,"DF,MF",Celta Vigo,28,1995,6.8,64,70.7,90.4,1148.4,435.1,23.8,25.4,93.6,35,37.1,94.4,4.71,6.76,69.6,0,0,0.01,0,0.15,4.85,0,0,6.32,Matches
529,Antonio Sivera,es ESP,GK,Alavés,27,1996,31.2,16.7,31,53.9,707.8,635,1.19,1.19,100,4.81,4.9,98,10.6,24.7,43.1,0,0,0.01,0,0.03,1.35,0.03,0,0.03,Matches
530,Justin Smith,ca CAN,MF,Espanyol,21,2003,2.3,17.4,26.5,65.6,284.3,71.7,6.96,10.9,64,8.7,11.3,76.9,0.87,2.61,33.3,0,0,0,0,0.43,1.3,0,0,2.61,Matches
531,Alex Sola,es ESP,"MF,FW",Getafe,25,1999,11.4,13.6,21.2,64,191,46.4,8.77,11,80,3.42,5.18,66.1,0.79,2.54,31,0.09,0.06,0.07,0.03,0.79,1.05,0.18,0.09,2.02,Matches
532,Arnau Solà,es ESP,MF,Villarreal,21,2003,0.1,10,20,50,110,30,10,20,50,0,0,,0,0,,0,0,0,0,0,0,0,0,0,Matches
533,Jhon Solis,co COL,MF,Girona,19,2004,5.9,44.7,50,89.5,678.8,150,24.1,25.4,94.7,18.8,20.7,91,1.19,2.03,58.3,0,0.02,0.05,-0.02,0.34,4.92,0.17,0.17,4.92,Matches
534,David Soria,es ESP,GK,Getafe,31,1993,38,13.5,27.1,49.9,593.1,530.7,0.76,0.76,100,3.61,3.66,98.6,9.11,22.5,40.5,0,0,0.01,0,0,1.34,0.03,0,0.03,Matches
535,Juan Soriano,es ESP,GK,Leganés,26,1997,6,16.3,30.8,53,585.5,487,2.83,2.83,100,5.83,5.83,100,7.67,22.2,34.6,0,0,0,0,0,0,0,0,0,Matches
536,Hugo Sotelo,es ESP,MF,Celta Vigo,20,2003,13.9,62.8,73.2,85.8,1169.6,307.7,25.3,26.7,94.6,28.8,31.4,91.7,7.34,12.2,60,0,0.12,0.13,-0.12,1.37,7.19,0.86,0.22,5.97,Matches
537,Djibril Sow,ch SUI,MF,Sevilla,27,1997,22.9,38.6,43.4,88.8,618.7,151,19.3,21,91.5,16,17.3,92.2,2.36,3.1,76.1,0.04,0.07,0.04,-0.03,0.92,3.8,0.44,0.04,4.37,Matches
538,Carl Starfelt,se SWE,DF,Celta Vigo,29,1995,25.2,61.1,65.2,93.7,1102.3,386.6,22,23,95.9,35.5,37.2,95.5,3.17,4.17,76.2,0,0.01,0.01,-0.01,0.24,2.22,0.04,0,2.62,Matches
539,Orri Steinn Óskarsson,is ISL,FW,Real Sociedad,19,2004,10.5,9.9,18.8,52.8,110.3,17,6.86,10.8,63.7,2.1,3.62,57.9,0,0.57,0,0,0.02,0.05,-0.02,0.48,0.38,0.29,0.1,0.86,Matches
540,Stoichkov,es ESP,"MF,FW",Alavés,30,1993,7.8,16.9,27.4,61.7,277.1,89.4,7.82,10.5,74.4,6.41,9.36,68.5,1.79,4.23,42.4,0.13,0.15,0.09,-0.03,0.9,2.05,1.28,0.13,3.33,Matches
541,Cristhian Stuani,uy URU,FW,Girona,37,1986,12,8.92,12.8,69.5,120.8,13.4,5.67,7.08,80,2.67,4.17,64,0.25,0.67,37.5,0.17,0.05,0.08,0.12,0.5,0.08,0.25,0,0.83,Matches
542,Álex Suárez,es ESP,DF,Las Palmas,31,1993,27.3,42.7,49.7,85.9,798.6,290.1,14.9,15.8,94.7,23.8,25.8,92.1,3.33,6.63,50.3,0,0,0.01,0,0.11,1.83,0.11,0,1.94,Matches
543,Denis Suárez,es ESP,MF,Villarreal,30,1994,6.8,33.5,42.8,78.4,545.6,176.9,18.1,20.7,87.2,11.3,13.2,85.6,2.94,5.74,51.3,0.15,0.22,0.26,-0.07,2.06,3.09,1.18,0.44,5.15,Matches
544,Luka Sučić,hr CRO,MF,Real Sociedad,21,2002,19.9,36.5,44.3,82.4,581,116.6,19.4,21.6,90.2,13.2,15,87.6,2.76,4.47,61.8,0.05,0.13,0.11,-0.08,1.26,2.61,0.65,0.1,3.97,Matches
545,Suso,es ESP,"FW,MF",Sevilla,30,1993,6.7,42.5,57.5,74,714.8,234.8,21.8,23.9,91.3,14,18.4,76.4,4.93,10.7,45.8,0.3,0.24,0.19,0.06,3.28,4.63,1.94,0.6,6.42,Matches
546,Williot Swedberg,se SWE,"FW,MF",Celta Vigo,20,2004,15,17.7,24.2,73.3,249.9,49.1,10.7,13.1,82.1,5,6.67,75,0.93,1.6,58.3,0.33,0.17,0.15,0.16,1.07,1.07,0.8,0.07,1.87,Matches
547,Mamadou Sylla,sn SEN,"FW,MF",Valladolid,30,1994,17.6,10.1,16,62.8,152,23.9,5.85,7.95,73.6,3.35,5.28,63.4,0.51,0.8,64.3,0.06,0.1,0.03,-0.04,0.8,0.74,0.28,0,1.25,Matches
548,Wojciech Szczęsny,pl POL,GK,Barcelona,34,1990,15,26.8,30.3,88.5,605.7,381.1,5.4,5.4,100,16.7,16.9,98.8,4.53,7.67,59.1,0,0,0,0,0,0.07,0,0,0,Matches
549,Alexander Sørloth,no NOR,FW,Atlético Madrid,28,1995,17.4,13.2,20.6,63.8,167,34.5,8.16,12.2,66.7,3.62,5.46,66.3,0.29,0.4,71.4,0.11,0.09,0.04,0.02,0.75,1.09,0.57,0.06,1.78,Matches
550,Renato Tapia,pe PER,"MF,DF",Leganés,29,1995,26.9,31.2,39.8,78.3,553.7,177.5,14.9,16.8,88.7,12.6,14.8,84.7,3.23,6.02,53.7,0,0.01,0.03,-0.01,0.3,2.97,0.33,0,3.09,Matches
551,César Tárrega,es ESP,DF,Valencia,22,2002,33.6,42.5,50.4,84.4,808.6,280.2,14.2,15.2,93.2,24.3,26.5,91.6,3.78,7.35,51.4,0,0,0.01,0,0.09,2.35,0.03,0,2.35,Matches
552,Aurélien Tchouaméni,fr FRA,"DF,MF",Real Madrid,24,2000,29.9,62.5,67.7,92.3,1090.2,357.7,26.3,27.7,95.2,30.9,32.7,94.5,4.48,5.92,75.7,0,0.02,0.03,-0.02,0.17,5.89,0.3,0.03,5.15,Matches
553,Álvaro Tejero,es ESP,"MF,DF",Espanyol,28,1996,13.8,32.8,45.4,72.4,609.7,223.3,13.8,15.4,89.7,14.1,17,82.6,4.13,9.93,41.6,0.29,0.21,0.26,0.08,2.39,1.88,1.52,0.87,3.33,Matches
554,Martín Tejón,es ESP,"MF,DF",Valencia,20,2004,0.5,40,52,76.9,656,190,20,24,83.3,16,20,80,2,4,50,0,0,0,0,2,4,0,0,8,Matches
555,Nahuel Tenaglia,ar ARG,DF,Alavés,28,1996,32.5,31.3,43.4,72.1,542.8,251.9,14.3,16.7,85.7,14.3,19,75.4,2.28,5.45,41.8,0.03,0.05,0.04,-0.02,0.58,2.62,0.58,0.28,3.17,Matches
556,Marc-André ter Stegen,de GER,GK,Barcelona,32,1992,7.5,31.1,33.5,92.8,779.6,545.5,3.47,3.47,100,20.1,20.4,98.7,7.47,9.6,77.8,0,0,0,0,0,0.13,0.13,0,0.27,Matches
557,Ramón Terrats,es ESP,"MF,FW",Villarreal,23,2000,1.5,42.7,52.7,81,771.3,203.3,18.7,19.3,96.6,18,23.3,77.1,4.67,8,58.3,0,0.2,0.27,-0.2,0.67,4.67,1.33,0.67,4.67,Matches
558,Ramón Terrats,es ESP,"MF,FW",Getafe,23,2000,13.5,16.9,26.1,64.8,277.8,86.7,8.96,10.7,83.4,5.85,8.52,68.7,1.48,5.11,29,0.07,0.19,0.08,-0.11,1.19,2.15,0.67,0.22,2.67,Matches
559,Raúl de Tomás,es ESP,"DF,FW",Rayo Vallecano,29,1994,0.2,25,30,83.3,250,0,20,20,100,0,5,0,0,0,,0,0,0,0,0,0,0,0,0,Matches
560,Pablo Torre,es ESP,"MF,FW",Barcelona,21,2003,3.4,52.9,64.7,81.8,794.7,199.4,28.2,31.8,88.9,19.1,21.5,89,3.24,6.18,52.4,0.29,0.24,0.38,0.06,2.35,3.82,1.18,0.29,5,Matches
561,David Torres,es ESP,DF,Valladolid,21,2003,15.4,38.2,46.4,82.5,729.3,298.3,12.5,13.3,94.1,21.8,24.2,89.8,3.83,7.47,51.3,0,0,0.01,0,0.06,1.75,0.06,0.06,2.4,Matches
562,Ferrán Torres,es ESP,"FW,MF",Barcelona,24,2000,12.3,21.7,29.3,74.2,277.2,62.8,13.3,15.6,85.4,5.77,7.4,78,0.89,2.44,36.7,0.49,0.25,0.21,0.24,1.54,1.38,1.46,0.16,2.85,Matches
563,Lucas Torró,es ESP,MF,Osasuna,30,1994,32.9,31.2,41.4,75.3,529.5,152.5,14.6,18.4,79.2,13,16,81.2,2.64,4.92,53.7,0,0.04,0.05,-0.04,0.3,3.47,0.15,0,3.31,Matches
564,Hamari Traoré,ml MLI,DF,Real Sociedad,32,1992,7.8,48.8,59,82.8,833.2,282.8,23.6,25.8,91.5,20.6,25.3,81.7,4.49,6.79,66,0.13,0.03,0.05,0.1,0.38,2.18,0.64,0.26,3.33,Matches
565,Óscar Trejo,ar ARG,MF,Rayo Vallecano,36,1988,5.5,47.5,56.7,83.7,625.6,140.9,31.1,34,91.4,12.2,14.9,81.7,1.82,3.64,50,0,0.18,0.05,-0.18,1.64,5.45,0.91,0,6.73,Matches
566,Viktor Tsyhankov,ua UKR,"FW,MF",Girona,26,1997,21.3,30.3,40.9,74.2,459.8,118.9,16.9,19.5,86.8,9.01,12.2,74.1,2.44,5.54,44.1,0.23,0.18,0.2,0.05,1.55,1.78,1.13,0.28,3.05,Matches
567,Beñat Turrientes,es ESP,MF,Real Sociedad,22,2002,10.5,38.6,43,89.6,659.5,138.9,19.3,21,92.3,13.8,14.8,93.5,4.1,5.52,74.1,0,0.02,0.04,-0.02,0.29,3.81,0.19,0.1,4,Matches
568,Christantus Uche,ng NGA,"FW,MF",Getafe,21,2003,27.6,14,21.4,65.4,184.1,45.9,8.99,11.9,75.6,3.66,5.69,64.3,0.43,1.16,37.5,0.22,0.11,0.11,0.11,1.05,1.34,0.58,0.14,1.78,Matches
569,Naci Ünüvar,nl NED,"MF,DF",Espanyol,21,2003,0.3,43.3,60,72.2,643.3,126.7,23.3,26.7,87.5,10,10,100,6.67,13.3,50,0,0,0.33,0,3.33,3.33,3.33,3.33,3.33,Matches
570,Óscar Valentín,es ESP,MF,Rayo Vallecano,29,1994,20.4,33.7,40.7,82.9,531.5,187.3,17.3,19.3,89.8,13.8,15.9,86.7,2.01,3.48,57.7,0,0.04,0.05,-0.04,0.64,3.63,0.29,0.05,4.22,Matches
571,Germán Valera,es ESP,MF,Valencia,22,2002,1.6,21.3,29.4,72.3,296.3,31.3,12.5,15,83.3,8.13,8.75,92.9,0.63,4.38,14.3,0,0,0,0,0.63,1.88,0,0,1.25,Matches
572,Martin Valjent,sk SVK,DF,Mallorca,28,1995,30.7,38.9,45.3,85.9,730.2,276.6,14.4,15.6,91.9,19.8,21.1,94,4.17,7.26,57.4,0,0,0.02,0,0.13,2.74,0.13,0,2.96,Matches
573,Jesús Vallejo,es ESP,DF,Real Madrid,27,1997,1.5,40,44.7,89.6,729.3,261.3,12.7,12.7,100,24.7,27.3,90.2,2,4,50,0.67,0.07,0.13,0.6,1.33,3.33,0.67,0,3.33,Matches
574,Federico Valverde,uy URU,"MF,DF",Real Madrid,26,1998,33.7,59.6,66.4,89.9,1037.8,303.5,28.9,30.8,93.8,23.4,25,93.8,5.88,7.77,75.6,0.12,0.09,0.09,0.03,1.16,6.88,0.92,0.06,6.71,Matches
575,Siebe Van Der Heyden,be BEL,"DF,MF",Mallorca,26,1998,1.1,59.1,66.4,89,1058.2,280,28.2,30,93.9,23.6,27.3,86.7,6.36,8.18,77.8,0,0.09,0.09,-0.09,0.91,6.36,0.91,0.91,4.55,Matches
576,Ruben Vargas,ch SUI,"FW,MF",Sevilla,25,1998,7.5,22.1,32.9,67.2,361.9,92.8,12.5,15.1,83.2,6.8,9.87,68.9,2.13,5.2,41,0.13,0.11,0.12,0.03,1.73,1.47,1.2,0.67,1.87,Matches
577,José Luis García Vayá,es ESP,MF,Valencia,25,1998,19.4,50,63.8,78.4,944.6,320.5,21.5,23.9,90.1,20.3,24.3,83.5,6.96,12.7,54.7,0.1,0.11,0.13,-0.01,1.65,8.4,0.31,0.15,7.32,Matches
578,Jesus Vazquez,es ESP,DF,Valencia,21,2003,10.2,33.8,43.8,77.2,463.9,129.7,21.2,23.2,91.1,11.3,14.7,76.7,0.78,2.65,29.6,0,0.06,0.06,-0.06,0.29,1.76,0.29,0.2,2.06,Matches
579,Lucas Vázquez,es ESP,DF,Real Madrid,33,1991,24.3,58.2,66.8,87.1,885.1,215.1,31.4,33.9,92.8,22.5,25.6,87.9,2.8,4.4,63.6,0.21,0.19,0.16,0.01,1.36,2.67,1.19,0.08,4.07,Matches
580,Alejo Véliz,ar ARG,FW,Espanyol,20,2003,12.5,9.76,15,65.2,128.6,14.6,6.32,8.48,74.5,2.24,3.68,60.9,0.64,0.96,66.7,0,0.05,0.01,-0.05,0.24,0.72,0,0,0.64,Matches
581,Mikel Vesga,es ESP,MF,Athletic Club,31,1993,11,39,49,79.6,687.2,198.2,16.9,19.1,88.6,17.5,21.3,82.1,4,6.73,59.5,0,0.09,0.06,-0.09,1.09,4.64,0.45,0,5.82,Matches
582,Carlos Vicente,es ESP,"FW,MF",Alavés,25,1999,34.4,20.9,33.1,63.2,349.7,118.1,11.3,14.4,78.2,6.98,10.3,67.8,2.24,5.38,41.6,0.15,0.16,0.17,-0.01,1.83,1.05,1.1,0.84,1.98,Matches
583,Pau Victor,es ESP,FW,Barcelona,22,2001,3.5,28,34.6,81,404.6,63.1,15.4,17.1,90,10.6,13.4,78.7,1.14,1.43,80,0.29,0.26,0.11,0.03,2.29,1.43,1.14,0,3.14,Matches
584,Nacho Vidal,es ESP,DF,Osasuna,29,1995,1.4,26.4,35,75.5,437.9,217.1,15,16.4,91.3,5.71,7.86,72.7,5,7.86,63.6,0,0,0,0,0,0.71,0,0,0.71,Matches
585,Fran Vieites,es ESP,GK,Betis,25,1999,4,19,29.8,63.9,511.8,336.3,3.75,3.75,100,9.25,9.25,100,6,16.8,35.8,0,0,0,0,0,0.5,0,0,0,Matches
586,Sergio Viera,es ESP,MF,Las Palmas,19,2005,1.1,40.9,46.4,88.2,710.9,100,20,22.7,88,14.5,15.5,94.1,5.45,6.36,85.7,0,0,0,0,0,4.55,0,0,1.82,Matches
587,Asier Villalibre,es ESP,FW,Alavés,26,1997,3.7,11.9,18.6,63.8,174.3,41.4,7.84,10.5,74.4,3.24,6.22,52.2,0.81,1.08,75,0.27,0.27,0.08,0,0.27,0.81,1.08,0,1.89,Matches
588,Iván Villar,es ESP,GK,Celta Vigo,27,1997,4,23.8,29.3,81.2,426,277.8,7.5,7.5,100,11,11,100,2.5,8,31.3,0,0,0,0,0,0,0,0,0,Matches
589,Viti,es ESP,DF,Las Palmas,26,1997,22,34.4,42.5,81,560.3,195.3,16.6,18.2,91.5,15,18.7,80.5,2.05,3.64,56.3,0.09,0.06,0.06,0.03,0.55,1.82,0.59,0.36,2,Matches
590,Daniel Vivian,es ESP,DF,Athletic Club,25,1999,29,52.6,60.4,87.1,1090.6,408.6,13.7,15.2,89.8,32.4,34.4,94.3,6.31,9.86,64,0,0.01,0.02,-0.01,0.34,5.72,0.34,0.1,6.38,Matches
591,Krapyvtsov Vladyslav,ua UKR,GK,Girona,19,2005,2,26.5,35,75.7,792.5,589.5,2,2,100,16,17,94.1,8.5,16,53.1,0,0,0,0,0,0.5,0,0,0,Matches
592,Iñaki Williams,gh GHA,FW,Athletic Club,30,1994,29.5,17.8,28.1,63.3,268.5,77.8,10.1,13.4,75.2,6.54,9.69,67.5,0.78,2.58,30.3,0.27,0.26,0.17,0.01,1.46,1.29,1.73,0.51,2.58,Matches
593,Nico Williams,es ESP,FW,Athletic Club,22,2002,22.2,22.4,31.8,70.5,351.2,81.1,12.7,15.2,83.7,7.21,9.64,74.8,1.76,3.96,44.3,0.23,0.16,0.19,0.07,1.8,1.04,1.31,0.36,3.11,Matches
594,Axel Witsel,be BEL,DF,Atlético Madrid,35,1989,9.5,52,57.4,90.6,945.3,352.7,19.1,20.8,91.4,29.2,31.6,92.3,3.47,4.21,82.5,0.11,0.05,0.07,0.05,0.21,1.79,0,0,2.21,Matches
595,Lamine Yamal,es ESP,FW,Barcelona,17,2007,31.7,36.6,49,74.8,511.3,143.8,22.9,26.6,86.2,10.3,14.1,73,1.77,3.94,44.8,0.41,0.44,0.37,-0.03,2.02,2.46,3,0.5,5.05,Matches
596,Daniel Yáñez,es ESP,FW,Real Madrid,17,2007,0,0,0,,0,0,0,0,,0,0,,0,0,,0,0,0,0,0,0,0,0,0,Matches
597,Bertuğ Yıldırım,tr TUR,FW,Getafe,22,2002,12,8.42,15.5,54.3,108.7,23.9,4.67,8.25,56.6,2.5,4.17,60,0.33,0.75,44.4,0,0.1,0.05,-0.1,0.75,0.75,0.75,0.25,1.17,Matches
598,Arsen Zakharyan,ru RUS,"MF,FW",Real Sociedad,21,2003,0.8,35,41.3,84.8,563.8,132.5,21.3,25,85,7.5,8.75,85.7,5,6.25,80,0,0.13,0.13,-0.13,1.25,3.75,1.25,0,3.75,Matches
599,Bryan Zaragoza,es ESP,"FW,MF",Osasuna,23,2001,20.4,17.5,27.2,64.6,319.9,90,7.84,9.95,78.8,6.72,10,66.8,2.5,5.05,49.5,0.29,0.16,0.25,0.14,1.76,1.13,1.67,0.98,2.45,Matches
600,Igor Zubeldia,es ESP,DF,Real Sociedad,27,1997,25.2,50.8,58.8,86.4,990.4,303.8,15.7,17.3,90.8,30.9,32.8,94.2,3.97,7.62,52.1,0,0.02,0.02,-0.02,0.16,3.69,0.24,0,4.01,Matches
601,Martín Zubimendi,es ESP,MF,Real Sociedad,25,1999,32.9,45,53.9,83.6,770.2,223.8,20.8,23.7,87.7,19.9,22.5,88.4,3.47,5.38,64.4,0.03,0.03,0.04,0,0.58,5.23,0.7,0.03,5.93,Matches