Rk,Player,Nation,Pos,Squad,Age,Born,90s,Gls,Sh,SoT,SoT%,Sh/90,SoT/90,G/Sh,G/SoT,Dist,FK,PK,PKatt,xG,npxG,npxG/Sh,G-xG,np:G-xG,Matches
1,Max Aarons,eng ENG,"DF,MF",Valencia,24,2000,1.3,0,0,0,,0,0,,,,0,0,0,0,0,,0,0,Matches
2,Rodrigo Abajas,es ESP,DF,Valencia,21,2003,0.7,0,1,0,0,1.38,0,0,,24.5,0,0,0,0.1,0.1,0.07,-0.1,-0.1,Matches
3,Abel,es ESP,DF,Osasuna,23,2000,23,2,12,4,33.3,0.52,0.17,0.17,0.5,22.9,0,0,0,0.5,0.5,0.04,1.5,1.5,Matches
4,Nabil Aberdin,fr FRA,MF,Getafe,21,2002,2.9,0,2,0,0,0.68,0,0,,31.2,0,0,0,0,0,0.02,0,0,Matches
5,Abdel Abqar,ma MAR,DF,Alavés,25,1999,27.4,0,12,1,8.3,0.44,0.04,0,0,8,0,0,0,0.9,0.9,0.08,-0.9,-0.9,Matches
6,Akor Adams,ng NGA,FW,Sevilla,24,2000,1.5,0,2,1,50,1.34,0.67,0,0,22.2,0,0,0,0.4,0.4,0.22,-0.4,-0.4,Matches
7,Adrián,es ESP,GK,Betis,37,1987,19,0,0,0,,0,0,,,,0,0,0,0,0,,0,0,Matches
8,Julen Agirrezabala,es ESP,GK,Athletic Club,23,2000,13.4,0,0,0,,0,0,,,,0,0,0,0,0,,0,0,Matches
9,Lucien Agoume,fr FRA,MF,Sevilla,22,2002,23.5,1,10,2,20,0.43,0.09,0.1,0.5,15,0,0,0,0.9,0.9,0.09,0.1,0.1,Matches
10,Álvaro Aguado,es ESP,MF,Espanyol,28,1996,4.9,0,10,1,10,2.03,0.2,0,0,23,1,0,0,0.6,0.6,0.06,-0.6,-0.6,Matches
11,Lorenzo Aguado,es ESP,DF,Real Madrid,21,2002,0.1,0,0,0,,0,0,,,,0,0,0,0,0,,0,0,Matches
12,Nayef Aguerd,ma MAR,DF,Real Sociedad,28,1996,19.6,0,15,5,33.3,0.77,0.26,0,0,11.5,0,0,0,2.4,2.4,0.16,-2.4,-2.4,Matches
13,Joseph Aidoo,gh GHA,DF,Valladolid,28,1995,6.5,0,1,0,0,0.15,0,0,,10.3,0,0,0,0,0,0.04,0,0,Matches
14,Joseph Aidoo,gh GHA,DF,Celta Vigo,28,1995,0,0,0,0,,0,0,,,,0,0,0,0,0,,0,0,Matches
15,Ilias Akhomach,ma MAR,"MF,FW",Villarreal,20,2004,6.5,1,17,6,35.3,2.62,0.92,0.06,0.17,23.3,0,0,0,0.6,0.6,0.03,0.4,0.4,Matches
16,David Alaba,at AUT,DF,Real Madrid,32,1992,3.5,0,0,0,,0,0,,,,0,0,0,0,0,,0,0,Matches
17,Ibrahim Alani,ng NGA,MF,Valladolid,18,2006,1.8,0,1,0,0,0.56,0,0,,30.2,0,0,0,0,0,0.02,0,0,Matches
18,Raúl Albiol,es ESP,DF,Villarreal,38,1985,13.2,0,2,0,0,0.15,0,0,,9.6,0,0,0,0.1,0.1,0.05,-0.1,-0.1,Matches
19,Omar Alderete,py PAR,DF,Getafe,27,1996,33,1,38,10,26.3,1.15,0.3,0.03,0.1,21.9,7,0,0,1.7,1.7,0.04,-0.7,-0.7,Matches
20,Carles Aleñá,es ESP,"MF,FW",Getafe,26,1998,5,0,5,1,20,1,0.2,0,0,13.7,0,0,0,0.9,0.9,0.18,-0.9,-0.9,Matches
21,Carles Aleñá,es ESP,"MF,FW",Alavés,26,1998,12.1,0,15,4,26.7,1.24,0.33,0,0,19.8,1,0,0,0.7,0.7,0.05,-0.7,-0.7,Matches
22,Alfon,es ESP,"FW,MF",Celta Vigo,25,1999,15.2,5,46,19,41.3,3.02,1.25,0.11,0.26,17.3,0,0,0,4.6,4.6,0.1,0.4,0.4,Matches
23,Tadeo Allende,ar ARG,FW,Celta Vigo,25,1999,0,0,0,0,,0,0,,,,0,0,0,0,0,,0,0,Matches
24,Domingos André Ribeiro Almeida,pt POR,"MF,FW",Valencia,24,2000,22,0,18,5,27.8,0.82,0.23,0,0,24.1,2,0,0,1.2,1.2,0.07,-1.2,-1.2,Matches
25,Iker Almena,es ESP,"FW,DF",Girona,20,2004,0.5,0,1,0,0,1.87,0,0,,24.7,0,0,0,0,0,0.03,0,0,Matches
26,Marcos Alonso,es ESP,DF,Celta Vigo,33,1990,29.4,3,31,10,32.3,1.05,0.34,0,0,20.3,7,3,3,4,1.6,0.05,-1,-1.6,Matches
27,Adrià Altimira,es ESP,"DF,FW",Leganés,23,2001,18.1,0,7,2,28.6,0.39,0.11,0,0,24.1,0,0,0,0.3,0.3,0.04,-0.3,-0.3,Matches
28,Sergi Altimira,es ESP,MF,Betis,22,2001,21.9,0,21,4,19,0.96,0.18,0,0,21.2,0,0,0,1.7,1.6,0.08,-1.7,-1.6,Matches
29,Hugo Álvarez,es ESP,"MF,DF",Celta Vigo,21,2003,17.5,4,25,9,36,1.43,0.52,0.16,0.44,16.2,1,0,0,2.5,2.5,0.1,1.5,1.5,Matches
30,Julián Álvarez,ar ARG,FW,Atlético Madrid,24,2000,27.9,17,70,36,51.4,2.51,1.29,0.19,0.36,18.3,5,4,4,14.1,11,0.16,2.9,2,Matches
31,Yeray Álvarez,es ESP,DF,Athletic Club,29,1995,19.8,1,9,2,22.2,0.45,0.1,0.11,0.5,15.5,0,0,0,0.5,0.5,0.05,0.5,0.5,Matches
32,Selim Amallah,ma MAR,MF,Valladolid,27,1996,15.3,3,21,7,33.3,1.37,0.46,0.1,0.29,22.9,1,1,1,3.5,2.7,0.13,-0.5,-0.7,Matches
33,Amath,sn SEN,"FW,DF",Valladolid,28,1996,4.2,0,5,1,20,1.2,0.24,0,0,13.7,0,0,0,0.4,0.4,0.07,-0.4,-0.4,Matches
34,Marcos André,br BRA,FW,Valladolid,27,1996,13.2,1,22,2,9.1,1.67,0.15,0.05,0.5,14,0,0,0,2.7,2.7,0.12,-1.7,-1.7,Matches
35,Leandro Antonetti,pr PUR,FW,Sevilla,21,2003,0.3,0,1,1,100,3.21,3.21,0,0,26.9,0,0,0,0.1,0.1,0.14,-0.1,-0.1,Matches
36,Antoniu,es ESP,"FW,MF",Espanyol,21,2002,11.4,0,10,4,40,0.88,0.35,0,0,19.7,0,0,0,0.9,0.9,0.09,-0.9,-0.9,Matches
37,Antony,br BRA,FW,Betis,24,2000,15.1,5,43,17,39.5,2.84,1.12,0.12,0.29,19.9,1,0,0,2.9,2.9,0.07,2.1,2.1,Matches
38,Anuar,ma MAR,"MF,FW",Valladolid,29,1995,19.1,2,11,5,45.5,0.58,0.26,0.18,0.4,12.8,0,0,0,1.7,1.7,0.15,0.3,0.3,Matches
39,Aritz Arambarri,es ESP,DF,Leganés,26,1998,2,0,1,0,0,0.51,0,0,,15.7,0,0,0,0,0,0.02,0,0,Matches
40,Mauro Arambarri,uy URU,MF,Getafe,28,1995,29.6,10,53,16,30.2,1.79,0.54,0.13,0.44,18.2,1,3,3,8.2,5.8,0.11,1.8,1.2,Matches
41,Jon Aramburu,ve VEN,DF,Real Sociedad,22,2002,27.3,1,11,3,27.3,0.4,0.11,0.09,0.33,20.8,0,0,0,0.4,0.4,0.04,0.6,0.6,Matches
42,Ronald Araújo,uy URU,DF,Barcelona,25,1999,8.4,1,4,2,50,0.48,0.24,0.25,0.5,11.8,0,0,0,1,1,0.24,0,0,Matches
43,Adu Ares,es ESP,FW,Athletic Club,22,2001,0.2,0,0,0,,0,0,,,,0,0,0,0,0,,0,0,Matches
44,Jesús Areso,es ESP,DF,Osasuna,25,1999,34.2,0,8,0,0,0.23,0,0,,21.4,0,0,0,0.2,0.2,0.03,-0.2,-0.2,Matches
45,David Argüelles,es ESP,MF,Getafe,22,2002,0.1,0,0,0,,0,0,,,,0,0,0,0,0,,0,0,Matches
46,José Arnaiz,es ESP,"FW,MF",Osasuna,29,1995,1.5,0,6,3,50,4.06,2.03,0,0,23.1,2,0,0,0.3,0.3,0.05,-0.3,-0.3,Matches
47,Sergio Arribas,es ESP,DF,Betis,21,2003,1,0,0,0,,0,0,,,,0,0,0,0,0,,0,0,Matches
48,Takuma Asano,jp JPN,"FW,MF",Mallorca,29,1994,11.7,2,28,8,28.6,2.39,0.68,0.07,0.25,13.6,0,0,0,2.7,2.7,0.1,-0.7,-0.7,Matches
49,Raúl Asencio,es ESP,DF,Real Madrid,21,2003,18.6,0,3,1,33.3,0.16,0.05,0,0,21.4,0,0,0,0.1,0.1,0.04,-0.1,-0.1,Matches
50,Iago Aspas,es ESP,"FW,MF",Celta Vigo,36,1987,19.4,10,46,18,39.1,2.37,0.93,0.11,0.28,21.3,3,5,6,8.7,4,0.09,1.3,1,Matches
51,Yaser Asprilla,co COL,"FW,MF",Girona,20,2003,15.6,3,38,11,28.9,2.43,0.7,0.08,0.27,22.9,2,0,0,2.1,2.1,0.05,0.9,0.9,Matches
52,Ezequiel Ávila,ar ARG,FW,Betis,30,1994,7.5,2,20,10,50,2.66,1.33,0.1,0.2,17.9,0,0,0,1.5,1.5,0.08,0.5,0.5,Matches
53,Adam Aznou,ma MAR,DF,Valladolid,18,2006,9.7,0,4,1,25,0.41,0.1,0,0,17.7,0,0,0,0.3,0.3,0.07,-0.3,-0.3,Matches
54,César Azpilicueta,es ESP,DF,Atlético Madrid,34,1989,9.7,1,5,2,40,0.51,0.21,0.2,0.5,17.8,0,0,0,0.2,0.2,0.05,0.8,0.8,Matches
55,Papa Ba,es ESP,MF,Girona,19,2004,0.5,0,1,0,0,1.87,0,0,,9.8,0,0,0,0,0,0.03,0,0,Matches
56,Loïc Bade,fr FRA,DF,Sevilla,24,2000,29.8,1,13,4,30.8,0.44,0.13,0.08,0.25,15,0,0,0,0.6,0.6,0.05,0.4,0.4,Matches
57,Alex Baena,es ESP,"MF,FW",Villarreal,23,2001,28.8,7,69,17,24.6,2.39,0.59,0.1,0.41,21,8,0,1,7.1,6.3,0.09,-0.1,0.7,Matches
58,Juma Bah,sl SLE,DF,Valladolid,18,2006,9.6,0,3,1,33.3,0.31,0.1,0,0,9.1,0,0,0,0.3,0.3,0.09,-0.3,-0.3,Matches
59,Eric Bailly,ci CIV,DF,Villarreal,30,1994,6.9,0,4,0,0,0.58,0,0,,7.8,0,0,0,0.3,0.3,0.08,-0.3,-0.3,Matches
60,Stefan Bajcetic,es ESP,"MF,DF",Las Palmas,19,2004,10.8,1,5,2,40,0.46,0.19,0.2,0.5,23.1,0,0,0,0.3,0.3,0.05,0.7,0.7,Matches
61,Cédric Bakambu,cd COD,FW,Betis,33,1991,7.9,2,24,11,45.8,3.04,1.39,0.08,0.18,13.7,0,0,0,3.2,3.2,0.13,-1.2,-1.2,Matches
62,Alejandro Balde,es ESP,DF,Barcelona,20,2003,25.4,0,12,3,25,0.47,0.12,0,0,22,0,0,0,0.5,0.5,0.04,-0.5,-0.5,Matches
63,Iván Balliu,al ALB,DF,Rayo Vallecano,32,1992,13.3,0,1,0,0,0.07,0,0,,30.9,0,0,0,0,0,0.01,0,0,Matches
64,Jonathan Bamba,ci CIV,"FW,MF",Celta Vigo,28,1996,9,0,13,6,46.2,1.44,0.67,0,0,18.4,0,0,0,0.8,0.8,0.06,-0.8,-0.8,Matches
65,Adrian Baquerin,es ESP,FW,Valladolid,17,2007,0.5,0,3,0,0,5.51,0,0,,11,0,0,0,0.4,0.4,0.13,-0.4,-0.4,Matches
66,Valentín Barco,ar ARG,"DF,FW",Sevilla,20,2004,3.2,0,7,0,0,2.19,0,0,,27.8,2,0,0,0.3,0.3,0.04,-0.3,-0.3,Matches
67,Borna Barišić,hr CRO,DF,Leganés,31,1992,0.1,0,0,0,,0,0,,,,0,0,0,0,0,,0,0,Matches
68,Kike Barja,es ESP,"FW,MF",Osasuna,27,1997,3.5,0,4,1,25,1.14,0.29,0,0,18.8,0,0,0,0.2,0.2,0.05,-0.2,-0.2,Matches
69,Enzo Barrenechea,ar ARG,MF,Valencia,23,2001,24.3,1,16,3,18.8,0.66,0.12,0.06,0.33,18.5,0,0,0,1.3,1.3,0.08,-0.3,-0.3,Matches
70,Ander Barrenetxea,es ESP,"MF,FW",Real Sociedad,22,2001,14,1,25,8,32,1.78,0.57,0.04,0.13,16.2,0,0,0,1.6,1.6,0.07,-0.6,-0.6,Matches
71,Pablo Barrios,es ESP,MF,Atlético Madrid,21,2003,25.9,1,29,8,27.6,1.12,0.31,0.03,0.13,23.1,0,0,0,1.3,1.3,0.05,-0.3,-0.3,Matches
72,Thierno Barry,fr FRA,FW,Villarreal,21,2002,25.8,11,71,24,33.8,2.75,0.93,0.14,0.42,12,0,1,1,12.5,11.7,0.17,-1.5,-1.7,Matches
73,Marc Bartra,es ESP,DF,Betis,33,1991,23.3,2,18,5,27.8,0.77,0.21,0.11,0.4,20.8,1,0,0,1.2,1.2,0.07,0.8,0.8,Matches
74,Aboubacar Bassinga,ci CIV,MF,Las Palmas,19,2005,0,0,0,0,,0,0,,,,0,0,0,0,0,,0,0,Matches
75,Augusto Batalla,ar ARG,GK,Rayo Vallecano,28,1996,32,0,0,0,,0,0,,,,0,0,0,0,0,,0,0,Matches
76,Rafael Bauza,es ESP,MF,Espanyol,19,2005,2,0,3,0,0,1.48,0,0,,23.3,0,0,0,0.1,0.1,0.03,-0.1,-0.1,Matches
77,Sheraldo Becker,sr SUR,"FW,MF",Real Sociedad,29,1995,11.1,2,22,13,59.1,1.99,1.18,0.09,0.15,19.1,0,0,0,2,2,0.09,0,0,Matches
78,Donny van de Beek,nl NED,MF,Girona,27,1997,15.8,2,18,5,27.8,1.14,0.32,0.11,0.4,14.7,0,0,0,1.5,1.5,0.08,0.5,0.5,Matches
79,Luken Beitia,es ESP,DF,Real Sociedad,20,2004,0.1,0,0,0,,0,0,,,,0,0,0,0,0,,0,0,Matches
80,Ismael Bekhoucha,ma MAR,"MF,DF",Getafe,19,2004,0.8,0,0,0,,0,0,,,,0,0,0,0,0,,0,0,Matches
81,Héctor Bellerín,es ESP,DF,Betis,29,1995,6.4,0,1,1,100,0.16,0.16,0,0,14.6,0,0,0,0.2,0.2,0.2,-0.2,-0.2,Matches
82,Jude Bellingham,eng ENG,MF,Real Madrid,21,2003,27.6,9,60,22,36.7,2.17,0.8,0.13,0.36,15.6,0,1,2,11.4,9.9,0.17,-2.4,-1.9,Matches
83,Fran Beltrán,es ESP,MF,Celta Vigo,25,1999,26.9,2,23,4,17.4,0.86,0.15,0.09,0.5,23.1,0,0,0,1,1,0.04,1,1,Matches
84,Carlos Benavídez,uy URU,MF,Alavés,26,1998,5.4,1,5,2,40,0.92,0.37,0.2,0.5,21.4,0,0,0,0.3,0.3,0.05,0.7,0.7,Matches
85,Iker Benito,es ESP,"FW,MF",Osasuna,21,2002,0.4,0,0,0,,0,0,,,,0,0,0,0,0,,0,0,Matches
86,Yuri Berchiche,es ESP,DF,Athletic Club,34,1990,22.7,0,16,4,25,0.7,0.18,0,0,25.2,2,0,0,0.6,0.6,0.04,-0.6,-0.6,Matches
87,Álex Berenguer,es ESP,"FW,MF",Athletic Club,29,1995,26,6,51,18,35.3,1.96,0.69,0.12,0.33,18.4,3,0,1,6.8,6,0.12,-0.8,0,Matches
88,Marc Bernal,es ESP,MF,Barcelona,17,2007,2.7,0,2,1,50,0.74,0.37,0,0,26,0,0,0,0.1,0.1,0.03,-0.1,-0.1,Matches
89,Juan Bernat,es ESP,"DF,MF",Villarreal,31,1993,2.4,0,2,1,50,0.85,0.42,0,0,17.6,0,0,0,0.3,0.3,0.14,-0.3,-0.3,Matches
90,Juan Bernat,es ESP,"MF,DF",Getafe,31,1993,7.8,0,4,0,0,0.52,0,0,,22.1,0,0,0,0.1,0.1,0.03,-0.1,-0.1,Matches
91,Juan Berrocal,es ESP,DF,Getafe,25,1999,11.8,0,4,0,0,0.34,0,0,,11,0,0,0,0.4,0.4,0.09,-0.4,-0.4,Matches
92,Antonio Blanco,es ESP,MF,Alavés,24,2000,30.3,0,25,3,12,0.83,0.1,0,0,27.1,0,0,0,0.8,0.8,0.03,-0.8,-0.8,Matches
93,Daley Blind,nl NED,DF,Girona,34,1990,30.9,0,10,4,40,0.32,0.13,0,0,19,0,0,0,0.5,0.5,0.05,-0.5,-0.5,Matches
94,Adama Boiro,es ESP,"DF,FW",Athletic Club,22,2002,12.2,0,5,0,0,0.41,0,0,,14.4,0,0,0,0.3,0.3,0.05,-0.3,-0.3,Matches
95,Enzo Boyomo,cm CMR,DF,Osasuna,22,2001,33.2,2,12,3,25,0.36,0.09,0.17,0.67,12.4,0,0,0,1.5,1.5,0.12,0.5,0.5,Matches
96,Enzo Boyomo,cm CMR,DF,Valladolid,22,2001,3,0,2,0,0,0.67,0,0,,11.7,0,0,0,0.1,0.1,0.03,-0.1,-0.1,Matches
97,Darko Brašanac,rs SRB,MF,Leganés,32,1992,18,1,12,3,25,0.67,0.17,0.08,0.33,13.1,0,0,0,1.8,1.8,0.15,-0.8,-0.8,Matches
98,Tajon Buchanan,ca CAN,MF,Villarreal,25,1999,4.6,1,7,2,28.6,1.51,0.43,0.14,0.5,18.6,0,0,0,0.9,0.9,0.13,0.1,0.1,Matches
99,Ante Budimir,hr CRO,FW,Osasuna,33,1991,32.8,21,91,29,31.9,2.77,0.88,0.14,0.45,13.3,0,8,8,18.3,12.3,0.14,2.7,0.7,Matches
100,Manu Bueno,es ESP,"MF,FW",Sevilla,20,2004,1.6,1,4,1,25,2.57,0.64,0.25,1,26.8,0,0,0,0.1,0.1,0.03,0.9,0.9,Matches
101,Endika Buján,es ESP,FW,Athletic Club,21,2003,0.1,0,0,0,,0,0,,,,0,0,0,0,0,,0,0,Matches
102,Pau Cabanes,es ESP,"MF,FW",Villarreal,19,2005,1.8,1,4,2,50,2.21,1.1,0.25,0.5,14.2,0,0,0,0.5,0.5,0.12,0.5,0.5,Matches
103,Pau Cabanes,es ESP,"MF,FW",Alavés,19,2005,2.1,0,2,1,50,0.96,0.48,0,0,26.6,0,0,0,0,0,0.02,0,0,Matches
104,Leandro Cabrera,uy URU,DF,Espanyol,33,1991,31.9,4,19,6,31.6,0.6,0.19,0.21,0.67,12.2,0,0,0,1.1,1.1,0.06,2.9,2.9,Matches
105,Fernando Calero,es ESP,"DF,MF",Espanyol,28,1995,7.9,1,2,1,50,0.25,0.13,0.5,1,9.1,0,0,0,0.3,0.3,0.14,0.7,0.7,Matches
106,Eduardo Camavinga,fr FRA,"MF,DF",Real Madrid,21,2002,12.2,1,8,2,25,0.65,0.16,0.13,0.5,18.5,0,0,0,0.4,0.4,0.05,0.6,0.6,Matches
107,Sergio Camello,es ESP,FW,Rayo Vallecano,23,2001,12.6,3,32,9,28.1,2.54,0.71,0.09,0.33,16.3,0,0,0,4.1,4.1,0.13,-1.1,-1.1,Matches
108,José Campaña,es ESP,MF,Las Palmas,31,1993,13.2,0,5,3,60,0.38,0.23,0,0,37,2,0,0,0.1,0.1,0.02,-0.1,-0.1,Matches
109,Peio Canales,es ESP,"MF,FW",Athletic Club,19,2005,2.9,0,3,0,0,1.04,0,0,,21.5,0,0,0,0.2,0.2,0.06,-0.2,-0.2,Matches
110,Antonio Candela,it ITA,DF,Valladolid,24,2000,10.1,0,1,0,0,0.1,0,0,,16.5,0,0,0,0,0,0.04,0,0,Matches
111,Sergi Canós,es ESP,"MF,FW",Valencia,27,1997,4.1,0,11,3,27.3,2.68,0.73,0,0,19.8,0,0,0,0.5,0.5,0.05,-0.5,-0.5,Matches
112,Dani Cárdenas,es ESP,GK,Rayo Vallecano,27,1997,6,0,0,0,,0,0,,,,0,0,0,0,0,,0,0,Matches
113,Irvin Cardona,fr FRA,"FW,MF",Espanyol,26,1997,6.7,1,10,3,30,1.49,0.45,0.1,0.33,17.3,1,0,0,1.1,1.1,0.11,-0.1,-0.1,Matches
114,Marc Cardona,es ESP,"FW,DF",Las Palmas,29,1995,1.5,0,4,0,0,2.73,0,0,,15,0,0,0,0.4,0.4,0.09,-0.4,-0.4,Matches
115,Sergi Cardona,es ESP,DF,Villarreal,25,1999,32.7,1,20,6,30,0.61,0.18,0.05,0.17,13.7,0,0,0,2.4,2.4,0.12,-1.4,-1.4,Matches
116,Johnny Cardoso,us USA,MF,Betis,22,2001,23.8,3,19,7,36.8,0.8,0.29,0.16,0.43,14.9,0,0,0,2,2,0.11,1,1,Matches
117,José Carlos González,es ESP,DF,Las Palmas,18,2006,0.1,0,0,0,,0,0,,,,0,0,0,0,0,,0,0,Matches
118,Carmona,es ESP,DF,Sevilla,22,2002,32.7,0,19,4,21.1,0.58,0.12,0,0,24.7,0,0,0,0.5,0.5,0.03,-0.5,-0.5,Matches
119,Sergio Carreira,es ESP,"MF,DF",Celta Vigo,23,2000,18.4,0,13,3,23.1,0.71,0.16,0,0,15.6,0,0,0,0.6,0.6,0.05,-0.6,-0.6,Matches
120,Dani Carvajal,es ESP,DF,Real Madrid,32,1992,6.8,1,3,1,33.3,0.44,0.15,0.33,1,3.4,0,0,0,1.3,1.3,0.44,-0.3,-0.3,Matches
121,William Carvalho,pt POR,MF,Betis,32,1992,5.4,0,4,1,25,0.74,0.19,0,0,16.7,0,0,0,0.2,0.2,0.05,-0.2,-0.2,Matches
122,Marc Casado,es ESP,MF,Barcelona,20,2003,17.9,1,14,1,7.1,0.78,0.06,0.07,1,22.4,0,0,0,1.1,1.1,0.08,-0.1,-0.1,Matches
123,Catena,es ESP,DF,Osasuna,29,1994,34.2,1,20,5,25,0.59,0.15,0.05,0.2,10.9,0,0,0,2.2,2.2,0.11,-1.2,-1.2,Matches
124,Maximiliano Caufriez,be BEL,DF,Valencia,27,1997,1,0,0,0,,0,0,,,,0,0,0,0,0,,0,0,Matches
125,Dani Ceballos,es ESP,MF,Real Madrid,27,1996,13.5,0,7,2,28.6,0.52,0.15,0,0,22.5,0,0,0,0.4,0.4,0.05,-0.4,-0.4,Matches
126,Franco Cervi,ar ARG,"FW,MF",Celta Vigo,30,1994,3,0,0,0,,0,0,,,,0,0,0,0,0,,0,0,Matches
127,Raúl Chasco,es ESP,DF,Valladolid,20,2003,1.4,0,0,0,,0,0,,,,0,0,0,0,0,,0,0,Matches
128,Pep Chavarría,es ESP,"DF,FW",Rayo Vallecano,26,1998,28.7,0,11,3,27.3,0.38,0.1,0,0,20.1,0,0,0,1.2,1.2,0.11,-1.2,-1.2,Matches
129,Walid Cheddira,ma MAR,FW,Espanyol,26,1998,7.1,1,13,4,30.8,1.83,0.56,0.08,0.25,12.7,0,0,0,1,1,0.08,0,0,Matches
130,Chema,es ESP,MF,Real Madrid,19,2005,0.1,0,0,0,,0,0,,,,0,0,0,0,0,,0,0,Matches
131,Julián Chicco,ar ARG,"MF,DF",Leganés,26,1998,3.4,0,3,1,33.3,0.89,0.3,0,0,19.7,0,0,0,0.5,0.5,0.16,-0.5,-0.5,Matches
132,Chiquinho,pt POR,"MF,FW",Mallorca,24,2000,1.6,0,4,2,50,2.47,1.23,0,0,15.4,0,0,0,0.3,0.3,0.08,-0.3,-0.3,Matches
133,Andreas Christensen,dk DEN,DF,Barcelona,28,1996,2.8,0,1,0,0,0.35,0,0,,12.3,0,0,0,0,0,0.02,0,0,Matches
134,Jasper Cillessen,nl NED,GK,Las Palmas,35,1989,25.9,0,0,0,,0,0,,,,0,0,0,0,0,,0,0,Matches
135,Pathé Ciss,sn SEN,"MF,DF",Rayo Vallecano,30,1994,23.8,4,21,6,28.6,0.88,0.25,0.19,0.67,15.2,0,0,0,1.8,1.7,0.09,2.2,2.3,Matches
136,Seydouba Cissé,gn GUI,MF,Leganés,23,2001,27.1,3,24,5,20.8,0.89,0.18,0.13,0.6,20,0,0,0,3,3,0.13,0,0,Matches
137,Silvi Clúa,es ESP,MF,Girona,19,2005,1.8,0,2,1,50,1.1,0.55,0,0,33.3,0,0,0,0,0,0.02,0,0,Matches
138,Eray Cömert,ch SUI,"DF,MF",Valladolid,26,1998,19.8,0,9,1,11.1,0.46,0.05,0,0,21.4,1,0,0,0.9,0.9,0.1,-0.9,-0.9,Matches
139,Santi Comesaña,es ESP,MF,Villarreal,27,1996,28.4,4,39,8,20.5,1.37,0.28,0.1,0.5,13.1,0,0,0,4.6,4.6,0.12,-0.6,-0.6,Matches
140,Diego Conde,es ESP,GK,Villarreal,25,1998,21.8,0,0,0,,0,0,,,,0,0,0,0,0,,0,0,Matches
141,Tomás Conechny,ar ARG,"FW,MF",Alavés,26,1998,9.4,1,22,10,45.5,2.34,1.06,0.05,0.1,18.3,2,0,0,2.4,2.4,0.11,-1.4,-1.4,Matches
142,Copete,es ESP,DF,Mallorca,24,1999,17,0,6,2,33.3,0.35,0.12,0,0,9.9,0,0,0,0.5,0.5,0.08,-0.5,-0.5,Matches
143,Iker Córdoba,es ESP,DF,Valencia,18,2005,0.2,0,0,0,,0,0,,,,0,0,0,0,0,,0,0,Matches
144,Ángel Correa,ar ARG,"FW,MF",Atlético Madrid,29,1995,8.9,4,34,14,41.2,3.8,1.57,0.12,0.29,13.9,0,0,0,4.5,4.5,0.13,-0.5,-0.5,Matches
145,Thierry Correia,pt POR,DF,Valencia,25,1999,8.5,0,7,3,42.9,0.82,0.35,0,0,19,0,0,0,0.3,0.3,0.05,-0.3,-0.3,Matches
146,Coba da Costa,es ESP,"MF,FW",Getafe,22,2002,11.2,1,23,8,34.8,2.06,0.72,0.04,0.13,18.3,0,0,0,1.1,1.1,0.05,-0.1,-0.1,Matches
147,Logan Costa,cv CPV,DF,Villarreal,23,2001,28.7,2,12,5,41.7,0.42,0.17,0.17,0.4,15.9,0,0,0,0.7,0.7,0.05,1.3,1.3,Matches
148,Samu Costa,pt POR,MF,Mallorca,23,2000,29.4,0,30,8,26.7,1.02,0.27,0,0,18.3,1,0,0,1.8,1.8,0.06,-1.8,-1.8,Matches
149,Thibaut Courtois,be BEL,GK,Real Madrid,32,1992,30,0,0,0,,0,0,,,,0,0,0,0,0,,0,0,Matches
150,Juan Cruz Armada,es ESP,DF,Osasuna,32,1992,16.6,0,4,0,0,0.24,0,0,,16.3,0,0,0,0.1,0.1,0.03,-0.1,-0.1,Matches
151,Juan Cruz,es ESP,"FW,MF",Leganés,24,2000,25.1,5,33,14,42.4,1.32,0.56,0.15,0.36,21,1,0,0,2.7,2.7,0.08,2.3,2.3,Matches
152,Pau Cubarsí,es ESP,DF,Barcelona,17,2007,29.1,0,8,0,0,0.28,0,0,,8.9,0,0,0,0.8,0.8,0.1,-0.8,-0.8,Matches
153,Cucho,co COL,FW,Betis,25,1999,12.7,5,43,11,25.6,3.4,0.87,0.12,0.45,15.9,0,0,0,3.8,3.8,0.09,1.2,1.2,Matches
154,Arnaut Danjuma,nl NED,FW,Villarreal,27,1997,2.2,2,6,3,50,2.7,1.35,0.33,0.67,13.9,0,0,0,0.8,0.8,0.14,1.2,1.2,Matches
155,Arnaut Danjuma,nl NED,"FW,MF",Girona,27,1997,14.8,2,30,14,46.7,2.02,0.94,0.07,0.14,16,1,0,0,3.6,3.6,0.12,-1.6,-1.6,Matches
156,Sergi Darder,es ESP,"MF,FW",Mallorca,30,1993,30.5,2,36,9,25,1.18,0.3,0.06,0.22,24.2,1,0,0,2.1,2.1,0.06,-0.1,-0.1,Matches
157,Rodrigo De Paul,ar ARG,MF,Atlético Madrid,30,1994,23.4,3,19,4,21.1,0.81,0.17,0.16,0.75,24.3,0,0,0,1.3,1.3,0.07,1.7,1.7,Matches
158,Mouctar Diakhaby,gn GUI,DF,Valencia,27,1996,7.3,2,11,4,36.4,1.52,0.55,0.18,0.5,9,0,0,0,1.5,1.5,0.13,0.5,0.5,Matches
159,Assane Diao,sn SEN,FW,Betis,18,2005,3.1,1,7,1,14.3,2.27,0.32,0.14,1,14.4,0,0,0,0.8,0.8,0.11,0.2,0.2,Matches
160,Moussa Diarra,ml MLI,DF,Alavés,23,2000,20.7,0,1,0,0,0.05,0,0,,25.8,0,0,0,0,0,0.03,0,0,Matches
161,Brahim Díaz,ma MAR,"FW,MF",Real Madrid,24,1999,15.4,4,28,15,53.6,1.82,0.97,0.14,0.27,12.6,0,0,0,5.3,5.3,0.19,-1.3,-1.3,Matches
162,Daniel Díaz,es ESP,MF,Real Sociedad,18,2006,0.1,0,0,0,,0,0,,,,0,0,0,0,0,,0,0,Matches
163,Pedro Díaz,es ESP,MF,Rayo Vallecano,26,1998,13.5,3,31,7,22.6,2.3,0.52,0.1,0.43,24.6,1,0,1,2.4,1.6,0.05,0.6,1.4,Matches
164,Diego,es ESP,FW,Leganés,24,2000,13.3,3,29,9,31,2.18,0.68,0.1,0.33,14.1,0,0,0,3.8,3.8,0.13,-0.8,-0.8,Matches
165,Stole Dimitrievski,mk MKD,GK,Valencia,30,1993,4,0,0,0,,0,0,,,,0,0,0,0,0,,0,0,Matches
166,Yan Diomandé,ci CIV,"MF,FW",Leganés,17,2006,6.1,2,11,3,27.3,1.82,0.5,0.18,0.67,17.3,0,0,0,1.4,1.4,0.13,0.6,0.6,Matches
167,Álvaro djaló,es ESP,FW,Athletic Club,24,1999,7.3,1,15,3,20,2.05,0.41,0.07,0.33,18.5,0,0,0,0.8,0.8,0.06,0.2,0.2,Matches
168,Djené,tg TOG,"DF,MF",Getafe,32,1991,28.3,0,6,0,0,0.21,0,0,,17.6,0,0,0,0.3,0.3,0.05,-0.3,-0.3,Matches
169,Marko Dmitrović,rs SRB,GK,Leganés,32,1992,32,0,0,0,,0,0,,,,0,0,0,0,0,,0,0,Matches
170,Marc Domenech,es ESP,"FW,MF",Mallorca,18,2006,3.4,0,8,2,25,2.38,0.59,0,0,15.2,0,0,0,0.7,0.7,0.09,-0.7,-0.7,Matches
171,Carlos Dominguez,es ESP,DF,Celta Vigo,23,2001,13.1,0,3,1,33.3,0.23,0.08,0,0,8.5,0,0,0,0.2,0.2,0.07,-0.2,-0.2,Matches
172,Israel Domínguez,es ESP,FW,Sevilla,21,2003,0.2,0,0,0,,0,0,,,,0,0,0,0,0,,0,0,Matches
173,Sergi Dominguez,es ESP,DF,Barcelona,19,2005,1.9,0,0,0,,0,0,,,,0,0,0,0,0,,0,0,Matches
174,Anastasios Douvikas,gr GRE,FW,Celta Vigo,24,1999,7.8,3,17,9,52.9,2.19,1.16,0.18,0.33,11.1,0,0,0,4.4,4.4,0.26,-1.4,-1.4,Matches
175,Domingos Duarte,pt POR,DF,Getafe,29,1995,20.7,1,3,1,33.3,0.15,0.05,0.33,1,13,0,0,0,0.2,0.2,0.07,0.8,0.8,Matches
176,Duk,cv CPV,"MF,FW",Leganés,24,2000,2,0,2,1,50,1.01,0.5,0,0,30.3,0,0,0,0,0,0.01,0,0,Matches
177,Pablo Durán,es ESP,"FW,MF",Celta Vigo,23,2001,15.5,4,26,9,34.6,1.68,0.58,0.15,0.44,14.8,0,0,0,3.6,3.6,0.14,0.4,0.4,Matches
178,Hugo Duro,es ESP,FW,Valencia,24,1999,24.1,11,48,16,33.3,1.99,0.66,0.21,0.63,11.1,1,1,1,9.4,8.6,0.18,1.6,1.4,Matches
179,Chidera Ejuke,ng NGA,FW,Sevilla,26,1998,10.7,2,20,8,40,1.86,0.75,0.1,0.25,18.3,0,0,0,1.1,1.1,0.05,0.9,0.9,Matches
180,Aritz Elustondo,es ESP,DF,Real Sociedad,30,1994,16.2,0,4,0,0,0.25,0,0,,8.2,0,0,0,0.4,0.4,0.11,-0.4,-0.4,Matches
181,Adri Embarba,es ESP,"FW,MF",Rayo Vallecano,32,1992,17.9,1,37,12,32.4,2.07,0.67,0.03,0.08,22.1,2,0,0,2.1,2.1,0.06,-1.1,-1.1,Matches
182,Endrick,br BRA,FW,Real Madrid,18,2006,4,1,24,6,25,5.95,1.49,0.04,0.17,16.4,0,0,0,2.5,2.5,0.1,-1.5,-1.5,Matches
183,Alfonso Espino,uy URU,DF,Rayo Vallecano,32,1992,9.3,0,10,2,20,1.08,0.22,0,0,25.1,0,0,0,0.4,0.4,0.04,-0.4,-0.4,Matches
184,Dario Essugo,pt POR,MF,Las Palmas,19,2005,21.5,1,23,4,17.4,1.07,0.19,0.04,0.25,25.5,0,0,0,0.7,0.7,0.03,0.3,0.3,Matches
185,Etienne Eto'o,cm CMR,FW,Rayo Vallecano,21,2002,0.4,0,0,0,,0,0,,,,0,0,0,0,0,,0,0,Matches
186,Karl Etta,cm CMR,"MF,FW",Villarreal,20,2003,0.4,1,2,2,100,4.86,4.86,0.5,0.5,16.3,0,0,0,0.4,0.4,0.18,0.6,0.6,Matches
187,Edu Expósito,es ESP,MF,Espanyol,27,1996,11.6,0,18,6,33.3,1.55,0.52,0,0,22.2,3,0,0,1,1,0.06,-1,-1,Matches
188,Abde Ezzalzouli,ma MAR,"FW,MF",Betis,22,2001,22,2,61,25,41,2.77,1.13,0.03,0.08,15.6,1,0,1,8,7.2,0.12,-6,-5.2,Matches
189,Ansu Fati,es ESP,FW,Barcelona,21,2002,2.6,0,12,5,41.7,4.64,1.93,0,0,17.1,0,0,0,1,1,0.08,-1,-1,Matches
190,Nabil Fekir,fr FRA,MF,Betis,31,1993,2,0,7,1,14.3,3.5,0.5,0,0,23.5,0,0,0,0.7,0.7,0.1,-0.7,-0.7,Matches
191,Kiko Femenía,es ESP,DF,Villarreal,33,1991,24.7,0,3,0,0,0.12,0,0,,24.9,0,0,0,0.4,0.4,0.12,-0.4,-0.4,Matches
192,Aitor Fernández,es ESP,GK,Osasuna,33,1991,1,0,0,0,,0,0,,,,0,0,0,0,0,,0,0,Matches
193,Álvaro Fernández,es ESP,GK,Sevilla,26,1998,8.3,0,0,0,,0,0,,,,0,0,0,0,0,,0,0,Matches
194,Pelayo Fernandez,es ESP,DF,Rayo Vallecano,21,2003,1.1,0,0,0,,0,0,,,,0,0,0,0,0,,0,0,Matches
195,Roberto Férnandez,es ESP,FW,Espanyol,22,2002,16.6,6,21,9,42.9,1.26,0.54,0.29,0.67,14,0,0,0,3.6,3.6,0.17,2.4,2.4,Matches
196,Valery Fernández,es ESP,"MF,FW",Mallorca,24,1999,3.4,2,3,3,100,0.87,0.87,0.67,0.67,10.3,0,0,0,0.8,0.8,0.28,1.2,1.2,Matches
197,André Ferreira,pt POR,GK,Valladolid,28,1996,6,0,0,0,,0,0,,,,0,0,0,0,0,,0,0,Matches
198,Mateo Flores,es ESP,MF,Betis,20,2004,1.7,0,0,0,,0,0,,,,0,0,0,0,0,,0,0,Matches
199,Pablo Fornals,es ESP,"MF,FW",Betis,28,1996,20.3,2,23,4,17.4,1.13,0.2,0.09,0.5,21.7,0,0,0,1.8,1.8,0.08,0.2,0.2,Matches
200,Héctor Fort,es ESP,DF,Barcelona,17,2006,6.5,0,6,0,0,0.92,0,0,,19.8,0,0,0,0.2,0.2,0.04,-0.2,-0.2,Matches
201,Dimitri Foulquier,fr FRA,DF,Valencia,31,1993,25.5,0,13,2,15.4,0.51,0.08,0,0,21.4,0,0,0,0.4,0.4,0.03,-0.4,-0.4,Matches
202,Juan Foyth,ar ARG,DF,Villarreal,26,1998,16.9,1,17,5,29.4,1.01,0.3,0.06,0.2,11.8,0,0,0,2.4,2.4,0.14,-1.4,-1.4,Matches
203,Fran,es ESP,GK,Real Madrid,19,2005,1,0,0,0,,0,0,,,,0,0,0,0,0,,0,0,Matches
204,Alejandro Francés,es ESP,DF,Girona,21,2002,13,0,6,0,0,0.46,0,0,,20.7,0,0,0,0.2,0.2,0.03,-0.2,-0.2,Matches
205,Enric Franquesa,es ESP,"DF,FW",Leganés,27,1997,6.8,1,3,1,33.3,0.44,0.15,0.33,1,16.8,0,0,0,0.3,0.3,0.1,0.7,0.7,Matches
206,Jorge de Frutos,es ESP,"FW,MF",Rayo Vallecano,27,1997,27.7,6,52,18,34.6,1.88,0.65,0.12,0.33,15.9,0,0,0,6.3,6.3,0.12,-0.3,-0.3,Matches
207,Darío Fuentes,es ESP,DF,Sevilla,21,2003,0.1,0,0,0,,0,0,,,,0,0,0,0,0,,0,0,Matches
208,Manuel Fuster,es ESP,"FW,MF",Las Palmas,26,1997,11.1,2,18,7,38.9,1.62,0.63,0.11,0.29,23.2,0,0,0,0.7,0.7,0.04,1.3,1.3,Matches
209,Javi Galán,es ESP,DF,Atlético Madrid,29,1994,19.8,0,9,0,0,0.45,0,0,,24.3,0,0,0,0.2,0.2,0.02,-0.2,-0.2,Matches
210,Iñigo Ruiz de Galarreta,es ESP,MF,Athletic Club,30,1993,16.4,0,11,1,9.1,0.67,0.06,0,0,24.1,0,0,0,0.5,0.5,0.05,-0.5,-0.5,Matches
211,Conor Gallagher,eng ENG,MF,Atlético Madrid,24,2000,18.1,3,22,4,18.2,1.21,0.22,0.14,0.75,19.7,0,0,0,2.8,2.8,0.13,0.2,0.2,Matches
212,Facundo Garcés,ar ARG,DF,Alavés,24,1999,7.5,0,5,1,20,0.66,0.13,0,0,15.5,0,0,0,0.1,0.1,0.02,-0.1,-0.1,Matches
213,Álvaro García,es ESP,"FW,MF",Rayo Vallecano,31,1992,28.4,4,71,26,36.6,2.5,0.91,0.06,0.15,16.9,0,0,0,7.6,7.6,0.11,-3.6,-3.6,Matches
214,Eric García,es ESP,"DF,MF",Barcelona,23,2001,17.4,2,14,8,57.1,0.8,0.46,0.14,0.25,10.7,0,0,0,2.3,2.3,0.17,-0.3,-0.3,Matches
215,Fran Garcia,es ESP,DF,Real Madrid,24,1999,24.1,0,14,3,21.4,0.58,0.12,0,0,19.4,0,0,0,0.9,0.9,0.06,-0.9,-0.9,Matches
216,Gonzalo García,es ESP,"FW,DF",Real Madrid,20,2004,0.6,0,1,0,0,1.61,0,0,,4.8,0,0,0,0.5,0.5,0.49,-0.5,-0.5,Matches
217,Joan García,es ESP,GK,Espanyol,23,2001,38,0,1,1,100,0.03,0.03,0,0,10.5,0,0,0,0.1,0.1,0.07,-0.1,-0.1,Matches
218,Pablo Garcia,es ESP,FW,Betis,17,2006,0.4,0,0,0,,0,0,,,,0,0,0,0,0,,0,0,Matches
219,Rubén García,es ESP,"FW,MF",Osasuna,31,1993,26.8,5,27,10,37,1.01,0.37,0.19,0.5,16.1,3,0,0,3.2,3.2,0.12,1.8,1.8,Matches
220,Unai García,es ESP,DF,Osasuna,32,1992,0.7,0,0,0,,0,0,,,,0,0,0,0,0,,0,0,Matches
221,Yarek Gasiorowski,es ESP,DF,Valencia,19,2005,10.5,0,3,0,0,0.29,0,0,,7.6,0,0,0,1.1,1.1,0.38,-1.1,-1.1,Matches
222,Gavi,es ESP,"MF,FW",Barcelona,19,2004,12.1,1,11,1,9.1,0.91,0.08,0.09,1,15.3,0,0,0,0.9,0.9,0.08,0.1,0.1,Matches
223,Paulo Gazzaniga,ar ARG,GK,Girona,32,1992,35.5,0,0,0,,0,0,,,,0,0,0,0,0,,0,0,Matches
224,Bryan Gil,es ESP,"FW,MF",Girona,23,2001,19.1,3,32,15,46.9,1.67,0.78,0.09,0.2,19,0,0,0,2.3,2.3,0.07,0.7,0.7,Matches
225,Dani Gómez,es ESP,FW,Valencia,26,1998,5.9,2,14,6,42.9,2.37,1.02,0.14,0.33,12.1,0,0,0,2.7,2.7,0.19,-0.7,-0.7,Matches
226,Moi Gómez,es ESP,"MF,FW",Osasuna,30,1994,8.8,0,6,1,16.7,0.68,0.11,0,0,19.2,1,0,0,0.5,0.5,0.08,-0.5,-0.5,Matches
227,Sergi Gómez,es ESP,DF,Espanyol,32,1992,7.4,0,2,1,50,0.27,0.14,0,0,8.7,0,0,0,0.3,0.3,0.15,-0.3,-0.3,Matches
228,Sergio Gómez,es ESP,"MF,DF",Real Sociedad,23,2000,30.4,2,18,10,55.6,0.59,0.33,0.11,0.2,24,5,0,0,1.9,1.9,0.11,0.1,0.1,Matches
229,Unai Gómez,es ESP,"MF,FW",Athletic Club,21,2003,14.3,1,19,4,21.1,1.33,0.28,0.05,0.25,17.5,1,0,0,1.9,1.9,0.1,-0.9,-0.9,Matches
230,Fabio González,es ESP,MF,Las Palmas,27,1997,0.6,0,2,0,0,3.4,0,0,,16.5,0,0,0,0.1,0.1,0.04,-0.1,-0.1,Matches
231,Peter González,do DOM,"MF,FW",Getafe,22,2002,5.3,0,12,4,33.3,2.26,0.75,0,0,19.9,2,0,0,1.3,1.3,0.1,-1.3,-1.3,Matches
232,Urko González,es ESP,MF,Espanyol,23,2001,15.3,0,4,2,50,0.26,0.13,0,0,15.8,0,0,0,0.5,0.5,0.14,-0.5,-0.5,Matches
233,Urko González,es ESP,MF,Real Sociedad,23,2001,0.5,0,0,0,,0,0,,,,0,0,0,0,0,,0,0,Matches
234,Andoni Gorosabel,es ESP,DF,Athletic Club,27,1996,16.5,0,2,1,50,0.12,0.06,0,0,22.2,0,0,0,0.3,0.3,0.17,-0.3,-0.3,Matches
235,José Gragera,es ESP,MF,Espanyol,23,2000,6.3,0,2,0,0,0.32,0,0,,20.3,0,0,0,0,0,0.02,0,0,Matches
236,Dominik Greif,sk SVK,GK,Mallorca,27,1997,31,0,0,0,,0,0,,,,0,0,0,0,0,,0,0,Matches
237,Antoine Griezmann,fr FRA,"FW,MF",Atlético Madrid,33,1991,27.4,8,48,17,35.4,1.75,0.62,0.15,0.41,18.5,5,1,2,7.4,5.9,0.13,0.6,1.1,Matches
238,Florian Grillitsch,at AUT,MF,Valladolid,28,1995,6.9,0,3,2,66.7,0.43,0.29,0,0,22,0,0,0,0.1,0.1,0.03,-0.1,-0.1,Matches
239,Vicente Guaita,es ESP,GK,Celta Vigo,37,1987,34,0,0,0,,0,0,,,,0,0,0,0,0,,0,0,Matches
240,Sergi Guardiola,es ESP,FW,Rayo Vallecano,33,1991,4,0,11,3,27.3,2.73,0.75,0,0,10.4,0,0,0,2.4,2.4,0.22,-2.4,-2.4,Matches
241,Nemanja Gudelj,rs SRB,"MF,DF",Sevilla,32,1991,27.7,1,22,5,22.7,0.79,0.18,0,0,28.8,6,1,1,1.6,0.8,0.04,-0.6,-0.8,Matches
242,Javier Guerra,es ESP,MF,Valencia,21,2003,28.7,3,47,10,21.3,1.64,0.35,0.06,0.3,22.8,1,0,0,2.2,2.2,0.05,0.8,0.8,Matches
243,Ander Guevara,es ESP,MF,Alavés,27,1997,21.6,0,12,3,25,0.55,0.14,0,0,20.9,0,0,0,0.9,0.9,0.07,-0.9,-0.9,Matches
244,Pape Gueye,sn SEN,MF,Villarreal,25,1999,24.7,4,55,17,30.9,2.23,0.69,0.07,0.24,18.5,0,0,0,3.4,3.4,0.06,0.6,0.6,Matches
245,Hugo Guillamón,es ESP,MF,Valencia,24,2000,4,0,2,1,50,0.49,0.25,0,0,24.6,0,0,0,0.1,0.1,0.04,-0.1,-0.1,Matches
246,Carlos Guirao,es ESP,MF,Betis,21,2003,1.2,0,0,0,,0,0,,,,0,0,0,0,0,,0,0,Matches
247,Arda Güler,tr TUR,"MF,FW",Real Madrid,19,2005,13.9,3,39,16,41,2.81,1.15,0.08,0.19,20,2,0,0,3.3,3.3,0.08,-0.3,-0.3,Matches
248,Gerard Gumbau,es ESP,MF,Rayo Vallecano,29,1994,9.4,0,13,5,38.5,1.38,0.53,0,0,21,0,0,0,1.1,1.1,0.08,-1.1,-1.1,Matches
249,Jon Guridi,es ESP,"MF,FW",Alavés,29,1995,23.1,3,23,11,47.8,1,0.48,0.09,0.18,14.9,0,1,1,4.2,3.4,0.15,-1.2,-1.4,Matches
250,Gorka Guruzeta,es ESP,FW,Athletic Club,27,1996,20.4,7,59,19,32.2,2.89,0.93,0.12,0.37,13.6,0,0,0,6.7,6.6,0.11,0.3,0.4,Matches
251,Miguel Gutiérrez,es ESP,"DF,MF",Girona,23,2001,27.3,1,28,9,32.1,1.03,0.33,0.04,0.11,21.5,3,0,0,1.6,1.6,0.06,-0.6,-0.6,Matches
252,Munir El Haddadi,ma MAR,"FW,MF",Leganés,28,1995,9.6,4,21,9,42.9,2.19,0.94,0.19,0.44,20.1,3,0,0,1.6,1.6,0.07,2.4,2.4,Matches
253,Sébastien Haller,ci CIV,FW,Leganés,30,1994,4.5,0,4,1,25,0.89,0.22,0,0,14.1,0,0,0,0.4,0.4,0.1,-0.4,-0.4,Matches
254,Henrique,br BRA,DF,Valladolid,30,1994,3.9,0,1,0,0,0.26,0,0,,19.5,0,0,0,0,0,0.03,0,0,Matches
255,Javi Hernández,es ESP,DF,Leganés,26,1998,26.5,2,17,6,35.3,0.64,0.23,0.12,0.33,21.3,2,0,0,0.8,0.8,0.04,1.2,1.2,Matches
256,Aridane Hernández,es ESP,DF,Rayo Vallecano,35,1989,11.4,0,8,2,25,0.7,0.18,0,0,8,0,0,0,0.9,0.9,0.11,-0.9,-0.9,Matches
257,Jorge Herrando,es ESP,DF,Osasuna,23,2001,15.2,1,12,3,25,0.79,0.2,0.08,0.33,11.2,0,0,0,1.2,1.2,0.1,-0.2,-0.2,Matches
258,Ander Herrera,es ESP,MF,Athletic Club,34,1989,3,0,7,3,42.9,2.31,0.99,0,0,24.2,0,0,1,1.7,0.9,0.16,-1.7,-0.9,Matches
259,Sergio Herrera,es ESP,GK,Osasuna,31,1993,37,0,0,0,,0,0,,,,0,0,0,0,0,,0,0,Matches
260,Yangel Herrera,ve VEN,MF,Girona,26,1998,25.1,4,39,14,35.9,1.56,0.56,0.1,0.29,16.9,0,0,0,3.6,3.6,0.09,0.4,0.4,Matches
261,Juan Herzog,es ESP,DF,Las Palmas,21,2003,14.6,0,12,2,16.7,0.82,0.14,0,0,10.7,0,0,0,0.9,0.9,0.07,-0.9,-0.9,Matches
262,Omar El Hilali,ma MAR,DF,Espanyol,20,2003,35,0,2,0,0,0.06,0,0,,30.9,0,0,0,0,0,0.01,0,0,Matches
263,Roger Hinojo,es ESP,DF,Espanyol,19,2005,0.1,0,0,0,,0,0,,,,0,0,0,0,0,,0,0,Matches
264,Dinko Horkaš,hr CRO,GK,Las Palmas,25,1999,12.1,0,0,0,,0,0,,,,0,0,0,0,0,,0,0,Matches
265,Pablo Ibáñez,es ESP,MF,Osasuna,25,1998,14.4,1,20,5,25,1.39,0.35,0.05,0.2,20.8,0,0,0,1.6,1.6,0.08,-0.6,-0.6,Matches
266,Stanis Idumbo,be BEL,"FW,MF",Sevilla,19,2005,3.2,1,4,2,50,1.27,0.63,0.25,0.5,23.5,0,0,0,0.6,0.6,0.16,0.4,0.4,Matches
267,Iglesias,es ESP,DF,Getafe,26,1998,32.1,0,21,3,14.3,0.65,0.09,0,0,25.7,0,0,0,1.6,1.6,0.08,-1.6,-1.6,Matches
268,Borja Iglesias,es ESP,FW,Celta Vigo,31,1993,21.7,11,46,28,60.9,2.12,1.29,0.24,0.39,13.4,0,0,0,9.3,9.3,0.2,1.7,1.7,Matches
269,Kelechi Iheanacho,ng NGA,FW,Sevilla,27,1996,4.4,0,9,2,22.2,2.03,0.45,0,0,13.9,0,0,0,1.5,1.5,0.16,-1.5,-1.5,Matches
270,Isco,es ESP,MF,Betis,32,1992,17.2,9,38,9,23.7,2.21,0.52,0.11,0.44,22,4,5,6,8.6,3.9,0.1,0.4,0.1,Matches
271,Diego Iturralde,es ESP,FW,Sevilla,21,2003,0.4,0,1,0,0,2.43,0,0,,15.5,0,0,0,0.1,0.1,0.09,-0.1,-0.1,Matches
272,Ivan Jaime Pajuelo,es ESP,MF,Valencia,23,2000,3.3,0,8,3,37.5,2.42,0.91,0,0,18.7,0,0,0,0.6,0.6,0.08,-0.6,-0.6,Matches
273,Karl Jakob Hein,ee EST,GK,Valladolid,22,2002,31,0,0,0,,0,0,,,,0,0,0,0,0,,0,0,Matches
274,Adnan Januzaj,be BEL,"MF,FW",Las Palmas,29,1995,6.6,2,16,5,31.3,2.41,0.75,0.13,0.4,23.6,4,0,0,0.8,0.8,0.05,1.2,1.2,Matches
275,Mikel Jauregizar,es ESP,MF,Athletic Club,20,2003,24.9,2,21,8,38.1,0.84,0.32,0.1,0.25,22.1,0,0,0,1.1,1.1,0.05,0.9,0.9,Matches
276,John Joe,ie IRL,"MF,FW",Getafe,20,2003,0.5,0,2,0,0,3.75,0,0,,20.9,0,0,0,0.1,0.1,0.07,-0.1,-0.1,Matches
277,Jofre,es ESP,"MF,FW",Espanyol,23,2001,24.1,3,40,10,25,1.66,0.42,0.08,0.3,19.5,0,0,0,2.5,2.5,0.06,0.5,0.5,Matches
278,Frenkie de Jong,nl NED,MF,Barcelona,27,1997,12.7,2,5,3,60,0.39,0.24,0.4,0.67,17,0,0,0,0.7,0.7,0.13,1.3,1.3,Matches
279,Joan Jordán,es ESP,MF,Alavés,30,1994,15.7,5,13,4,30.8,0.83,0.25,0.15,0.5,26.7,5,3,4,4.8,1.6,0.13,0.2,0.4,Matches
280,Juanmi,es ESP,"FW,MF",Getafe,31,1993,7.7,0,13,6,46.2,1.68,0.78,0,0,12.8,0,0,0,2.9,2.9,0.22,-2.9,-2.9,Matches
281,Juanmi,es ESP,"FW,MF",Betis,31,1993,2.7,0,6,1,16.7,2.21,0.37,0,0,14.1,0,0,0,0.7,0.7,0.11,-0.7,-0.7,Matches
282,Juanpe,es ESP,DF,Girona,33,1991,8.1,0,2,0,0,0.25,0,0,,21.8,1,0,0,0.1,0.1,0.04,-0.1,-0.1,Matches
283,Luiz Lúcio Reis Júnior,br BRA,GK,Villarreal,23,2001,16.2,0,0,0,,0,0,,,,0,0,0,0,0,,0,0,Matches
284,Vinicius Júnior,br BRA,FW,Real Madrid,24,2000,25,11,78,24,30.8,3.12,0.96,0.12,0.38,17.5,0,2,3,10.4,8.2,0.11,0.6,0.8,Matches
285,Stanko Jurić,hr CRO,MF,Valladolid,27,1996,19.2,0,8,2,25,0.42,0.1,0,0,15,0,0,0,0.8,0.8,0.1,-0.8,-0.8,Matches
286,Willy Kambwala,fr FRA,DF,Villarreal,19,2004,12.4,0,4,1,25,0.32,0.08,0,0,11.1,0,0,0,0.3,0.3,0.08,-0.3,-0.3,Matches
287,Abdoulaye Keita,es ESP,"FW,MF",Getafe,21,2002,1.1,0,2,0,0,1.89,0,0,,25.8,0,0,0,0,0,0.02,0,0,Matches
288,Kenedy,br BRA,"MF,FW",Valladolid,28,1996,0.1,0,1,0,0,10,0,0,,7.2,0,0,0,0,0,0.03,0,0,Matches
289,Kiké,es ESP,FW,Alavés,34,1989,28.2,13,60,24,40,2.12,0.85,0.17,0.42,15.4,0,3,3,9.6,7.2,0.12,3.4,2.8,Matches
290,Koke,es ESP,MF,Atlético Madrid,32,1992,21.4,1,11,4,36.4,0.51,0.19,0.09,0.25,22.6,0,0,0,1.1,1.1,0.1,-0.1,-0.1,Matches
291,Jules Koundé,fr FRA,DF,Barcelona,25,1998,28.9,2,18,6,33.3,0.62,0.21,0.11,0.33,14.1,0,0,0,1.8,1.8,0.11,0.2,0.2,Matches
292,Alex Král,cz CZE,MF,Espanyol,26,1998,30.2,0,21,2,9.5,0.7,0.07,0,0,16,0,0,0,1.5,1.5,0.07,-1.5,-1.5,Matches
293,Ladislav Krejčí,cz CZE,DF,Girona,25,1999,27.1,2,18,5,27.8,0.66,0.18,0.11,0.4,14.8,0,0,0,1.7,1.7,0.09,0.3,0.3,Matches
294,Takefusa Kubo,jp JPN,"MF,FW",Real Sociedad,23,2001,26.4,5,43,14,32.6,1.63,0.53,0.12,0.36,16.1,0,0,0,3.6,3.6,0.08,1.4,1.4,Matches
295,Marash Kumbulla,al ALB,DF,Espanyol,24,2000,33,3,16,5,31.3,0.48,0.15,0.19,0.6,11.4,0,0,0,1.8,1.8,0.11,1.2,1.2,Matches
296,Luca de la Torre,us USA,MF,Celta Vigo,26,1998,0,0,0,0,,0,0,,,,0,0,0,0,0,,0,0,Matches
297,Yoel Lago,es ESP,DF,Celta Vigo,20,2004,6.5,0,0,0,,0,0,,,,0,0,0,0,0,,0,0,Matches
298,Cyle Larin,ca CAN,FW,Mallorca,29,1995,19.6,7,38,14,36.8,1.94,0.71,0.16,0.43,11.7,0,1,1,6.9,6.1,0.16,0.1,-0.1,Matches
299,Juanmi Latasa,es ESP,FW,Valladolid,23,2001,15.5,3,40,13,32.5,2.58,0.84,0.08,0.23,11.8,0,0,0,4.2,4.2,0.11,-1.2,-1.2,Matches
300,Toni Lato,es ESP,DF,Mallorca,26,1997,6.9,0,0,0,,0,0,,,,0,0,0,0,0,,0,0,Matches
301,Robin Le Normand,es ESP,DF,Atlético Madrid,27,1996,23.9,1,11,3,27.3,0.46,0.13,0.09,0.33,8.6,0,0,0,1.5,1.5,0.13,-0.5,-0.5,Matches
302,Florian Lejeune,fr FRA,DF,Rayo Vallecano,33,1991,36.9,2,58,17,29.3,1.57,0.46,0.03,0.12,23.9,20,0,0,3.6,3.6,0.06,-1.6,-1.6,Matches
303,Iñigo Lekue,es ESP,DF,Athletic Club,31,1993,8.6,0,2,0,0,0.23,0,0,,18.2,0,0,0,0.2,0.2,0.09,-0.2,-0.2,Matches
304,Thomas Lemar,fr FRA,MF,Atlético Madrid,28,1995,0.9,0,2,1,50,2.12,1.06,0,0,23.4,1,0,0,0.3,0.3,0.14,-0.3,-0.3,Matches
305,Clément Lenglet,fr FRA,DF,Atlético Madrid,29,1995,21.9,2,10,4,40,0.46,0.18,0.2,0.5,14.9,1,0,0,2.4,2.4,0.24,-0.4,-0.4,Matches
306,Robert Lewandowski,pl POL,FW,Barcelona,35,1988,29.6,27,111,45,40.5,3.75,1.52,0.22,0.53,13.2,5,3,4,27.1,24,0.22,-0.1,0,Matches
307,Samuel Lino,br BRA,"MF,DF",Atlético Madrid,24,1999,17.2,3,45,18,40,2.61,1.04,0.07,0.17,16.3,0,0,0,6,6,0.13,-3,-3,Matches
308,Javier Llabrés,es ESP,FW,Mallorca,21,2002,0.6,0,1,0,0,1.58,0,0,,19.7,0,0,0,0,0,0.05,0,0,Matches
309,Diego Llorente,es ESP,DF,Betis,30,1993,28,2,11,4,36.4,0.39,0.14,0.18,0.5,11.3,0,0,0,1.5,1.5,0.14,0.5,0.5,Matches
310,Marcos Llorente,es ESP,"DF,MF",Atlético Madrid,29,1995,27.9,2,16,5,31.3,0.57,0.18,0.13,0.4,19.2,0,0,0,0.8,0.8,0.05,1.2,1.2,Matches
311,Giovani Lo Celso,ar ARG,"MF,FW",Betis,28,1996,16.2,8,31,16,51.6,1.91,0.99,0.19,0.38,22,4,2,3,4.8,2.4,0.08,3.2,3.6,Matches
312,Enzo Loiodice,fr FRA,MF,Las Palmas,23,2000,7.6,0,7,4,57.1,0.92,0.53,0,0,25.9,0,0,0,0.3,0.3,0.04,-0.3,-0.3,Matches
313,David López,es ESP,DF,Mallorca,21,2003,1.9,0,0,0,,0,0,,,,0,0,0,0,0,,0,0,Matches
314,David López,es ESP,DF,Girona,34,1989,27,1,12,3,25,0.44,0.11,0.08,0.33,15.9,0,0,0,0.9,0.9,0.07,0.1,0.1,Matches
315,Diego López,es ESP,"MF,FW",Valencia,22,2002,30.4,8,44,14,31.8,1.45,0.46,0.18,0.57,15.1,0,0,0,6.6,6.6,0.15,1.4,1.4,Matches
316,Fer López,,"FW,MF",Celta Vigo,,,7.5,2,20,5,25,2.68,0.67,0.1,0.4,15.7,0,0,0,2.7,2.7,0.14,-0.7,-0.7,Matches
317,Fermin López,es ESP,"MF,FW",Barcelona,21,2003,13.9,6,41,15,36.6,2.95,1.08,0.15,0.4,18,0,0,0,5.6,5.6,0.14,0.4,0.4,Matches
318,Javi López,es ESP,DF,Real Sociedad,22,2002,21.5,0,5,1,20,0.23,0.05,0,0,22.5,0,0,0,0.1,0.1,0.02,-0.1,-0.1,Matches
319,Pau López,es ESP,GK,Girona,29,1994,0.5,0,0,0,,0,0,,,,0,0,0,0,0,,0,0,Matches
320,Roberto López,es ESP,MF,Leganés,24,2000,4.4,0,6,1,16.7,1.36,0.23,0,0,27.3,0,0,0,0.5,0.5,0.08,-0.5,-0.5,Matches
321,Unai López,es ESP,MF,Rayo Vallecano,28,1995,19,3,26,11,42.3,1.37,0.58,0.12,0.27,22.8,1,0,0,1.6,1.6,0.06,1.4,1.4,Matches
322,Iker Losada,es ESP,"FW,MF",Celta Vigo,22,2001,4,1,3,2,66.7,0.75,0.5,0.33,0.5,11.7,0,0,0,1.1,1.1,0.38,-0.1,-0.1,Matches
323,Iker Losada,es ESP,"MF,FW",Betis,22,2001,3.7,0,5,1,20,1.34,0.27,0,0,18.5,0,0,0,0.5,0.5,0.1,-0.5,-0.5,Matches
324,Pol Lozano,es ESP,MF,Espanyol,24,1999,21.6,0,8,2,25,0.37,0.09,0,0,29.7,0,0,0,0.2,0.2,0.02,-0.2,-0.2,Matches
325,José Luis Gayà,es ESP,DF,Valencia,29,1995,20,0,12,4,33.3,0.6,0.2,0,0,19.3,0,0,0,1,1,0.09,-1,-1,Matches
326,Dodi Lukebakio,be BEL,FW,Sevilla,26,1997,34.4,11,93,38,40.9,2.71,1.11,0.11,0.26,19.2,2,1,1,10.1,9.3,0.1,0.9,0.7,Matches
327,Daniel Luna,co COL,MF,Mallorca,21,2003,0.2,0,0,0,,0,0,,,,0,0,0,0,0,,0,0,Matches
328,Andriy Lunin,ua UKR,GK,Real Madrid,25,1999,7,0,0,0,,0,0,,,,0,0,0,0,0,,0,0,Matches
329,Darwin Machís,ve VEN,"MF,FW",Valladolid,31,1993,7.1,0,14,2,14.3,1.97,0.28,0,0,22.1,1,0,0,0.9,0.9,0.06,-0.9,-0.9,Matches
330,Pablo Maffeo,es ESP,DF,Mallorca,27,1997,26.3,0,7,1,14.3,0.27,0.04,0,0,19,0,0,0,0.3,0.3,0.04,-0.3,-0.3,Matches
331,Jon Magunazelaia,es ESP,MF,Real Sociedad,23,2001,0.1,0,0,0,,0,0,,,,0,0,0,0,0,,0,0,Matches
332,Giorgi Mamardashvili,ge GEO,GK,Valencia,23,2000,34,0,0,0,,0,0,,,,0,0,0,0,0,,0,0,Matches
333,Reinildo Mandava,mz MOZ,DF,Atlético Madrid,30,1994,10.5,0,1,1,100,0.1,0.1,0,0,9.3,0,0,0,0.1,0.1,0.07,-0.1,-0.1,Matches
334,Javier Manquillo,es ESP,DF,Celta Vigo,30,1994,5.7,0,0,0,,0,0,,,,0,0,0,0,0,,0,0,Matches
335,Marcão,br BRA,DF,Sevilla,28,1996,6.1,0,0,0,,0,0,,,,0,0,0,0,0,,0,0,Matches
336,Óscar de Marcos,es ESP,DF,Athletic Club,35,1989,17.4,0,8,2,25,0.46,0.12,0,0,19.7,0,0,0,1,1,0.12,-1,-1,Matches
337,Alberto Marí,es ESP,FW,Valencia,23,2001,0.1,0,0,0,,0,0,,,,0,0,0,0,0,,0,0,Matches
338,José María Giménez,uy URU,DF,Atlético Madrid,29,1995,22.2,0,5,1,20,0.23,0.05,0,0,8.6,0,0,0,0.4,0.4,0.09,-0.4,-0.4,Matches
339,Arkaitz Mariezkurrena,es ESP,"FW,MF",Real Sociedad,19,2005,2.7,2,10,5,50,3.73,1.87,0.2,0.4,16.9,0,0,0,1,1,0.1,1,1,Matches
340,Pablo Marín,es ESP,MF,Real Sociedad,21,2003,13.8,1,21,7,33.3,1.53,0.51,0.05,0.14,18.5,0,0,0,1.4,1.4,0.07,-0.4,-0.4,Matches
341,Mika Mármol,es ESP,DF,Las Palmas,23,2001,26.7,0,10,0,0,0.38,0,0,,15.9,0,0,0,0.4,0.4,0.04,-0.4,-0.4,Matches
342,Mario Maroto,es ESP,MF,Valladolid,20,2003,0.7,0,1,0,0,1.41,0,0,,28.1,0,0,0,0,0,0.02,0,0,Matches
343,Unai Marrero,es ESP,GK,Real Sociedad,22,2001,2,0,0,0,,0,0,,,,0,0,0,0,0,,0,0,Matches
344,Carlos Martín,es ESP,"FW,MF",Alavés,22,2002,14.8,2,26,12,46.2,1.76,0.81,0.08,0.17,17,0,0,0,2.3,2.3,0.09,-0.3,-0.3,Matches
345,Diego Martín,es ESP,FW,Las Palmas,20,2003,0.4,0,1,0,0,2.25,0,0,,28.9,0,0,0,0,0,0.04,0,0,Matches
346,Gerard Martín,es ESP,DF,Barcelona,22,2002,11.5,1,7,2,28.6,0.61,0.17,0.14,0.5,16.6,0,0,0,0.5,0.5,0.07,0.5,0.5,Matches
347,Iván Martín,es ESP,MF,Girona,25,1999,22.7,1,11,3,27.3,0.49,0.13,0.09,0.33,19.1,0,0,0,1.8,1.8,0.16,-0.8,-0.8,Matches
348,Jon Martin,es ESP,DF,Real Sociedad,18,2006,10,0,9,1,11.1,0.9,0.1,0,0,10.2,0,0,0,0.6,0.6,0.07,-0.6,-0.6,Matches
349,Mario Martín,es ESP,MF,Valladolid,20,2004,19.4,0,28,13,46.4,1.44,0.67,0,0,21.4,0,0,0,1.8,1.8,0.06,-1.8,-1.8,Matches
350,Arnau Martinez,es ESP,"DF,MF",Girona,21,2003,29.2,2,19,6,31.6,0.65,0.21,0.11,0.33,15.4,0,0,0,1.2,1.2,0.07,0.8,0.8,Matches
351,Iñigo Martínez,es ESP,DF,Barcelona,33,1991,27.7,0,13,2,15.4,0.47,0.07,0,0,13.5,0,0,0,0.5,0.5,0.04,-0.5,-0.5,Matches
352,Javi Martínez,es ESP,MF,Osasuna,24,1999,0.1,0,0,0,,0,0,,,,0,0,0,0,0,,0,0,Matches
353,Ramón Martínez,es ESP,DF,Sevilla,21,2002,2.9,1,4,3,75,1.38,1.03,0.25,0.33,11.8,0,0,0,0.3,0.3,0.08,0.7,0.7,Matches
354,Toni Martínez,es ESP,FW,Alavés,27,1997,11.2,4,46,15,32.6,4.09,1.33,0.09,0.27,17.1,0,0,0,3.6,3.6,0.08,0.4,0.4,Matches
355,Javi Martón,es ESP,"FW,MF",Athletic Club,25,1999,0.6,0,0,0,,0,0,,,,0,0,0,0,0,,0,0,Matches
356,Marvin,es ESP,"DF,FW",Las Palmas,24,2000,11.5,0,5,0,0,0.43,0,0,,13.7,0,0,0,0.2,0.2,0.04,-0.2,-0.2,Matches
357,Omar Mascarell,gq EQG,MF,Mallorca,31,1993,22.1,1,9,2,22.2,0.41,0.09,0.11,0.5,16.8,0,0,0,0.5,0.5,0.05,0.5,0.5,Matches
358,Jaime Mata,es ESP,"FW,MF",Las Palmas,35,1988,7.3,0,17,6,35.3,2.33,0.82,0,0,11.3,0,0,0,2.6,2.6,0.15,-2.6,-2.6,Matches
359,Borja Mayoral,es ESP,FW,Getafe,27,1997,12.4,5,19,8,42.1,1.54,0.65,0.21,0.5,13.9,0,1,1,3.4,2.6,0.14,1.6,1.4,Matches
360,Kylian Mbappé,fr FRA,FW,Real Madrid,25,1998,32.3,31,152,75,49.3,4.71,2.32,0.16,0.32,17.3,3,7,9,25.9,18.6,0.12,5.1,5.4,Matches
361,Oliver McBurnie,sct SCO,FW,Las Palmas,28,1996,20.4,3,32,12,37.5,1.57,0.59,0.09,0.25,12.3,0,0,0,4.8,4.8,0.15,-1.8,-1.8,Matches
362,Scott McKenna,sct SCO,DF,Las Palmas,27,1996,27.4,0,10,0,0,0.36,0,0,,12.5,0,0,0,1.1,1.1,0.11,-1.1,-1.1,Matches
363,Mateo Mejía,es ESP,FW,Sevilla,21,2003,0.1,0,0,0,,0,0,,,,0,0,0,0,0,,0,0,Matches
364,Arthur Melo,br BRA,MF,Girona,27,1996,10.5,0,6,1,16.7,0.57,0.1,0,0,26,1,0,0,0.2,0.2,0.03,-0.2,-0.2,Matches
365,Brais Méndez,es ESP,MF,Real Sociedad,27,1997,17,3,28,9,32.1,1.65,0.53,0.11,0.33,18,4,0,0,3.5,3.5,0.13,-0.5,-0.5,Matches
366,Ferland Mendy,fr FRA,DF,Real Madrid,29,1995,11.2,0,0,0,,0,0,,,,0,0,0,0,0,,0,0,Matches
367,Nobel Mendy,fr FRA,DF,Betis,19,2004,1.2,0,0,0,,0,0,,,,0,0,0,0,0,,0,0,Matches
368,Víctor Meseguer,es ESP,MF,Valladolid,25,1999,4.6,0,6,0,0,1.29,0,0,,19.6,0,0,0,0.7,0.7,0.11,-0.7,-0.7,Matches
369,Miguel,es ESP,FW,Leganés,24,1999,19.2,1,33,14,42.4,1.72,0.73,0,0,15.5,0,1,2,4.9,3.3,0.1,-3.9,-3.3,Matches
370,Éder Militão,br BRA,DF,Real Madrid,26,1998,10.4,1,10,3,30,0.96,0.29,0.1,0.33,17.3,0,0,0,0.6,0.6,0.06,0.4,0.4,Matches
371,Luis Milla,es ESP,MF,Getafe,29,1994,31.9,1,31,7,22.6,0.97,0.22,0,0,25.3,4,1,1,1.8,1,0.03,-0.8,-1,Matches
372,Pere Milla,es ESP,"MF,FW",Espanyol,31,1992,5.1,3,11,5,45.5,2.17,0.99,0.27,0.6,15.7,1,0,0,1.5,1.5,0.13,1.5,1.5,Matches
373,Óscar Mingueza,es ESP,"MF,DF",Celta Vigo,25,1999,30.3,4,33,10,30.3,1.09,0.33,0.12,0.4,23.3,8,0,0,1.5,1.5,0.04,2.5,2.5,Matches
374,Kim Minsu,kr KOR,"MF,FW",Girona,18,2006,0.2,0,0,0,,0,0,,,,0,0,0,0,0,,0,0,Matches
375,Bojan Miovski,mk MKD,FW,Girona,25,1999,9.7,2,14,4,28.6,1.45,0.41,0.14,0.5,12.3,0,0,0,2.7,2.7,0.19,-0.7,-0.7,Matches
376,Rafa Mir,es ESP,"FW,MF",Valencia,27,1997,8.4,1,27,7,25.9,3.23,0.84,0.04,0.14,16.5,0,0,0,3,3,0.11,-2,-2,Matches
377,Luka Modrić,hr CRO,MF,Real Madrid,38,1985,20.3,2,22,6,27.3,1.08,0.3,0.09,0.33,23.1,1,0,0,1.6,1.6,0.07,0.4,0.4,Matches
378,Johan Mojica,co COL,DF,Mallorca,31,1992,30.6,1,17,3,17.6,0.56,0.1,0.06,0.33,24.2,4,0,0,0.9,0.9,0.05,0.1,0.1,Matches
379,Alberto Moleiro,es ESP,"FW,MF",Las Palmas,20,2003,30.2,6,68,24,35.3,2.25,0.8,0.09,0.25,19,0,0,0,5.6,5.6,0.08,0.4,0.4,Matches
380,Nahuel Molina,ar ARG,DF,Atlético Madrid,26,1998,17.7,0,9,1,11.1,0.51,0.06,0,0,19.4,0,0,0,0.8,0.8,0.09,-0.8,-0.8,Matches
381,Jon Moncayola,es ESP,MF,Osasuna,26,1998,23.3,0,21,9,42.9,0.9,0.39,0,0,17.9,0,0,0,1.6,1.6,0.08,-1.6,-1.6,Matches
382,Gonzalo Montiel,ar ARG,"DF,MF",Sevilla,27,1997,1.3,0,1,0,0,0.8,0,0,,14.7,0,0,0,0,0,0.03,0,0,Matches
383,Gerard Moreno,es ESP,FW,Villarreal,32,1992,8,3,23,9,39.1,2.87,1.12,0,0,18.2,0,3,3,4.2,1.8,0.08,-1.2,-1.8,Matches
384,Xavier Moreno,es ESP,FW,Valladolid,19,2004,0.5,0,0,0,,0,0,,,,0,0,0,0,0,,0,0,Matches
385,Mateu Morey,es ESP,DF,Mallorca,24,2000,8.2,0,3,1,33.3,0.36,0.12,0,0,19.9,0,0,0,0.4,0.4,0.14,-0.4,-0.4,Matches
386,Ilaix Moriba,gn GUI,MF,Celta Vigo,21,2003,23.7,1,34,11,32.4,1.44,0.46,0.03,0.09,23.7,0,0,0,1.7,1.7,0.05,-0.7,-0.7,Matches
387,Manu Morlanes,es ESP,MF,Mallorca,25,1999,14.9,0,11,1,9.1,0.74,0.07,0,0,22.2,0,0,0,0.6,0.6,0.05,-0.6,-0.6,Matches
388,Raúl Moro,es ESP,"MF,FW",Valladolid,21,2002,26,4,46,16,34.8,1.77,0.62,0.09,0.25,17.8,0,0,0,4.1,4.1,0.09,-0.1,-0.1,Matches
389,Cristhian Mosquera,es ESP,DF,Valencia,20,2004,36.9,1,5,2,40,0.14,0.05,0.2,0.5,10.5,0,0,0,0.4,0.4,0.08,0.6,0.6,Matches
390,Santiago Mouriño,uy URU,DF,Alavés,22,2002,20.5,0,13,3,23.1,0.63,0.15,0,0,15.5,0,0,0,0.9,0.9,0.07,-0.9,-0.9,Matches
391,Abdul Mumin,gh GHA,DF,Rayo Vallecano,26,1998,22.4,2,10,3,30,0.45,0.13,0.2,0.67,12.9,0,0,0,0.6,0.6,0.06,1.4,1.4,Matches
392,Aihen Muñoz,es ESP,DF,Real Sociedad,26,1997,12.2,0,6,0,0,0.49,0,0,,30,0,0,0,0.2,0.2,0.03,-0.2,-0.2,Matches
393,Álex Muñoz,es ESP,DF,Las Palmas,30,1994,15.7,3,9,5,55.6,0.57,0.32,0.33,0.6,14.5,0,0,0,0.9,0.9,0.1,2.1,2.1,Matches
394,Iker Muñoz,es ESP,MF,Osasuna,21,2002,6.8,0,11,0,0,1.62,0,0,,23.8,0,0,0,0.5,0.5,0.04,-0.5,-0.5,Matches
395,Javier Muñoz,es ESP,"MF,DF",Las Palmas,29,1995,28.8,1,25,6,24,0.87,0.21,0.04,0.17,21.8,0,0,0,1.3,1.3,0.05,-0.3,-0.3,Matches
396,Víctor Muñoz,es ESP,"FW,DF",Real Madrid,21,2003,0.4,0,1,0,0,2.5,0,0,,15.3,0,0,0,0.5,0.5,0.49,-0.5,-0.5,Matches
397,Vedat Muriqi,xk KVX,FW,Mallorca,30,1994,22.9,7,52,16,30.8,2.27,0.7,0.1,0.31,12.3,0,2,3,9.7,7.3,0.14,-2.7,-2.3,Matches
398,Juan Musso,ar ARG,GK,Atlético Madrid,30,1994,2,0,0,0,,0,0,,,,0,0,0,0,0,,0,0,Matches
399,Matija Nastasić,rs SRB,DF,Leganés,31,1993,23.4,1,2,1,50,0.09,0.04,0.5,1,11.7,0,0,0,0.1,0.1,0.03,0.9,0.9,Matches
400,Natan,br BRA,DF,Betis,23,2001,24.2,1,9,4,44.4,0.37,0.17,0.11,0.25,13.9,0,0,0,0.3,0.3,0.04,0.7,0.7,Matches
401,Pau Navarro,es ESP,DF,Villarreal,19,2005,10.2,0,1,0,0,0.1,0,0,,30.4,0,0,0,0,0,0.01,0,0,Matches
402,Roberto Navarro,es ESP,"MF,FW",Mallorca,22,2002,14.2,1,18,6,33.3,1.27,0.42,0.06,0.17,16.2,0,0,0,2,2,0.11,-1,-1,Matches
403,Jesús Navas,es ESP,"FW,MF",Sevilla,38,1985,4.7,1,3,2,66.7,0.64,0.42,0.33,0.5,14.9,0,0,0,0.5,0.5,0.18,0.5,0.5,Matches
404,Yvan Neyou,cm CMR,MF,Leganés,27,1997,25.7,1,16,3,18.8,0.62,0.12,0.06,0.33,25.8,0,0,0,0.6,0.6,0.04,0.4,0.4,Matches
405,Tanguy Nianzou,fr FRA,DF,Sevilla,22,2002,5.8,0,2,0,0,0.35,0,0,,8.9,0,0,0,0.2,0.2,0.09,-0.2,-0.2,Matches
406,Saúl Ñíguez,es ESP,MF,Sevilla,29,1994,17.3,1,42,9,21.4,2.43,0.52,0.02,0.11,19.2,2,0,0,2.8,2.8,0.07,-1.8,-1.8,Matches
407,Tamás Nikitscher,hu HUN,"MF,DF",Valladolid,24,1999,9.5,0,2,1,50,0.21,0.1,0,0,20.3,0,0,0,0.1,0.1,0.04,-0.1,-0.1,Matches
408,Adrian Niño,es ESP,FW,Atlético Madrid,20,2004,0.1,0,2,0,0,15,0,0,,13.9,0,0,0,0.2,0.2,0.1,-0.2,-0.2,Matches
409,Hugo Novoa,es ESP,"DF,MF",Alavés,21,2003,2.6,0,1,0,0,0.38,0,0,,9.7,0,0,0,0.5,0.5,0.49,-0.5,-0.5,Matches
410,Randy Nteka,ao ANG,FW,Rayo Vallecano,26,1997,12.5,3,16,8,50,1.28,0.64,0.19,0.38,13.6,0,0,0,2.6,2.6,0.16,0.4,0.4,Matches
411,Unai Núñez,es ESP,DF,Athletic Club,27,1997,7.2,0,1,0,0,0.14,0,0,,3.3,0,0,0,0.2,0.2,0.23,-0.2,-0.2,Matches
412,Ørjan Nyland,no NOR,GK,Sevilla,33,1990,29.7,0,0,0,,0,0,,,,0,0,0,0,0,,0,0,Matches
413,Allan Nyom,cm CMR,"DF,MF",Getafe,36,1988,9.9,1,9,4,44.4,0.91,0.41,0.11,0.25,16.4,0,0,0,0.5,0.5,0.06,0.5,0.5,Matches
414,Jan Oblak,si SVN,GK,Atlético Madrid,31,1993,36,0,0,0,,0,0,,,,0,0,0,0,0,,0,0,Matches
415,Lucas Ocampos,ar ARG,FW,Sevilla,30,1994,1.9,0,4,2,50,2.06,1.03,0,0,24.4,0,0,0,0.2,0.2,0.04,-0.2,-0.2,Matches
416,Álvaro Odriozola,es ESP,DF,Real Sociedad,28,1995,0.5,0,0,0,,0,0,,,,0,0,0,0,0,,0,0,Matches
417,Thiago Ojeda,ar ARG,MF,Villarreal,21,2003,0.1,0,1,0,0,11.25,0,0,,31.3,0,0,0,0,0,0.01,0,0,Matches
418,Aingeru Olabarrieta,es ESP,FW,Athletic Club,18,2005,0.6,0,0,0,,0,0,,,,0,0,0,0,0,,0,0,Matches
419,Olasagasti,es ESP,MF,Real Sociedad,23,2000,9.5,1,13,2,15.4,1.37,0.21,0.08,0.5,18.5,0,0,0,0.9,0.9,0.07,0.1,0.1,Matches
420,Brian Oliván,es ESP,DF,Espanyol,30,1994,11.3,0,6,1,16.7,0.53,0.09,0,0,23.8,2,0,0,0.4,0.4,0.06,-0.4,-0.4,Matches
421,Lucas Oliveira Rosa,br BRA,DF,Valladolid,24,2000,21,0,8,3,37.5,0.38,0.14,0,0,18.3,0,0,0,0.9,0.9,0.11,-0.9,-0.9,Matches
422,Dani Olmo,es ESP,"MF,FW",Barcelona,26,1998,13.5,10,40,15,37.5,2.97,1.11,0.2,0.53,18.1,1,2,2,6.5,4.9,0.12,3.5,3.1,Matches
423,Aimar Oroz,es ESP,MF,Osasuna,22,2001,33,5,47,15,31.9,1.43,0.46,0.09,0.27,19.7,3,1,1,4.2,3.5,0.08,0.8,0.5,Matches
424,Ángel Ortíz,es ESP,DF,Betis,20,2004,3.9,0,2,0,0,0.51,0,0,,23,0,0,0,0,0,0.02,0,0,Matches
425,Gabriel Osei Misehouy,nl NED,"FW,MF",Girona,19,2005,2.9,1,6,2,33.3,2.1,0.7,0.17,0.5,17.2,0,0,0,0.9,0.9,0.15,0.1,0.1,Matches
426,David Otorbi,es ESP,MF,Valencia,16,2007,0.2,0,0,0,,0,0,,,,0,0,0,0,0,,0,0,Matches
427,Jesús Owono,gq EQG,GK,Alavés,23,2001,5.4,0,0,0,,0,0,,,,0,0,0,0,0,,0,0,Matches
428,Mikel Oyarzabal,es ESP,FW,Real Sociedad,27,1997,25,9,39,13,33.3,1.56,0.52,0.13,0.38,13.4,0,4,4,9.9,6.8,0.17,-0.9,-1.8,Matches
429,Cenk Özkacar,tr TUR,DF,Valladolid,23,2000,8.4,0,2,0,0,0.24,0,0,,13.2,0,0,0,0.1,0.1,0.06,-0.1,-0.1,Matches
430,Jon Pacheco,es ESP,DF,Real Sociedad,23,2001,9.5,0,1,0,0,0.11,0,0,,8.7,0,0,0,0.1,0.1,0.09,-0.1,-0.1,Matches
431,Alex Padilla,es ESP,GK,Athletic Club,20,2003,3.6,0,0,0,,0,0,,,,0,0,0,0,0,,0,0,Matches
432,Isaac Palazón Camacho,es ESP,"MF,FW",Rayo Vallecano,29,1994,24,4,61,18,29.5,2.54,0.75,0.07,0.22,22.3,1,0,0,4.7,4.7,0.08,-0.7,-0.7,Matches
433,Aitor Paredes,es ESP,DF,Athletic Club,24,2000,20.1,3,6,3,50,0.3,0.15,0.5,1,4.7,0,0,0,2.3,2.3,0.38,0.7,0.7,Matches
434,Daniel Parejo,es ESP,MF,Villarreal,35,1989,25.3,3,12,2,16.7,0.48,0.08,0.17,1,22.8,0,1,2,2.5,0.8,0.07,0.5,1.2,Matches
435,Iago Parente,es ESP,DF,Valladolid,18,2006,0.8,0,0,0,,0,0,,,,0,0,0,0,0,,0,0,Matches
436,Álvaro Pascual,es ESP,FW,Sevilla,22,2002,4.5,1,11,4,36.4,2.43,0.88,0.09,0.25,11.6,0,0,0,1.1,1.1,0.1,-0.1,-0.1,Matches
437,Alfonso Pedraza,es ESP,"DF,MF",Villarreal,28,1996,5.1,0,5,2,40,0.98,0.39,0,0,13.9,0,0,0,0.5,0.5,0.09,-0.5,-0.5,Matches
438,Pedri,es ESP,MF,Barcelona,21,2002,32,4,25,11,44,0.78,0.34,0.16,0.36,19.6,0,0,0,2.2,2.2,0.09,1.8,1.8,Matches
439,Adrià Pedrosa,es ESP,DF,Sevilla,26,1998,25.5,1,24,7,29.2,0.94,0.27,0.04,0.14,24.5,0,0,0,0.9,0.9,0.04,0.1,0.1,Matches
440,Pejiño,es ESP,FW,Las Palmas,28,1996,0.2,0,1,0,0,5.63,0,0,,24.6,0,0,0,0,0,0.03,0,0,Matches
441,Andy Pelmard,fr FRA,DF,Las Palmas,24,2000,2.3,0,1,0,0,0.44,0,0,,28.9,0,0,0,0,0,0.01,0,0,Matches
442,Iñaki Peña,es ESP,GK,Barcelona,25,1999,15.5,0,0,0,,0,0,,,,0,0,0,0,0,,0,0,Matches
443,Rubén Peña,es ESP,"FW,DF",Osasuna,33,1991,8.6,0,10,3,30,1.16,0.35,0,0,15.4,0,0,0,0.7,0.7,0.07,-0.7,-0.7,Matches
444,Nicolas Pépé,ci CIV,"FW,MF",Villarreal,29,1995,16.7,3,38,17,44.7,2.28,1.02,0.08,0.18,16,1,0,0,3.8,3.8,0.1,-0.8,-0.8,Matches
445,Peque,es ESP,"MF,FW",Sevilla,21,2002,12.6,1,19,4,21.1,1.51,0.32,0.05,0.25,15.7,0,0,0,2.5,2.5,0.13,-1.5,-1.5,Matches
446,Ayoze Pérez,es ESP,FW,Villarreal,31,1993,21.9,19,75,31,41.3,3.43,1.42,0.25,0.61,14.2,0,0,0,12.7,12.7,0.18,6.3,6.3,Matches
447,Carles Pérez,es ESP,"MF,FW",Getafe,26,1998,15.9,3,34,9,26.5,2.14,0.57,0.09,0.33,21.1,1,0,0,2.4,2.4,0.07,0.6,0.6,Matches
448,Francisco Perez,es ESP,"FW,MF",Valencia,21,2002,6.3,0,6,1,16.7,0.95,0.16,0,0,18.3,0,0,0,0.3,0.3,0.05,-0.3,-0.3,Matches
449,Kike Pérez,es ESP,MF,Valladolid,27,1997,13.2,2,20,4,20,1.51,0.3,0.1,0.5,21.1,1,0,0,2.1,2.1,0.11,-0.1,-0.1,Matches
450,Luis Pérez,es ESP,DF,Valladolid,29,1995,28.4,0,5,2,40,0.18,0.07,0,0,25.3,0,0,0,0.2,0.2,0.03,-0.2,-0.2,Matches
451,Romain Perraud,fr FRA,DF,Betis,26,1997,22.2,2,20,5,25,0.9,0.22,0.1,0.4,21.7,0,0,0,0.5,0.5,0.03,1.5,1.5,Matches
452,Valentín Pezzolesi,es ESP,DF,Las Palmas,17,2007,0.1,0,0,0,,0,0,,,,0,0,0,0,0,,0,0,Matches
453,Pica,es ESP,DF,Alavés,22,2002,5.5,0,4,1,25,0.72,0.18,0,0,10.7,0,0,0,0.3,0.3,0.08,-0.3,-0.3,Matches
454,Yeremi Pino,es ESP,"MF,FW",Villarreal,21,2002,21.5,4,29,8,27.6,1.35,0.37,0.14,0.5,12.8,0,0,0,3.9,3.9,0.13,0.1,0.1,Matches
455,Portu,es ESP,"FW,MF",Girona,32,1992,8.7,1,8,3,37.5,0.92,0.35,0.13,0.33,16.6,0,0,0,1.6,1.6,0.21,-0.6,-0.6,Matches
456,Beñat Prados,es ESP,MF,Athletic Club,23,2001,19.1,1,16,5,31.3,0.84,0.26,0.06,0.2,20.1,0,0,0,1,1,0.06,0,0,Matches
457,Abdón Prats,es ESP,"FW,MF",Mallorca,31,1992,5.1,2,13,4,30.8,2.57,0.79,0.08,0.25,14.7,0,1,1,2.2,1.5,0.11,-0.2,-0.5,Matches
458,Javi Puado,es ESP,"FW,MF",Espanyol,26,1998,33,12,66,19,28.8,2,0.57,0.11,0.37,20.7,0,5,5,11.6,7.7,0.12,0.4,-0.7,Matches
459,Dani Raba,es ESP,"FW,MF",Leganés,28,1995,20.9,8,39,12,30.8,1.87,0.57,0.1,0.33,25.5,4,4,5,7.5,3.6,0.09,0.5,0.4,Matches
460,Arnau Rafús,es ESP,GK,Valladolid,21,2003,1,0,0,0,,0,0,,,,0,0,0,0,0,,0,0,Matches
461,Antonio Raillo,es ESP,DF,Mallorca,32,1991,35.6,2,35,8,22.9,0.98,0.22,0.06,0.25,12.8,0,0,0,2,2,0.06,0,0,Matches
462,Benito Ramírez,es ESP,"DF,FW",Las Palmas,29,1995,5.3,0,10,1,10,1.88,0.19,0,0,22.7,1,0,0,0.3,0.3,0.03,-0.3,-0.3,Matches
463,Sandro Ramírez,es ESP,"FW,MF",Las Palmas,29,1995,22.6,9,51,20,39.2,2.26,0.88,0.16,0.4,24.3,14,1,1,4.1,3.3,0.06,4.9,4.7,Matches
464,Jacobo Ramón,es ESP,DF,Real Madrid,19,2005,2.3,1,2,1,50,0.88,0.44,0.5,1,9.5,0,0,0,0.2,0.2,0.08,0.8,0.8,Matches
465,Raphinha,br BRA,"FW,MF",Barcelona,27,1996,31.5,18,112,40,35.7,3.55,1.27,0.14,0.4,19.1,18,2,2,19.2,17.6,0.16,-1.2,-1.6,Matches
466,Andrei Ratiu,ro ROU,DF,Rayo Vallecano,26,1998,34.1,2,31,7,22.6,0.91,0.21,0.06,0.29,19.1,0,0,0,1.8,1.8,0.06,0.2,0.2,Matches
467,Raúl,es ESP,"FW,MF",Osasuna,23,2000,8.3,4,25,12,48,3,1.44,0.16,0.33,14.4,0,0,0,3.5,3.5,0.14,0.5,0.5,Matches
468,Abderrahman Rebbach,dz ALG,"FW,MF",Alavés,25,1998,4.3,0,6,1,16.7,1.4,0.23,0,0,20.3,0,0,0,0.2,0.2,0.03,-0.2,-0.2,Matches
469,Álex Remiro,es ESP,GK,Real Sociedad,29,1995,36,0,0,0,,0,0,,,,0,0,0,0,0,,0,0,Matches
470,Daniel Requena,es ESP,MF,Villarreal,20,2004,0.1,0,0,0,,0,0,,,,0,0,0,0,0,,0,0,Matches
471,Diego Rico,es ESP,DF,Getafe,31,1993,31.3,0,16,3,18.8,0.51,0.1,0,0,31.1,1,0,0,0.4,0.4,0.02,-0.4,-0.4,Matches
472,Luis Rioja,es ESP,FW,Alavés,30,1993,0.3,0,0,0,,0,0,,,,0,0,0,0,0,,0,0,Matches
473,Luis Rioja,es ESP,"MF,FW",Valencia,30,1993,31.5,5,28,12,42.9,0.89,0.38,0.11,0.25,21.2,1,2,2,3.3,1.7,0.06,1.7,1.3,Matches
474,Rodrigo Riquelme,es ESP,"MF,DF",Atlético Madrid,24,2000,5.7,0,14,4,28.6,2.44,0.7,0,0,17.7,1,0,0,0.9,0.9,0.06,-0.9,-0.9,Matches
475,Alberto Risco,es ESP,"MF,FW",Getafe,18,2005,0.8,0,4,1,25,5.22,1.3,0,0,21.1,0,0,0,0.2,0.2,0.04,-0.2,-0.2,Matches
476,Mihailo Ristić,rs SRB,"DF,MF",Celta Vigo,28,1995,4.8,0,2,0,0,0.42,0,0,,26.1,0,0,0,0,0,0.01,0,0,Matches
477,Gorka Rivera Alonso,es ESP,"DF,MF",Getafe,19,2004,0.2,0,0,0,,0,0,,,,0,0,0,0,0,,0,0,Matches
478,Marc Roca,es ESP,MF,Betis,27,1996,10.1,2,12,4,33.3,1.19,0.4,0.17,0.5,16.9,1,0,0,1.1,1.1,0.09,0.9,0.9,Matches
479,Rodri,es ESP,FW,Betis,24,2000,1.3,0,2,2,100,1.53,1.53,0,0,22.6,0,0,0,0.2,0.2,0.08,-0.2,-0.2,Matches
480,Adrian Rodriguez,es ESP,GK,Alavés,23,2000,1.4,0,0,0,,0,0,,,,0,0,0,0,0,,0,0,Matches
481,Álvaro Rodríguez,uy URU,FW,Getafe,20,2004,9.5,2,25,10,40,2.64,1.06,0.08,0.2,16.8,0,0,0,1.2,1.2,0.05,0.8,0.8,Matches
482,Óscar Rodríguez Arnaiz,es ESP,"MF,FW",Leganés,26,1998,14.8,1,33,6,18.2,2.23,0.41,0.03,0.17,25.1,9,0,0,2.1,2.1,0.06,-1.1,-1.1,Matches
483,Arturo Rodríguez,es ESP,FW,Las Palmas,17,2006,0.2,0,0,0,,0,0,,,,0,0,0,0,0,,0,0,Matches
484,Damián Rodríguez,es ESP,MF,Celta Vigo,21,2003,10.3,0,4,0,0,0.39,0,0,,27.5,0,0,0,0.1,0.1,0.03,-0.1,-0.1,Matches
485,Dani Rodríguez,es ESP,"MF,FW",Mallorca,36,1988,24,4,31,10,32.3,1.29,0.42,0.13,0.4,17.9,1,0,0,2.8,2.8,0.09,1.2,1.2,Matches
486,Daniel Rodriguez,es ESP,FW,Barcelona,18,2005,0.4,0,2,0,0,4.86,0,0,,22.2,0,0,0,0,0,0.01,0,0,Matches
487,James Rodríguez,co COL,"MF,FW",Rayo Vallecano,33,1991,1.6,0,4,2,50,2.57,1.29,0,0,18.8,0,0,0,0.3,0.3,0.07,-0.3,-0.3,Matches
488,Javi Rodríguez,es ESP,DF,Celta Vigo,21,2003,27.9,3,12,5,41.7,0.43,0.18,0.25,0.6,10.8,0,0,0,2.3,2.3,0.2,0.7,0.7,Matches
489,Jesus Rodríguez,es ESP,FW,Betis,18,2005,12.3,2,23,8,34.8,1.86,0.65,0.09,0.25,17.9,0,0,0,2.3,2.3,0.1,-0.3,-0.3,Matches
490,Kirian Rodríguez,es ESP,MF,Las Palmas,28,1996,19.5,0,21,8,38.1,1.08,0.41,0,0,21.8,0,0,0,1.6,1.6,0.08,-1.6,-1.6,Matches
491,Ricardo Rodríguez,ch SUI,DF,Betis,31,1992,14.2,0,5,1,20,0.35,0.07,0,0,26.3,2,0,0,0.2,0.2,0.04,-0.2,-0.2,Matches
492,Rodrygo,br BRA,"FW,MF",Real Madrid,23,2001,21.4,6,54,20,37,2.52,0.93,0.11,0.3,16.4,3,0,0,4,3.9,0.07,2,2.1,Matches
493,Leo Román,es ESP,GK,Mallorca,24,2000,7,0,0,0,,0,0,,,,0,0,0,0,0,,0,0,Matches
494,Carlos Romero,es ESP,DF,Espanyol,22,2001,28.4,2,29,6,20.7,1.02,0.21,0.07,0.33,20.8,1,0,0,2,2,0.07,0,0,Matches
495,Isaac Romero,es ESP,FW,Sevilla,24,2000,24,4,53,17,32.1,2.21,0.71,0.08,0.24,16.9,0,0,1,6.8,6,0.11,-2.8,-2,Matches
496,Luka Romero,ar ARG,"FW,MF",Alavés,19,2004,2.2,0,1,0,0,0.45,0,0,,38.7,0,0,1,0.8,0,0.02,-0.8,0,Matches
497,Oriol Romeu,es ESP,MF,Girona,32,1991,15.1,0,5,1,20,0.33,0.07,0,0,22.5,0,0,0,0.1,0.1,0.03,-0.1,-0.1,Matches
498,Vitor Roque,br BRA,FW,Betis,19,2005,13.7,4,41,18,43.9,2.99,1.31,0.1,0.22,14.5,0,0,0,6.1,6.1,0.15,-2.1,-2.1,Matches
499,Valentin Rosier,fr FRA,DF,Leganés,27,1996,28.8,1,14,4,28.6,0.49,0.14,0.07,0.25,18.7,0,0,0,0.9,0.9,0.06,0.1,0.1,Matches
500,Antonio Rüdiger,de GER,DF,Real Madrid,31,1993,25.5,0,24,4,16.7,0.94,0.16,0,0,18,0,0,0,1.7,1.7,0.07,-1.7,-1.7,Matches
501,Aitor Ruibal,es ESP,"DF,FW",Betis,28,1996,14.6,1,16,4,25,1.1,0.27,0.06,0.25,19,0,0,0,0.9,0.9,0.06,0.1,0.1,Matches
502,Abel Ruiz,es ESP,FW,Girona,24,2000,15,4,21,7,33.3,1.4,0.47,0.14,0.43,14,0,1,2,4.6,3,0.14,-0.6,0,Matches
503,Ferrán Ruiz,es ESP,MF,Girona,21,2003,0.2,0,0,0,,0,0,,,,0,0,0,0,0,,0,0,Matches
504,Youssouf Sabaly,sn SEN,DF,Betis,31,1993,17.6,0,5,0,0,0.28,0,0,,20.3,0,0,0,0.2,0.2,0.04,-0.2,-0.2,Matches
505,Umar Sadiq,ng NGA,FW,Valencia,27,1997,9.2,5,20,7,35,2.18,0.76,0.25,0.71,13.2,0,0,0,3.4,3.4,0.19,1.6,1.6,Matches
506,Umar Sadiq,ng NGA,FW,Real Sociedad,27,1997,2.5,0,5,0,0,1.98,0,0,,18.7,0,0,0,0.2,0.2,0.04,-0.2,-0.2,Matches
507,Jorge Sáenz,es ESP,DF,Leganés,27,1996,18.8,1,8,3,37.5,0.43,0.16,0.13,0.33,8.9,0,0,0,1.3,1.3,0.16,-0.3,-0.3,Matches
508,Jan Salas,es ESP,"MF,FW",Mallorca,18,2005,0.5,0,2,0,0,4.19,0,0,,22.9,0,0,0,0.1,0.1,0.03,-0.1,-0.1,Matches
509,Kike Salas,es ESP,DF,Sevilla,22,2002,24.9,3,23,6,26.1,0.92,0.24,0.13,0.5,12.7,0,0,0,1.9,1.9,0.08,1.1,1.1,Matches
510,Albert Sambi Lokonga,be BEL,MF,Sevilla,24,1999,16.3,0,13,5,38.5,0.8,0.31,0,0,19.8,0,0,0,0.9,0.9,0.07,-0.9,-0.9,Matches
511,Chuky san jose,es ESP,MF,Valladolid,20,2004,8.1,2,16,7,43.8,1.98,0.87,0.13,0.29,19.3,0,0,0,2.2,2.2,0.14,-0.2,-0.2,Matches
512,Oihan Sancet,es ESP,MF,Athletic Club,24,2000,18,15,47,17,36.2,2.61,0.94,0.26,0.71,16.7,1,3,3,9.7,7.3,0.16,5.3,4.7,Matches
513,Antonio Sánchez,es ESP,"MF,DF",Mallorca,27,1997,15.5,0,17,2,11.8,1.1,0.13,0,0,19.3,0,0,0,1.1,1.1,0.06,-1.1,-1.1,Matches
514,Iván Sánchez,es ESP,"MF,FW",Valladolid,31,1992,15.6,2,15,5,33.3,0.96,0.32,0.13,0.4,21.1,2,0,0,0.7,0.7,0.04,1.3,1.3,Matches
515,Javi Sánchez,es ESP,DF,Valladolid,27,1997,22.5,2,11,5,45.5,0.49,0.22,0.18,0.4,23.5,5,0,0,0.5,0.5,0.04,1.5,1.5,Matches
516,Juanlu Sánchez,es ESP,"MF,DF",Sevilla,20,2003,19.1,4,13,6,46.2,0.68,0.31,0.31,0.67,12.1,0,0,0,2.1,2.1,0.17,1.9,1.9,Matches
517,Manu Sánchez,es ESP,DF,Alavés,23,2000,29.3,1,12,2,16.7,0.41,0.07,0.08,0.5,16.7,0,0,0,1.7,1.7,0.15,-0.7,-0.7,Matches
518,Maroan Sannadi,es ESP,FW,Athletic Club,23,2001,8.4,1,19,7,36.8,2.27,0.84,0.05,0.14,15.1,0,0,0,3.5,3.5,0.18,-2.5,-2.5,Matches
519,Jesús Santiago,es ESP,MF,Getafe,20,2004,4.1,0,1,0,0,0.24,0,0,,22.9,0,0,0,0,0,0.02,0,0,Matches
520,Aleksandar Sedlar,rs SRB,DF,Alavés,32,1991,6.6,0,1,0,0,0.15,0,0,,11.8,0,0,0,0,0,0.03,0,0,Matches
521,Sergi,es ESP,DF,Leganés,32,1992,32.9,2,13,5,38.5,0.4,0.15,0.15,0.4,10,0,0,0,1.5,1.5,0.11,0.5,0.5,Matches
522,Nicolás Serrano,es ESP,FW,Athletic Club,21,2003,1.2,0,5,1,20,4.02,0.8,0,0,24.6,0,0,0,0.2,0.2,0.03,-0.2,-0.2,Matches
523,Fábio Silva,pt POR,FW,Las Palmas,22,2002,20.7,10,46,20,43.5,2.22,0.96,0.17,0.4,14.8,0,2,3,8.8,6.4,0.14,1.2,1.6,Matches
524,Rui Silva,pt POR,GK,Betis,30,1994,15,0,0,0,,0,0,,,,0,0,0,0,0,,0,0,Matches
525,Giuliano Simeone,ar ARG,MF,Atlético Madrid,21,2002,21.4,2,22,7,31.8,1.03,0.33,0.09,0.29,14.5,0,0,0,2.2,2.2,0.1,-0.2,-0.2,Matches
526,Unai Simón,es ESP,GK,Athletic Club,27,1997,21,0,0,0,,0,0,,,,0,0,0,0,0,,0,0,Matches
527,Daley Sinkgraven,nl NED,DF,Las Palmas,29,1995,1,0,0,0,,0,0,,,,0,0,0,0,0,,0,0,Matches
528,Jailson Siqueira,br BRA,"DF,MF",Celta Vigo,28,1995,6.8,0,4,2,50,0.59,0.29,0,0,16.5,0,0,0,0.1,0.1,0.04,-0.1,-0.1,Matches
529,Antonio Sivera,es ESP,GK,Alavés,27,1996,31.2,0,0,0,,0,0,,,,0,0,0,0,0,,0,0,Matches
530,Justin Smith,ca CAN,MF,Espanyol,21,2003,2.3,0,0,0,,0,0,,,,0,0,0,0,0,,0,0,Matches
531,Alex Sola,es ESP,"MF,FW",Getafe,25,1999,11.4,0,15,2,13.3,1.31,0.17,0,0,18.6,0,0,0,1,1,0.06,-1,-1,Matches
532,Arnau Solà,es ESP,MF,Villarreal,21,2003,0.1,0,0,0,,0,0,,,,0,0,0,0,0,,0,0,Matches
533,Jhon Solis,co COL,MF,Girona,19,2004,5.9,1,4,1,25,0.67,0.17,0.25,1,16,0,0,0,0.7,0.7,0.16,0.3,0.3,Matches
534,David Soria,es ESP,GK,Getafe,31,1993,38,0,0,0,,0,0,,,,0,0,0,0,0,,0,0,Matches
535,Juan Soriano,es ESP,GK,Leganés,26,1997,6,0,0,0,,0,0,,,,0,0,0,0,0,,0,0,Matches
536,Hugo Sotelo,es ESP,MF,Celta Vigo,20,2003,13.9,0,4,0,0,0.29,0,0,,20.6,0,0,0,0.2,0.2,0.05,-0.2,-0.2,Matches
537,Djibril Sow,ch SUI,MF,Sevilla,27,1997,22.9,2,22,6,27.3,0.96,0.26,0.09,0.33,18.6,0,0,0,2.4,2.4,0.11,-0.4,-0.4,Matches
538,Carl Starfelt,se SWE,DF,Celta Vigo,29,1995,25.2,1,5,1,20,0.2,0.04,0.2,1,11.6,0,0,0,0.5,0.5,0.1,0.5,0.5,Matches
539,Orri Steinn Óskarsson,is ISL,FW,Real Sociedad,19,2004,10.5,3,19,7,36.8,1.81,0.67,0.16,0.43,13.1,0,0,0,5.2,5.2,0.27,-2.2,-2.2,Matches
540,Stoichkov,es ESP,"MF,FW",Alavés,30,1993,7.8,0,18,3,16.7,2.32,0.39,0,0,19.8,1,0,0,1.1,1.1,0.06,-1.1,-1.1,Matches
541,Cristhian Stuani,uy URU,FW,Girona,37,1986,12,11,31,16,51.6,2.59,1.34,0.26,0.5,12.7,0,3,3,8.1,5.8,0.19,2.9,2.2,Matches
542,Álex Suárez,es ESP,DF,Las Palmas,31,1993,27.3,0,6,3,50,0.22,0.11,0,0,14.9,0,0,0,0.5,0.5,0.09,-0.5,-0.5,Matches
543,Denis Suárez,es ESP,MF,Villarreal,30,1994,6.8,1,10,3,30,1.48,0.44,0.1,0.33,15.5,0,0,0,0.9,0.9,0.09,0.1,0.1,Matches
544,Luka Sučić,hr CRO,MF,Real Sociedad,21,2002,19.9,1,43,11,25.6,2.16,0.55,0.02,0.09,23.6,1,0,0,3.3,3.3,0.08,-2.3,-2.3,Matches
545,Suso,es ESP,"FW,MF",Sevilla,30,1993,6.7,0,16,4,25,2.38,0.59,0,0,22.9,2,0,0,0.7,0.7,0.05,-0.7,-0.7,Matches
546,Williot Swedberg,se SWE,"FW,MF",Celta Vigo,20,2004,15,4,32,15,46.9,2.14,1,0.13,0.27,14.7,0,0,0,5.2,5.2,0.17,-1.2,-1.2,Matches
547,Mamadou Sylla,sn SEN,"FW,MF",Valladolid,30,1994,17.6,5,18,3,16.7,1.02,0.17,0.06,0.33,17.4,0,4,4,5.1,2,0.11,-0.1,-1,Matches
548,Wojciech Szczęsny,pl POL,GK,Barcelona,34,1990,15,0,0,0,,0,0,,,,0,0,0,0,0,,0,0,Matches
549,Alexander Sørloth,no NOR,FW,Atlético Madrid,28,1995,17.4,20,78,40,51.3,4.48,2.3,0.24,0.48,12,0,1,1,16.8,16,0.21,3.2,3,Matches
550,Renato Tapia,pe PER,"MF,DF",Leganés,29,1995,26.9,1,14,6,42.9,0.52,0.22,0.07,0.17,29.1,0,0,0,0.6,0.6,0.05,0.4,0.4,Matches
551,César Tárrega,es ESP,DF,Valencia,22,2002,33.6,2,20,6,30,0.59,0.18,0.1,0.33,10.3,0,0,0,1.9,1.9,0.1,0.1,0.1,Matches
552,Aurélien Tchouaméni,fr FRA,"DF,MF",Real Madrid,24,2000,29.9,0,19,3,15.8,0.64,0.1,0,0,17.1,0,0,0,1.7,1.7,0.09,-1.7,-1.7,Matches
553,Álvaro Tejero,es ESP,"MF,DF",Espanyol,28,1996,13.8,1,17,4,23.5,1.24,0.29,0.06,0.25,26.1,6,0,0,0.6,0.6,0.04,0.4,0.4,Matches
554,Martín Tejón,es ESP,"MF,DF",Valencia,20,2004,0.5,0,1,0,0,1.84,0,0,,11.7,0,0,0,0.1,0.1,0.08,-0.1,-0.1,Matches
555,Nahuel Tenaglia,ar ARG,DF,Alavés,28,1996,32.5,2,27,8,29.6,0.83,0.25,0.07,0.25,15.5,0,0,0,2.2,2.2,0.08,-0.2,-0.2,Matches
556,Marc-André ter Stegen,de GER,GK,Barcelona,32,1992,7.5,0,0,0,,0,0,,,,0,0,0,0,0,,0,0,Matches
557,Ramón Terrats,es ESP,"MF,FW",Villarreal,23,2000,1.5,0,2,0,0,1.37,0,0,,21.2,0,0,0,0.1,0.1,0.03,-0.1,-0.1,Matches
558,Ramón Terrats,es ESP,"MF,FW",Getafe,23,2000,13.5,4,19,8,42.1,1.4,0.59,0.21,0.5,21.6,1,0,0,2.2,2.2,0.11,1.8,1.8,Matches
559,Raúl de Tomás,es ESP,"DF,FW",Rayo Vallecano,29,1994,0.2,0,0,0,,0,0,,,,0,0,0,0,0,,0,0,Matches
560,Pablo Torre,es ESP,"MF,FW",Barcelona,21,2003,3.4,3,6,4,66.7,1.74,1.16,0.5,0.75,23.5,1,0,0,0.4,0.4,0.06,2.6,2.6,Matches
561,David Torres,es ESP,DF,Valladolid,21,2003,15.4,0,3,1,33.3,0.19,0.06,0,0,10.1,0,0,0,0.3,0.3,0.09,-0.3,-0.3,Matches
562,Ferrán Torres,es ESP,"FW,MF",Barcelona,24,2000,12.3,10,48,22,45.8,3.91,1.79,0.21,0.45,14.6,2,0,0,8,8,0.17,2,2,Matches
563,Lucas Torró,es ESP,MF,Osasuna,30,1994,32.9,3,31,7,22.6,0.94,0.21,0.1,0.43,16,0,0,0,2.3,2.3,0.07,0.7,0.7,Matches
564,Hamari Traoré,ml MLI,DF,Real Sociedad,32,1992,7.8,0,1,0,0,0.13,0,0,,14.8,0,0,0,0,0,0.04,0,0,Matches
565,Óscar Trejo,ar ARG,MF,Rayo Vallecano,36,1988,5.5,1,5,2,40,0.91,0.36,0.2,0.5,16.5,0,0,0,0.6,0.6,0.12,0.4,0.4,Matches
566,Viktor Tsyhankov,ua UKR,"FW,MF",Girona,26,1997,21.3,2,35,9,25.7,1.65,0.42,0.06,0.22,19.9,5,0,0,2.8,2.8,0.08,-0.8,-0.8,Matches
567,Beñat Turrientes,es ESP,MF,Real Sociedad,22,2002,10.5,0,7,1,14.3,0.67,0.1,0,0,21.1,0,0,0,0.6,0.6,0.08,-0.6,-0.6,Matches
568,Christantus Uche,ng NGA,"FW,MF",Getafe,21,2003,27.6,4,50,14,28,1.81,0.51,0.08,0.29,17.1,0,0,0,3.8,3.8,0.08,0.2,0.2,Matches
569,Naci Ünüvar,nl NED,"MF,DF",Espanyol,21,2003,0.3,0,1,0,0,2.9,0,0,,14.2,0,0,0,0,0,0.05,0,0,Matches
570,Óscar Valentín,es ESP,MF,Rayo Vallecano,29,1994,20.4,0,5,1,20,0.25,0.05,0,0,12.3,0,0,0,0.4,0.4,0.09,-0.4,-0.4,Matches
571,Germán Valera,es ESP,MF,Valencia,22,2002,1.6,0,3,2,66.7,1.82,1.22,0,0,21.7,0,0,0,0.1,0.1,0.04,-0.1,-0.1,Matches
572,Martin Valjent,sk SVK,DF,Mallorca,28,1995,30.7,3,12,5,41.7,0.39,0.16,0.25,0.6,13.1,0,0,0,0.8,0.8,0.07,2.2,2.2,Matches
573,Jesús Vallejo,es ESP,DF,Real Madrid,27,1997,1.5,0,0,0,,0,0,,,,0,0,0,0,0,,0,0,Matches
574,Federico Valverde,uy URU,"MF,DF",Real Madrid,26,1998,33.7,6,57,22,38.6,1.69,0.65,0.11,0.27,26.8,5,0,0,2.7,2.7,0.05,3.3,3.3,Matches
575,Siebe Van Der Heyden,be BEL,"DF,MF",Mallorca,26,1998,1.1,0,1,0,0,0.93,0,0,,11.4,0,0,0,0,0,0.03,0,0,Matches
576,Ruben Vargas,ch SUI,"FW,MF",Sevilla,25,1998,7.5,2,17,5,29.4,2.28,0.67,0.12,0.4,13.8,0,0,0,2,2,0.12,0,0,Matches
577,José Luis García Vayá,es ESP,MF,Valencia,25,1998,19.4,2,12,4,33.3,0.62,0.21,0,0,25.8,1,2,2,2.1,0.5,0.04,-0.1,-0.5,Matches
578,Jesus Vazquez,es ESP,DF,Valencia,21,2003,10.2,0,5,1,20,0.49,0.1,0,0,26.4,0,0,0,0.1,0.1,0.03,-0.1,-0.1,Matches
579,Lucas Vázquez,es ESP,DF,Real Madrid,33,1991,24.3,1,15,3,20,0.62,0.12,0.07,0.33,17,1,0,0,1.4,1.4,0.1,-0.4,-0.4,Matches
580,Alejo Véliz,ar ARG,FW,Espanyol,20,2003,12.5,1,19,6,31.6,1.52,0.48,0.05,0.17,10.7,0,0,0,2.3,2.3,0.12,-1.3,-1.3,Matches
581,Mikel Vesga,es ESP,MF,Athletic Club,31,1993,11,0,5,2,40,0.46,0.18,0,0,21.6,0,0,1,1.2,0.4,0.08,-1.2,-0.4,Matches
582,Carlos Vicente,es ESP,"FW,MF",Alavés,25,1999,34.4,5,35,13,37.1,1.02,0.38,0.11,0.31,18.2,1,1,1,3.5,2.7,0.08,1.5,1.3,Matches
583,Pau Victor,es ESP,FW,Barcelona,22,2001,3.5,2,14,8,57.1,3.95,2.26,0.14,0.25,15.2,0,0,0,3,3,0.22,-1,-1,Matches
584,Nacho Vidal,es ESP,DF,Osasuna,29,1995,1.4,0,0,0,,0,0,,,,0,0,0,0,0,,0,0,Matches
585,Fran Vieites,es ESP,GK,Betis,25,1999,4,0,1,1,100,0.25,0.25,0,0,13,0,0,0,0,0,0.03,0,0,Matches
586,Sergio Viera,es ESP,MF,Las Palmas,19,2005,1.1,0,1,0,0,0.94,0,0,,13.5,0,0,0,0,0,0.02,0,0,Matches
587,Asier Villalibre,es ESP,FW,Alavés,26,1997,3.7,1,8,1,12.5,2.16,0.27,0,0,14.7,0,1,1,1.6,0.8,0.1,-0.6,-0.8,Matches
588,Iván Villar,es ESP,GK,Celta Vigo,27,1997,4,0,0,0,,0,0,,,,0,0,0,0,0,,0,0,Matches
589,Viti,es ESP,DF,Las Palmas,26,1997,22,0,3,2,66.7,0.14,0.09,0,0,25.7,0,0,0,0.1,0.1,0.02,-0.1,-0.1,Matches
590,Daniel Vivian,es ESP,DF,Athletic Club,25,1999,29,4,18,5,27.8,0.62,0.17,0.22,0.8,13.8,0,0,0,1.9,1.9,0.11,2.1,2.1,Matches
591,Krapyvtsov Vladyslav,ua UKR,GK,Girona,19,2005,2,0,0,0,,0,0,,,,0,0,0,0,0,,0,0,Matches
592,Iñaki Williams,gh GHA,FW,Athletic Club,30,1994,29.5,6,63,24,38.1,2.14,0.81,0.1,0.25,16.4,0,0,0,7.6,7.6,0.12,-1.6,-1.6,Matches
593,Nico Williams,es ESP,FW,Athletic Club,22,2002,22.2,5,54,19,35.2,2.43,0.86,0.09,0.26,17.6,1,0,0,4.2,4.2,0.08,0.8,0.8,Matches
594,Axel Witsel,be BEL,DF,Atlético Madrid,35,1989,9.5,0,1,0,0,0.11,0,0,,10.1,0,0,0,0,0,0.03,0,0,Matches
595,Lamine Yamal,es ESP,FW,Barcelona,17,2007,31.7,9,144,46,31.9,4.54,1.45,0.06,0.2,19.4,0,0,0,9.8,9.8,0.07,-0.8,-0.8,Matches
596,Daniel Yáñez,es ESP,FW,Real Madrid,17,2007,0,0,0,0,,0,0,,,,0,0,0,0,0,,0,0,Matches
597,Bertuğ Yıldırım,tr TUR,FW,Getafe,22,2002,12,1,19,7,36.8,1.58,0.58,0.05,0.14,11.4,0,0,0,2.5,2.5,0.13,-1.5,-1.5,Matches
598,Arsen Zakharyan,ru RUS,"MF,FW",Real Sociedad,21,2003,0.8,1,4,2,50,4.93,2.47,0.25,0.5,22.7,0,0,0,0.2,0.2,0.05,0.8,0.8,Matches
599,Bryan Zaragoza,es ESP,"FW,MF",Osasuna,23,2001,20.4,1,42,13,31,2.06,0.64,0.02,0.08,20.2,0,0,0,2.7,2.7,0.06,-1.7,-1.7,Matches
600,Igor Zubeldia,es ESP,DF,Real Sociedad,27,1997,25.2,0,12,4,33.3,0.48,0.16,0,0,17.1,0,0,0,0.6,0.6,0.05,-0.6,-0.6,Matches
601,Martín Zubimendi,es ESP,MF,Real Sociedad,25,1999,32.9,2,24,6,25,0.73,0.18,0.08,0.33,13.9,0,0,0,2.6,2.6,0.11,-0.6,-0.6,Matches